ID,Warehouse_block,Mode_of_Shipment,Customer_care_calls,Customer_rating,Cost_of_the_Product,Prior_purchases,Product_importance,Gender,Discount_offered,Weight_in_gms,Reached.on.Time_Y.N,Predicted_Delay,Delay_Confidence_%
1,D,Flight,4,2,177,3,low,F,44,1233,1,Yes,99.8
2,F,Flight,4,5,216,2,low,M,59,3088,1,Yes,100.0
3,A,Flight,2,2,183,4,low,M,48,3374,1,Yes,100.0
4,B,Flight,3,3,176,4,medium,M,10,1177,1,Yes,54.5
5,C,Flight,2,2,184,3,medium,F,46,2484,1,Yes,100.0
6,F,Flight,3,1,162,3,medium,F,12,1417,1,Yes,99.9
7,D,Flight,3,4,250,3,low,F,3,2371,1,Yes,93.7
8,F,Flight,4,1,233,2,low,F,48,2804,1,Yes,100.0
9,A,Flight,3,4,150,3,low,F,11,1861,1,Yes,99.9
10,B,Flight,3,2,164,3,medium,F,29,1187,1,Yes,99.9
11,C,Flight,3,4,189,2,medium,M,12,2888,1,Yes,100.0
12,F,Flight,4,5,232,3,medium,F,32,3253,1,Yes,100.0
13,D,Flight,3,5,198,3,medium,F,1,3667,1,Yes,93.4
14,F,Flight,4,4,275,3,high,M,29,2602,1,Yes,100.0
15,A,Flight,4,3,152,3,low,M,43,1009,1,Yes,99.8
16,B,Flight,4,3,227,3,low,F,45,2707,1,Yes,100.0
17,C,Flight,3,4,143,2,medium,F,6,1194,1,Yes,83.2
18,F,Ship,5,5,227,3,medium,M,36,3952,1,Yes,100.0
19,D,Ship,5,5,239,3,high,M,18,2495,1,Yes,100.0
20,F,Ship,4,5,145,3,medium,M,45,1059,1,Yes,99.8
21,A,Ship,3,3,161,2,medium,F,38,1521,1,Yes,99.9
22,B,Ship,3,1,232,4,medium,F,51,2899,1,Yes,100.0
23,C,Ship,2,5,156,2,low,M,2,1750,1,Yes,81.5
24,F,Ship,4,3,211,3,high,M,12,3922,1,Yes,100.0
25,D,Ship,4,5,251,2,medium,F,28,3561,1,Yes,100.0
26,F,Ship,3,1,225,4,low,M,29,3496,1,Yes,100.0
27,A,Ship,4,1,172,3,high,F,24,1066,1,Yes,99.8
28,B,Ship,5,1,162,3,medium,M,31,1435,1,Yes,99.8
29,C,Ship,2,3,234,4,low,M,44,3134,1,Yes,100.0
30,F,Ship,5,4,183,2,low,F,36,3819,1,Yes,100.0
31,D,Ship,3,4,266,2,medium,F,38,2741,1,Yes,100.0
32,F,Ship,5,3,257,2,low,F,61,3341,1,Yes,100.0
33,A,Ship,3,1,223,3,low,F,22,3795,1,Yes,100.0
34,B,Ship,4,2,234,3,medium,M,4,3261,1,Yes,93.3
35,C,Ship,4,2,227,4,medium,F,22,2460,1,Yes,100.0
36,F,Ship,5,4,149,3,medium,F,44,1811,1,Yes,99.8
37,D,Ship,3,5,137,4,high,F,62,1477,1,Yes,99.7
38,F,Ship,2,4,181,6,medium,F,16,3605,1,Yes,100.0
39,A,Ship,5,1,215,4,low,F,56,3905,1,Yes,100.0
40,B,Ship,4,2,269,5,low,F,45,2383,1,Yes,100.0
41,C,Ship,5,1,227,2,low,M,15,3798,1,Yes,100.0
42,F,Ship,5,5,139,4,medium,M,61,1265,1,Yes,99.5
43,D,Ship,3,5,137,2,medium,M,38,1647,1,Yes,99.9
44,F,Ship,3,1,174,2,low,M,44,1556,1,Yes,99.9
45,A,Ship,3,1,151,2,low,M,29,1328,1,Yes,99.9
46,B,Ship,5,1,210,3,low,F,9,2944,1,Yes,93.7
47,C,Ship,3,4,169,4,medium,F,32,1245,1,Yes,99.7
48,F,Ship,5,1,160,2,low,M,32,1576,1,Yes,99.7
49,D,Ship,5,4,190,2,medium,M,9,3753,1,Yes,91.5
50,F,Ship,5,3,216,3,low,F,40,2146,1,Yes,100.0
51,A,Ship,4,1,183,3,low,M,37,2042,1,Yes,100.0
52,B,Ship,4,4,141,3,low,M,22,1735,1,Yes,99.8
53,C,Ship,4,3,165,3,low,F,44,1320,1,Yes,99.8
54,F,Ship,2,1,170,3,low,M,41,1128,1,Yes,99.8
55,D,Ship,4,3,203,3,high,M,12,3539,1,Yes,100.0
56,F,Ship,2,5,246,5,low,M,46,2437,1,Yes,100.0
57,A,Ship,3,3,238,3,low,F,61,3096,1,Yes,100.0
58,B,Ship,3,3,193,3,medium,F,29,3453,1,Yes,100.0
59,C,Ship,5,5,141,3,high,M,41,1367,1,Yes,99.8
60,F,Ship,4,1,150,3,high,F,17,1923,1,Yes,99.8
61,D,Ship,3,1,221,3,low,F,64,2794,1,Yes,100.0
62,F,Ship,3,3,179,3,medium,M,52,1158,1,Yes,99.9
63,A,Ship,5,1,105,6,medium,M,62,1292,1,Yes,99.5
64,B,Ship,3,1,177,3,medium,M,61,1880,1,Yes,99.9
65,C,Ship,4,5,261,2,high,M,49,3045,1,Yes,100.0
66,F,Ship,3,2,202,3,low,M,49,2881,1,Yes,100.0
67,D,Ship,3,2,109,3,medium,F,15,1710,1,Yes,99.8
68,F,Ship,3,3,158,3,low,F,6,1878,1,Yes,85.9
69,A,Ship,4,2,231,4,medium,F,6,2512,1,Yes,72.8
70,B,Ship,3,5,206,3,medium,M,39,2929,1,Yes,100.0
71,C,Ship,5,1,187,4,high,M,14,3849,1,Yes,100.0
72,F,Ship,5,5,230,2,low,F,2,2229,1,Yes,92.2
73,D,Ship,5,5,232,3,medium,F,33,2998,1,Yes,100.0
74,F,Ship,4,5,215,3,medium,F,21,3984,1,Yes,100.0
75,A,Ship,6,1,238,6,low,F,13,2442,1,Yes,100.0
76,B,Ship,4,1,266,3,low,F,23,3775,1,Yes,100.0
77,C,Ship,2,3,158,2,medium,F,36,1788,1,Yes,99.8
78,F,Ship,3,3,113,3,low,F,43,1518,1,Yes,99.9
79,D,Ship,3,4,223,3,low,M,18,3959,1,Yes,100.0
80,F,Ship,3,5,257,2,medium,F,56,3711,1,Yes,100.0
81,A,Ship,3,4,180,2,medium,F,49,1942,1,Yes,99.9
82,B,Ship,2,5,132,3,low,M,18,1759,1,Yes,99.8
83,C,Ship,4,4,217,3,high,F,26,2875,1,Yes,100.0
84,F,Ship,5,5,162,3,high,F,31,1364,1,Yes,99.8
85,D,Ship,4,5,197,2,medium,F,40,2710,1,Yes,100.0
86,F,Ship,3,4,197,3,medium,M,13,2148,1,Yes,100.0
87,A,Ship,4,1,185,2,low,M,44,2910,1,Yes,100.0
88,B,Ship,6,2,278,3,medium,F,3,2974,1,Yes,90.0
89,C,Ship,3,3,229,3,low,M,49,2339,1,Yes,100.0
90,F,Ship,4,1,186,4,medium,F,57,3880,1,Yes,100.0
91,D,Ship,5,3,174,6,high,F,41,1085,1,Yes,99.5
92,F,Ship,5,5,286,3,low,F,18,3163,1,Yes,100.0
93,A,Ship,4,4,175,2,medium,F,7,1188,1,Yes,81.5
94,B,Ship,3,3,219,3,medium,F,17,3387,1,Yes,100.0
95,C,Ship,4,1,213,4,high,F,35,2343,1,Yes,100.0
96,F,Ship,2,3,235,3,low,M,57,2034,1,Yes,100.0
97,D,Ship,3,3,149,2,medium,M,18,1225,1,Yes,99.9
98,F,Ship,4,1,271,2,medium,F,8,2401,1,Yes,92.4
99,A,Ship,3,5,144,4,medium,M,5,1104,1,Yes,54.5
100,B,Ship,4,2,145,2,medium,M,21,1617,1,Yes,99.8
101,C,Ship,5,3,143,2,medium,M,59,1837,1,Yes,99.7
102,F,Ship,5,5,227,4,low,M,53,2624,1,Yes,100.0
103,D,Ship,2,1,213,3,low,M,29,2732,1,Yes,100.0
104,F,Ship,5,1,144,4,low,M,37,1658,1,Yes,99.5
105,A,Ship,3,3,218,3,low,M,3,2255,1,Yes,93.7
106,B,Ship,4,2,144,3,medium,M,59,1588,1,Yes,99.8
107,C,Ship,3,1,238,3,low,M,17,2624,1,Yes,100.0
108,F,Ship,4,5,216,3,high,M,26,2053,1,Yes,100.0
109,D,Ship,4,5,238,3,high,F,55,3257,1,Yes,100.0
110,F,Ship,4,1,141,3,medium,M,47,1250,1,Yes,99.8
111,A,Road,3,1,158,2,low,M,2,1284,1,Yes,82.9
112,B,Road,4,2,239,3,low,F,65,3679,1,Yes,100.0
113,C,Road,4,3,175,2,low,M,25,1816,1,Yes,99.8
114,F,Road,3,2,263,3,low,M,41,2817,1,Yes,100.0
115,D,Road,3,5,168,2,high,M,50,1616,1,Yes,99.9
116,F,Road,3,4,176,3,high,M,36,1779,1,Yes,99.8
117,A,Road,4,1,150,4,high,M,60,1024,1,Yes,99.5
118,B,Road,4,3,265,2,medium,F,31,2326,1,Yes,100.0
119,C,Road,2,5,263,3,low,F,5,2947,1,Yes,93.4
120,F,Road,5,1,145,3,low,M,20,1387,1,Yes,99.8
121,D,Road,4,2,183,3,low,F,33,2741,1,Yes,100.0
122,F,Road,3,3,205,3,medium,F,19,2167,1,Yes,100.0
123,A,Road,4,2,160,3,low,M,64,1714,1,Yes,99.8
124,B,Road,3,3,252,2,medium,F,48,2102,1,Yes,100.0
125,C,Road,5,5,222,3,low,M,10,2280,1,Yes,94.2
126,F,Road,3,3,203,2,low,M,25,3607,1,Yes,100.0
127,D,Road,4,5,220,3,medium,M,40,3516,1,Yes,100.0
128,F,Road,3,3,147,4,low,F,60,1722,1,Yes,99.7
129,A,Road,4,4,200,4,medium,M,16,2060,1,Yes,100.0
130,B,Road,4,5,224,4,medium,M,21,2026,1,Yes,100.0
131,C,Road,3,5,179,2,low,F,17,1364,1,Yes,99.9
132,F,Road,3,4,144,3,low,M,50,1865,1,Yes,99.9
133,D,Flight,5,2,247,3,low,M,17,3889,1,Yes,100.0
134,F,Flight,5,4,280,6,medium,F,51,3582,1,Yes,100.0
135,A,Flight,3,3,168,2,medium,F,1,1829,1,Yes,83.1
136,B,Flight,3,5,157,3,medium,F,4,1889,1,Yes,85.6
137,C,Flight,3,3,189,4,medium,F,51,2208,1,Yes,100.0
138,F,Flight,3,5,162,2,medium,M,7,1739,1,Yes,83.2
139,D,Flight,4,1,207,5,low,M,48,2399,1,Yes,100.0
140,F,Flight,5,1,237,2,low,F,10,3860,1,Yes,91.9
141,A,Flight,4,4,264,3,high,M,59,2020,1,Yes,100.0
142,B,Flight,5,4,149,3,low,M,51,1645,1,Yes,99.8
143,C,Flight,5,5,162,3,low,M,41,1462,1,Yes,99.8
144,F,Flight,2,1,205,4,medium,F,63,2156,1,Yes,100.0
145,D,Flight,2,1,158,3,medium,F,51,1540,1,Yes,99.8
146,F,Flight,2,2,248,2,low,M,46,3707,1,Yes,100.0
147,A,Flight,3,5,191,3,low,M,23,3750,1,Yes,100.0
148,B,Flight,4,3,146,4,medium,F,24,1844,1,Yes,99.5
149,C,Flight,3,3,135,3,low,M,56,1490,1,Yes,99.9
150,F,Flight,5,1,149,3,low,M,40,1062,1,Yes,99.7
151,D,Flight,4,4,220,2,medium,F,7,2551,1,Yes,93.0
152,F,Flight,5,3,98,5,medium,M,44,1269,1,Yes,99.5
153,A,Flight,3,4,97,4,low,M,32,1238,1,Yes,99.7
154,B,Flight,3,3,183,2,low,M,53,3932,1,Yes,100.0
155,C,Ship,3,3,162,3,medium,F,8,1869,1,Yes,85.1
156,F,Ship,5,1,114,4,low,F,47,1443,1,Yes,99.5
157,D,Ship,6,3,275,5,low,M,41,2491,1,Yes,100.0
158,F,Ship,3,2,203,2,medium,F,39,3845,1,Yes,100.0
159,A,Ship,5,5,205,2,high,M,65,3671,1,Yes,100.0
160,B,Ship,3,3,149,3,low,F,63,1946,1,Yes,99.9
161,C,Ship,2,2,112,4,medium,M,56,1138,1,Yes,99.7
162,F,Ship,3,1,207,3,medium,F,56,3482,1,Yes,100.0
163,D,Ship,4,1,261,4,low,F,58,3427,1,Yes,100.0
164,F,Ship,5,2,274,3,medium,M,6,3375,1,Yes,94.7
165,A,Ship,3,5,141,2,low,M,52,1692,1,Yes,99.9
166,B,Ship,3,3,166,4,medium,F,17,1498,1,Yes,99.7
167,C,Ship,5,2,141,3,high,F,34,1020,1,Yes,99.7
168,F,Ship,4,5,152,3,low,M,43,1709,1,Yes,99.8
169,D,Ship,4,2,250,3,low,F,53,2478,1,Yes,100.0
170,F,Ship,4,3,161,3,medium,F,28,1809,1,Yes,99.8
171,A,Ship,4,3,185,3,medium,F,10,2263,1,Yes,93.8
172,B,Ship,4,4,176,4,high,F,52,1096,1,Yes,99.5
173,C,Ship,3,4,148,3,low,M,56,1550,1,Yes,99.9
174,F,Ship,3,2,270,3,low,F,63,2751,1,Yes,100.0
175,D,Ship,3,3,242,3,low,F,51,3935,1,Yes,100.0
176,F,Ship,4,4,150,2,medium,M,3,1285,1,Yes,80.6
177,A,Ship,4,5,192,3,high,M,20,3872,1,Yes,100.0
178,B,Ship,4,5,116,3,medium,M,54,1314,1,Yes,99.8
179,C,Ship,3,3,192,3,medium,F,2,3995,1,Yes,85.1
180,F,Ship,5,5,255,4,medium,M,3,3440,1,Yes,73.9
181,D,Ship,4,1,161,7,medium,F,18,1294,1,Yes,99.5
182,F,Ship,4,5,157,3,low,M,20,1487,1,Yes,99.8
183,A,Ship,3,2,164,10,high,F,28,1940,1,Yes,99.8
184,B,Ship,3,5,162,7,medium,F,16,1052,1,Yes,99.8
185,C,Ship,3,3,146,2,low,M,50,1486,1,Yes,99.9
186,F,Ship,3,2,209,3,medium,M,54,3001,1,Yes,100.0
187,D,Ship,5,4,134,2,medium,F,55,1386,1,Yes,99.7
188,F,Ship,2,1,222,2,medium,M,5,3778,1,Yes,92.3
189,A,Ship,2,5,139,3,low,F,27,1233,1,Yes,99.8
190,B,Ship,2,4,134,3,low,F,42,1415,1,Yes,99.8
191,C,Ship,2,5,130,3,low,M,16,1092,1,Yes,99.8
192,F,Ship,2,5,133,3,low,F,62,1596,1,Yes,99.8
193,D,Ship,2,4,140,3,low,F,7,1411,1,Yes,84.8
194,F,Ship,2,2,158,3,low,M,28,1968,1,Yes,99.8
195,A,Ship,4,2,270,4,low,F,46,1736,1,Yes,99.5
196,B,Ship,2,5,140,3,low,F,30,1030,1,Yes,99.8
197,C,Ship,2,2,135,3,low,M,15,1339,1,Yes,99.8
198,F,Ship,2,3,136,3,low,F,19,1568,1,Yes,99.8
199,D,Ship,2,3,142,3,medium,F,38,7640,1,Yes,94.8
200,F,Ship,2,2,154,3,medium,M,38,7846,1,Yes,94.8
201,A,Ship,2,3,139,3,low,M,9,1471,1,Yes,84.3
202,B,Ship,2,3,160,3,low,F,43,1251,1,Yes,99.8
203,C,Ship,2,4,134,3,low,M,58,1067,1,Yes,99.8
204,F,Ship,5,3,161,5,high,M,48,1883,1,Yes,99.5
205,D,Ship,2,5,155,3,low,M,23,1602,1,Yes,99.8
206,F,Ship,2,3,145,3,medium,F,24,7588,1,Yes,94.8
207,A,Ship,2,2,157,3,low,M,1,1477,1,Yes,83.5
208,B,Ship,2,2,160,3,low,M,48,1691,1,Yes,99.8
209,C,Ship,2,4,152,3,low,M,55,1498,1,Yes,99.8
210,F,Ship,2,5,148,3,high,F,11,1502,1,Yes,99.8
211,D,Ship,2,1,127,3,low,F,15,1522,1,Yes,99.8
212,F,Ship,2,5,154,3,low,F,21,1113,1,Yes,99.8
213,A,Ship,2,5,127,3,low,M,44,1341,1,Yes,99.8
214,B,Ship,2,5,160,3,medium,F,31,7401,1,Yes,94.8
215,C,Ship,2,4,129,3,low,F,48,1219,1,Yes,99.8
216,F,Ship,2,5,158,3,low,F,40,1722,1,Yes,99.8
217,D,Ship,4,3,185,3,medium,M,3,3131,1,Yes,93.0
218,F,Ship,4,4,176,4,high,F,63,1293,1,Yes,99.5
219,A,Ship,3,4,148,3,low,M,37,1523,1,Yes,99.9
220,B,Ship,3,5,270,3,low,M,60,3885,1,Yes,100.0
221,C,Ship,3,4,242,3,low,M,29,2381,1,Yes,100.0
222,F,Ship,4,3,150,2,medium,M,31,1588,1,Yes,99.8
223,D,Ship,4,2,192,3,high,M,4,2061,1,Yes,93.3
224,F,Ship,4,5,116,3,medium,F,9,1314,1,Yes,83.1
225,A,Ship,3,4,192,3,medium,F,31,3331,1,Yes,100.0
226,B,Ship,5,4,255,4,medium,F,38,2771,1,Yes,100.0
227,C,Ship,4,3,161,7,medium,M,63,1496,1,Yes,99.5
228,F,Ship,4,2,157,3,low,F,48,1393,1,Yes,99.8
229,D,Ship,3,2,164,10,high,M,14,1375,1,Yes,99.8
230,F,Ship,3,3,162,7,medium,F,42,1278,1,Yes,99.8
231,A,Ship,3,1,146,2,low,F,54,1528,1,Yes,99.9
232,B,Ship,3,4,209,3,medium,F,60,2240,1,Yes,100.0
233,C,Ship,5,5,134,2,medium,M,53,1088,1,Yes,99.7
234,F,Ship,2,1,222,2,medium,M,58,3626,1,Yes,100.0
235,D,Ship,2,1,139,3,low,F,39,1582,1,Yes,99.8
236,F,Ship,2,2,134,3,low,M,38,1352,1,Yes,99.8
237,A,Ship,2,3,130,3,low,F,48,1801,1,Yes,99.8
238,B,Ship,2,2,133,3,low,M,5,1268,1,Yes,85.0
239,C,Ship,2,3,140,3,low,F,23,1372,1,Yes,99.8
240,F,Ship,2,3,158,3,low,M,10,1515,1,Yes,86.3
241,D,Ship,4,5,270,4,low,M,65,1818,1,Yes,99.5
242,F,Ship,2,4,140,3,low,F,33,1278,1,Yes,99.8
243,A,Ship,2,2,135,3,low,M,58,1734,1,Yes,99.8
244,B,Ship,2,4,136,3,low,M,43,1958,1,Yes,99.8
245,C,Ship,2,1,142,3,medium,F,8,6064,1,Yes,52.6
246,F,Ship,2,4,154,3,medium,F,48,7684,1,Yes,94.8
247,D,Ship,2,3,139,3,low,F,3,1788,1,Yes,84.4
248,F,Road,2,4,160,3,low,F,50,1030,1,Yes,99.8
249,A,Road,2,2,134,3,low,F,38,1530,1,Yes,99.8
250,B,Road,5,5,161,5,high,F,54,1511,1,Yes,99.5
251,C,Road,2,3,155,3,low,F,45,1639,1,Yes,99.8
252,F,Road,2,2,145,3,medium,F,5,6102,1,Yes,51.0
253,D,Road,2,1,157,3,low,M,58,1930,1,Yes,99.8
254,F,Road,2,5,160,3,low,F,19,1399,1,Yes,99.8
255,A,Road,2,2,152,3,low,F,61,1800,1,Yes,99.8
256,B,Road,2,2,148,3,high,F,35,1349,1,Yes,99.8
257,C,Road,2,2,127,3,low,M,13,1128,1,Yes,99.8
258,F,Road,2,2,129,3,medium,F,22,6614,1,Yes,93.7
259,D,Road,2,3,158,3,low,F,13,1245,1,Yes,99.8
260,F,Road,2,4,147,3,low,M,5,1920,1,Yes,85.5
261,A,Road,2,5,159,3,low,F,49,1621,1,Yes,99.8
262,B,Road,2,3,151,3,low,F,23,1930,1,Yes,99.8
263,C,Road,3,1,294,4,low,F,52,1089,1,Yes,99.7
264,F,Road,3,2,226,2,medium,M,45,1446,1,Yes,99.9
265,D,Road,5,3,271,5,high,M,9,1813,1,No,45.4
266,F,Road,7,2,203,5,medium,F,61,1856,1,Yes,99.5
267,A,Road,2,3,264,4,low,F,10,1648,1,Yes,55.1
268,B,Road,4,1,258,3,medium,M,36,2211,1,Yes,100.0
269,C,Road,3,5,241,3,low,F,21,3078,1,Yes,100.0
270,F,Flight,4,5,208,3,medium,M,23,2056,1,Yes,100.0
271,D,Flight,3,2,209,5,medium,F,12,3054,1,Yes,100.0
272,F,Flight,5,1,182,2,medium,F,23,2707,1,Yes,100.0
273,A,Flight,4,5,148,2,medium,F,43,1087,1,Yes,99.8
274,B,Flight,2,3,183,2,medium,F,52,3199,1,Yes,100.0
275,C,Flight,3,5,229,6,medium,M,22,2717,1,Yes,100.0
276,F,Flight,5,5,115,5,low,F,26,1692,1,Yes,99.5
277,D,Flight,4,2,136,3,low,F,65,1962,1,Yes,99.8
278,F,Flight,4,4,212,3,low,M,21,3307,1,Yes,100.0
279,A,Flight,4,3,171,3,low,F,24,1304,1,Yes,99.8
280,B,Flight,3,1,151,2,low,M,60,1925,1,Yes,99.9
281,C,Flight,3,1,205,3,medium,M,39,3062,1,Yes,100.0
282,F,Flight,5,4,147,3,medium,M,23,1132,1,Yes,99.7
283,D,Flight,3,3,155,3,low,F,29,1712,1,Yes,99.8
284,F,Flight,5,4,165,3,low,F,20,1150,1,Yes,99.7
285,A,Flight,5,5,230,3,low,F,32,3249,1,Yes,100.0
286,B,Flight,2,4,181,4,medium,M,13,2309,1,Yes,100.0
287,C,Flight,5,3,234,2,low,F,55,3308,1,Yes,100.0
288,F,Flight,4,4,149,3,low,M,34,1977,1,Yes,99.8
289,D,Flight,5,5,156,2,low,M,44,1561,1,Yes,99.7
290,F,Flight,4,2,172,3,medium,F,59,1858,1,Yes,99.8
291,A,Flight,4,4,270,3,low,M,12,3279,1,Yes,100.0
292,B,Ship,4,1,206,3,medium,M,23,3807,1,Yes,100.0
293,C,Ship,4,3,211,4,medium,M,40,3106,1,Yes,100.0
294,F,Ship,3,2,136,4,low,M,62,1090,1,Yes,99.7
295,D,Ship,5,1,186,2,high,F,52,3981,1,Yes,100.0
296,F,Ship,3,1,202,2,medium,M,62,3398,1,Yes,100.0
297,A,Ship,4,2,183,3,medium,F,12,3646,1,Yes,100.0
298,B,Ship,4,4,232,2,low,M,36,2861,1,Yes,100.0
299,C,Ship,4,2,147,4,medium,M,52,1129,1,Yes,99.5
300,F,Ship,4,3,136,3,medium,M,20,1531,1,Yes,99.8
301,D,Ship,5,3,127,3,low,F,43,1446,1,Yes,99.8
302,F,Ship,4,5,202,2,medium,M,35,3695,1,Yes,100.0
303,A,Ship,3,4,241,2,low,M,57,3671,1,Yes,100.0
304,B,Ship,4,3,222,2,medium,M,55,3833,1,Yes,100.0
305,C,Ship,3,2,183,4,medium,F,12,2777,1,Yes,100.0
306,F,Ship,4,4,249,3,medium,F,36,3769,1,Yes,100.0
307,D,Ship,3,1,243,4,high,M,59,3838,1,Yes,100.0
308,F,Ship,3,3,163,3,medium,M,9,1257,1,Yes,85.0
309,A,Ship,4,2,165,2,high,M,11,1596,1,Yes,99.8
310,B,Ship,5,5,266,3,medium,F,53,3089,1,Yes,100.0
311,C,Ship,3,4,193,2,medium,M,48,3909,1,Yes,100.0
312,F,Ship,3,2,154,3,low,F,56,1136,1,Yes,99.9
313,D,Ship,3,3,140,3,medium,M,51,1046,1,Yes,99.9
314,F,Ship,4,3,272,3,medium,M,38,3705,1,Yes,100.0
315,A,Ship,4,2,143,6,medium,M,20,1654,1,Yes,99.0
316,B,Ship,4,2,138,3,low,F,30,1805,1,Yes,99.8
317,C,Ship,4,2,238,2,high,M,17,3358,1,Yes,100.0
318,F,Ship,4,5,273,4,medium,F,31,2373,1,Yes,100.0
319,D,Ship,3,1,200,2,medium,M,27,2551,1,Yes,100.0
320,F,Ship,4,5,213,4,low,M,39,2381,1,Yes,100.0
321,A,Ship,3,4,224,2,medium,F,15,2701,1,Yes,100.0
322,B,Ship,4,5,141,3,medium,M,12,1672,1,Yes,99.8
323,C,Ship,3,3,150,3,low,M,46,1040,1,Yes,99.9
324,F,Ship,3,1,192,2,low,M,33,2818,1,Yes,100.0
325,D,Ship,5,1,279,4,medium,F,24,3440,1,Yes,100.0
326,F,Ship,3,4,246,3,medium,M,30,3748,1,Yes,100.0
327,A,Ship,3,4,173,3,medium,M,52,1587,1,Yes,99.9
328,B,Ship,4,4,233,4,medium,F,59,2358,1,Yes,100.0
329,C,Ship,5,1,274,2,medium,M,24,2423,1,Yes,100.0
330,F,Ship,4,5,243,4,medium,F,41,2782,1,Yes,100.0
331,D,Ship,3,4,197,3,medium,F,56,3427,1,Yes,100.0
332,F,Ship,4,3,140,3,high,F,46,1072,1,Yes,99.8
333,A,Ship,3,5,215,3,medium,F,22,2585,1,Yes,100.0
334,B,Ship,3,4,211,3,medium,M,8,3710,1,Yes,93.4
335,C,Ship,4,2,220,5,low,M,33,2854,1,Yes,100.0
336,F,Ship,3,1,194,4,low,M,64,2026,1,Yes,100.0
337,D,Ship,5,1,262,3,medium,F,58,3599,1,Yes,100.0
338,F,Ship,4,4,201,2,low,F,1,3147,1,Yes,92.1
339,A,Ship,3,5,261,3,medium,M,15,2989,1,Yes,100.0
340,B,Ship,4,4,191,6,low,F,60,3425,1,Yes,100.0
341,C,Ship,2,5,255,5,medium,F,53,3775,1,Yes,100.0
342,F,Ship,3,2,169,2,high,M,30,1698,1,Yes,99.8
343,D,Ship,4,5,162,2,medium,M,64,1918,1,Yes,99.8
344,F,Ship,2,5,248,6,low,F,62,2750,1,Yes,100.0
345,A,Ship,5,3,197,4,low,F,2,2222,1,Yes,73.9
346,B,Ship,5,1,264,3,low,M,6,2882,1,Yes,94.7
347,C,Ship,5,5,260,2,medium,F,55,2791,1,Yes,100.0
348,F,Ship,5,3,186,2,medium,F,58,2259,1,Yes,100.0
349,D,Ship,4,5,233,4,low,F,44,2551,1,Yes,100.0
350,F,Ship,5,1,161,3,low,M,47,1954,1,Yes,99.9
351,A,Ship,4,5,188,3,low,F,13,2409,1,Yes,100.0
352,B,Ship,5,5,171,2,medium,F,22,1695,1,Yes,99.7
353,C,Ship,2,2,267,3,medium,M,15,2481,1,Yes,100.0
354,F,Ship,4,3,255,2,high,M,47,2956,1,Yes,100.0
355,D,Ship,3,2,132,3,low,F,56,1303,1,Yes,99.9
356,F,Ship,5,1,266,3,low,F,31,3157,1,Yes,100.0
357,A,Ship,3,4,198,2,low,M,25,2774,1,Yes,100.0
358,B,Ship,2,3,247,2,medium,F,62,3127,1,Yes,100.0
359,C,Ship,3,1,140,3,medium,F,65,1291,1,Yes,99.9
360,F,Ship,4,3,131,5,low,M,6,1659,1,No,46.4
361,D,Ship,5,2,246,3,medium,M,49,3236,1,Yes,100.0
362,F,Ship,3,2,159,3,medium,F,4,1681,1,Yes,85.3
363,A,Ship,3,5,203,2,medium,M,61,3642,1,Yes,100.0
364,B,Ship,4,3,187,4,high,F,29,3141,1,Yes,100.0
365,C,Ship,6,2,146,3,low,F,62,1936,1,Yes,99.8
366,F,Ship,3,2,234,3,medium,M,39,2099,1,Yes,100.0
367,D,Ship,3,4,122,3,high,F,15,1354,1,Yes,99.9
368,F,Ship,3,3,135,3,low,M,8,1074,1,Yes,82.5
369,A,Ship,3,5,103,3,low,M,3,1403,1,Yes,85.1
370,B,Ship,3,5,257,3,medium,F,19,2173,1,Yes,100.0
371,C,Ship,4,3,169,2,low,M,2,1399,1,Yes,80.7
372,F,Ship,4,5,159,3,medium,M,18,1808,1,Yes,99.8
373,D,Ship,4,5,188,3,low,M,38,3031,1,Yes,100.0
374,F,Ship,5,1,136,3,medium,M,19,1420,1,Yes,99.8
375,A,Ship,5,1,227,3,low,F,19,3007,1,Yes,100.0
376,B,Ship,3,5,262,2,low,F,53,3275,1,Yes,100.0
377,C,Ship,2,3,157,2,low,M,45,1965,1,Yes,99.9
378,F,Ship,5,3,238,2,medium,F,21,2053,1,Yes,100.0
379,D,Ship,3,5,152,3,low,M,43,1282,1,Yes,99.9
380,F,Ship,3,2,201,3,medium,M,5,2040,1,Yes,94.3
381,A,Ship,3,4,148,2,low,M,54,1778,1,Yes,99.8
382,B,Ship,5,2,199,4,low,F,59,2885,1,Yes,100.0
383,C,Ship,5,4,215,2,low,F,45,3501,1,Yes,100.0
384,F,Ship,4,5,175,2,low,M,40,1270,1,Yes,99.8
385,D,Road,4,3,236,2,high,M,23,3123,1,Yes,100.0
386,F,Road,2,5,182,2,medium,F,57,2896,1,Yes,100.0
387,A,Road,3,1,251,3,medium,M,42,3698,1,Yes,100.0
388,B,Road,5,2,173,3,low,F,7,1855,1,Yes,82.3
389,C,Road,4,3,225,3,low,F,62,2587,1,Yes,100.0
390,F,Road,4,2,167,4,low,F,20,1705,1,Yes,99.5
391,D,Road,4,1,259,3,low,M,20,2154,1,Yes,100.0
392,F,Road,4,1,178,3,medium,F,63,1573,1,Yes,99.8
393,A,Road,4,4,178,4,medium,F,13,1614,1,Yes,99.5
394,B,Road,5,4,169,2,low,F,20,1765,1,Yes,99.7
395,C,Road,3,2,272,2,low,M,33,2321,1,Yes,100.0
396,F,Road,4,4,183,3,low,M,29,3251,1,Yes,100.0
397,D,Road,3,4,205,3,low,F,10,2728,1,Yes,94.0
398,F,Road,2,1,123,4,low,F,53,1036,1,Yes,99.7
399,A,Road,4,3,152,3,low,M,58,1453,1,Yes,99.8
400,B,Road,3,1,220,2,high,F,40,3773,1,Yes,100.0
401,C,Road,4,3,134,3,low,M,51,1965,1,Yes,99.8
402,F,Road,3,2,217,2,high,M,19,2992,1,Yes,100.0
403,D,Road,3,2,265,3,low,F,49,2791,1,Yes,100.0
404,F,Road,4,2,249,5,medium,M,36,3836,1,Yes,100.0
405,A,Road,5,3,213,4,medium,F,50,2003,1,Yes,100.0
406,B,Road,2,2,124,3,low,F,56,1494,1,Yes,99.8
407,C,Flight,4,1,180,2,low,M,23,1193,1,Yes,99.8
408,F,Flight,4,5,193,3,medium,M,65,2267,1,Yes,100.0
409,D,Flight,3,2,192,3,medium,M,43,3339,1,Yes,100.0
410,F,Flight,2,5,166,3,medium,M,3,1832,1,Yes,84.5
411,A,Flight,3,2,264,3,medium,M,5,3861,1,Yes,94.3
412,B,Flight,3,4,200,2,medium,M,14,3528,1,Yes,100.0
413,C,Flight,4,3,142,4,medium,M,12,1396,1,Yes,99.5
414,F,Flight,4,1,215,2,low,M,32,3066,1,Yes,100.0
415,D,Flight,2,1,218,2,low,M,15,2745,1,Yes,100.0
416,F,Flight,3,2,115,3,low,F,27,1814,1,Yes,99.9
417,A,Flight,4,3,159,3,low,M,33,1330,1,Yes,99.8
418,B,Flight,5,5,133,3,low,M,63,1218,1,Yes,99.8
419,C,Flight,5,2,178,3,low,M,48,1517,1,Yes,99.8
420,F,Flight,4,2,134,2,low,F,43,1714,1,Yes,99.7
421,D,Flight,3,1,184,5,medium,F,58,2544,1,Yes,100.0
422,F,Flight,4,2,251,2,medium,M,24,2405,1,Yes,100.0
423,A,Flight,3,2,141,3,low,M,7,1933,1,Yes,86.3
424,B,Flight,4,4,229,2,medium,M,45,3776,1,Yes,100.0
425,C,Flight,4,1,203,4,low,M,34,3813,1,Yes,100.0
426,F,Flight,4,3,158,3,medium,F,57,1911,1,Yes,99.8
427,D,Flight,3,4,167,3,medium,M,52,1755,1,Yes,99.8
428,F,Flight,5,4,197,4,low,F,40,3303,1,Yes,100.0
429,A,Ship,2,2,140,3,low,F,19,1806,1,Yes,99.8
430,B,Ship,5,1,205,2,medium,M,27,3569,1,Yes,100.0
431,C,Ship,5,5,208,3,low,F,45,2018,1,Yes,100.0
432,F,Ship,4,2,96,3,low,M,22,1294,1,Yes,99.8
433,D,Ship,6,4,205,3,low,F,44,2064,1,Yes,99.8
434,F,Ship,4,2,215,3,medium,F,48,2953,1,Yes,100.0
435,A,Ship,4,1,216,3,low,F,43,2643,1,Yes,100.0
436,B,Ship,3,1,112,2,high,M,22,1846,1,Yes,99.9
437,C,Ship,5,4,222,3,low,F,20,3632,1,Yes,100.0
438,F,Ship,5,2,186,3,medium,F,15,2153,1,Yes,100.0
439,D,Ship,3,5,241,3,medium,M,48,2841,1,Yes,100.0
440,F,Ship,3,3,172,3,low,F,58,1269,1,Yes,99.9
441,A,Ship,3,5,251,2,high,M,23,2426,1,Yes,100.0
442,B,Ship,5,3,190,3,high,M,45,2628,1,Yes,100.0
443,C,Ship,4,3,186,2,medium,F,48,2805,1,Yes,100.0
444,F,Ship,4,4,207,2,medium,M,35,2596,1,Yes,100.0
445,D,Ship,3,3,135,3,low,F,19,1366,1,Yes,99.9
446,F,Ship,4,4,189,2,medium,F,18,2955,1,Yes,100.0
447,A,Ship,4,4,173,5,medium,F,51,1691,1,Yes,99.0
448,B,Ship,3,4,194,3,medium,M,3,2169,1,Yes,93.7
449,C,Ship,3,1,183,3,low,M,19,3018,1,Yes,100.0
450,F,Ship,4,3,140,2,low,F,22,1248,1,Yes,99.8
451,D,Ship,4,4,244,3,medium,F,55,2782,1,Yes,100.0
452,F,Ship,2,3,189,4,low,M,34,3355,1,Yes,100.0
453,A,Ship,3,2,157,2,medium,M,53,1390,1,Yes,99.9
454,B,Ship,4,1,275,10,medium,F,23,2726,1,Yes,100.0
455,C,Ship,4,5,133,3,low,F,53,1467,1,Yes,99.8
456,F,Ship,4,1,149,3,medium,M,54,1178,1,Yes,99.8
457,D,Ship,3,3,254,2,high,M,17,3153,1,Yes,100.0
458,F,Ship,3,4,145,8,low,F,15,1429,1,Yes,99.8
459,A,Ship,3,2,179,5,low,F,52,1991,1,Yes,99.7
460,B,Ship,5,2,168,3,low,M,26,1526,1,Yes,99.8
461,C,Ship,4,1,202,3,medium,F,18,3940,1,Yes,100.0
462,F,Ship,3,4,220,7,low,M,43,2620,1,Yes,100.0
463,D,Ship,3,4,244,8,low,M,1,2703,1,Yes,85.0
464,F,Ship,4,2,186,7,medium,F,40,3111,1,Yes,100.0
465,A,Ship,5,2,263,8,medium,M,24,3139,1,Yes,100.0
466,B,Ship,3,2,294,4,low,F,15,1318,1,Yes,99.7
467,C,Ship,3,5,226,2,medium,F,2,1043,1,Yes,81.6
468,F,Ship,4,4,173,5,medium,F,2,1175,1,No,48.5
469,D,Ship,3,5,194,3,medium,F,10,2277,1,Yes,94.0
470,F,Ship,3,5,183,3,low,F,2,3459,1,Yes,93.4
471,A,Ship,4,1,140,2,low,M,61,1770,1,Yes,99.7
472,B,Ship,4,3,244,3,medium,M,8,3318,1,Yes,93.2
473,C,Ship,2,2,189,4,low,M,9,3413,1,Yes,75.7
474,F,Ship,3,1,157,2,medium,F,39,1525,1,Yes,99.9
475,D,Ship,4,3,275,10,medium,M,10,2093,1,Yes,79.1
476,F,Ship,4,5,133,3,low,M,59,1092,1,Yes,99.8
477,A,Ship,4,2,149,3,medium,M,26,1863,1,Yes,99.8
478,B,Ship,3,4,254,2,high,F,41,3973,1,Yes,100.0
479,C,Ship,3,4,145,8,low,F,24,1594,1,Yes,99.8
480,F,Ship,3,5,179,5,low,M,56,1113,1,Yes,99.6
481,D,Ship,5,4,168,3,low,F,13,1317,1,Yes,99.8
482,F,Ship,4,5,202,3,medium,F,46,3181,1,Yes,100.0
483,A,Ship,3,3,220,7,low,M,25,2141,1,Yes,100.0
484,B,Ship,3,2,244,8,low,F,50,3562,1,Yes,100.0
485,C,Ship,4,3,186,7,medium,F,30,2062,1,Yes,100.0
486,F,Ship,5,5,263,8,medium,F,9,2236,1,Yes,81.0
487,D,Ship,3,1,294,4,low,F,25,1498,1,Yes,99.7
488,F,Ship,4,1,139,3,low,F,56,1811,1,Yes,99.8
489,A,Ship,7,5,192,3,low,M,46,1550,1,Yes,99.5
490,B,Ship,3,3,235,3,low,M,5,3065,1,Yes,94.3
491,C,Ship,2,1,176,3,low,F,15,1996,1,Yes,99.9
492,F,Ship,5,4,224,3,low,F,34,2627,1,Yes,100.0
493,D,Ship,3,4,128,3,medium,F,51,1524,1,Yes,99.9
494,F,Ship,5,4,226,5,low,M,47,2240,1,Yes,100.0
495,A,Ship,5,1,160,5,medium,F,16,1526,1,Yes,99.5
496,B,Ship,3,1,197,5,low,M,45,2224,1,Yes,100.0
497,C,Ship,4,2,216,3,low,F,12,2273,1,Yes,100.0
498,F,Ship,4,4,199,2,low,M,9,3075,1,Yes,92.0
499,D,Ship,5,5,271,2,low,M,27,3957,1,Yes,100.0
500,F,Ship,5,1,201,3,low,F,47,2657,1,Yes,100.0
501,A,Ship,3,4,212,2,low,M,33,2021,1,Yes,100.0
502,B,Ship,3,2,177,3,low,M,10,1641,1,Yes,87.1
503,C,Ship,3,4,191,4,medium,F,43,2903,1,Yes,100.0
504,F,Ship,3,2,174,3,low,M,30,1986,1,Yes,99.9
505,D,Ship,5,3,162,2,low,F,14,1045,1,Yes,99.7
506,F,Ship,3,1,219,2,low,F,39,2696,1,Yes,100.0
507,A,Ship,4,4,155,3,medium,F,35,1421,1,Yes,99.8
508,B,Ship,5,3,230,3,medium,F,3,2923,1,Yes,93.8
509,C,Ship,4,5,192,2,medium,F,36,2497,1,Yes,100.0
510,F,Ship,5,2,235,3,low,M,14,2984,1,Yes,100.0
511,D,Ship,3,2,200,3,low,M,46,3642,1,Yes,100.0
512,F,Ship,5,2,172,3,medium,M,65,1667,1,Yes,99.8
513,A,Ship,5,4,160,4,low,F,6,1603,1,No,45.7
514,B,Ship,5,3,250,5,low,M,12,2722,1,Yes,100.0
515,C,Ship,4,2,174,3,low,M,9,1682,1,Yes,83.1
516,F,Ship,3,2,204,3,high,F,54,3608,1,Yes,100.0
517,D,Ship,3,5,274,3,medium,F,51,3476,1,Yes,100.0
518,F,Ship,5,5,262,2,medium,F,62,3744,1,Yes,100.0
519,A,Ship,4,5,138,3,medium,M,23,1785,1,Yes,99.8
520,B,Ship,3,1,215,3,medium,F,2,3873,1,Yes,93.4
521,C,Ship,3,1,145,2,low,F,34,1773,1,Yes,99.8
522,F,Road,4,5,149,2,medium,M,56,1141,1,Yes,99.8
523,D,Road,6,5,212,2,medium,M,38,2359,1,Yes,99.9
524,F,Road,3,1,155,3,medium,F,47,1193,1,Yes,99.9
525,A,Road,5,2,154,3,low,M,40,1238,1,Yes,99.8
526,B,Road,3,3,249,3,medium,M,51,2173,1,Yes,100.0
527,C,Road,5,1,206,2,low,M,2,3490,1,Yes,92.2
528,F,Road,4,5,235,3,medium,F,22,2015,1,Yes,100.0
529,D,Road,5,5,261,3,medium,F,8,3257,1,Yes,94.2
530,F,Road,6,1,243,4,high,F,22,3537,1,Yes,100.0
531,A,Road,3,2,237,2,high,M,26,3103,1,Yes,100.0
532,B,Road,2,4,179,2,low,F,19,1900,1,Yes,99.9
533,C,Road,4,3,192,3,low,F,43,3498,1,Yes,100.0
534,F,Road,3,1,141,3,medium,F,39,1838,1,Yes,99.9
535,D,Road,3,2,245,3,low,F,61,2188,1,Yes,100.0
536,F,Road,4,4,177,4,medium,F,32,1774,1,Yes,99.5
537,A,Road,2,3,154,4,high,F,17,1897,1,Yes,99.7
538,B,Road,4,4,228,3,medium,F,12,3359,1,Yes,100.0
539,C,Road,3,3,207,6,high,F,24,3702,1,Yes,100.0
540,F,Road,4,4,266,4,medium,F,33,2701,1,Yes,100.0
541,D,Road,3,3,172,3,medium,F,42,1707,1,Yes,99.8
542,F,Road,4,3,142,3,low,F,35,1512,1,Yes,99.8
543,A,Road,4,5,218,3,low,F,40,3200,1,Yes,100.0
544,B,Flight,3,3,231,2,low,M,46,2962,1,Yes,100.0
545,C,Flight,4,2,180,3,low,F,47,1434,1,Yes,99.8
546,F,Flight,3,1,168,3,low,M,46,1886,1,Yes,99.9
547,D,Flight,5,5,147,4,high,F,42,1642,1,Yes,99.5
548,F,Flight,5,4,245,5,low,M,6,3592,1,Yes,73.1
549,A,Flight,2,4,182,3,medium,M,47,3792,1,Yes,100.0
550,B,Flight,3,4,176,3,medium,F,8,1567,1,Yes,84.5
551,C,Flight,5,3,197,4,medium,F,51,2917,1,Yes,100.0
552,F,Flight,3,5,233,3,medium,M,52,3519,1,Yes,100.0
553,D,Flight,3,4,156,2,low,M,8,1145,1,Yes,82.1
554,F,Flight,2,3,257,4,medium,F,52,2073,1,Yes,100.0
555,A,Flight,5,4,250,3,low,F,11,3373,1,Yes,100.0
556,B,Flight,5,4,189,5,low,M,3,3301,1,Yes,73.9
557,C,Flight,3,3,255,2,high,M,7,3311,1,Yes,92.9
558,F,Flight,2,3,198,2,medium,M,28,3514,1,Yes,100.0
559,D,Flight,4,2,164,3,medium,M,15,1489,1,Yes,99.8
560,F,Flight,5,2,271,3,medium,M,32,3785,1,Yes,100.0
561,A,Flight,3,1,185,2,medium,F,34,3299,1,Yes,100.0
562,B,Flight,2,5,157,6,high,F,17,1764,1,Yes,99.6
563,C,Flight,3,2,137,2,medium,M,17,1673,1,Yes,99.9
564,F,Flight,3,3,229,3,low,M,14,2164,1,Yes,100.0
565,D,Flight,3,3,234,2,medium,F,39,2449,1,Yes,100.0
566,F,Ship,4,3,216,2,low,M,52,3578,1,Yes,100.0
567,A,Ship,3,1,163,4,low,F,20,1940,1,Yes,99.7
568,B,Ship,5,2,268,3,low,M,19,2526,1,Yes,100.0
569,C,Ship,3,3,205,5,medium,M,35,2988,1,Yes,100.0
570,F,Ship,4,5,265,2,medium,F,18,2969,1,Yes,100.0
571,D,Ship,2,2,236,3,medium,M,3,3416,1,Yes,92.7
572,F,Ship,4,1,132,3,low,M,63,1901,1,Yes,99.8
573,A,Ship,3,4,234,2,medium,M,46,3108,1,Yes,100.0
574,B,Ship,4,3,108,6,low,F,22,1745,1,Yes,99.0
575,C,Ship,4,2,276,2,low,M,54,3706,1,Yes,100.0
576,F,Ship,4,2,179,4,low,M,1,1063,1,No,49.1
577,D,Ship,4,1,230,3,medium,M,40,2225,1,Yes,100.0
578,F,Ship,3,2,210,3,medium,F,43,2096,1,Yes,100.0
579,A,Ship,3,2,173,3,low,F,15,1992,1,Yes,99.7
580,B,Ship,2,5,201,3,medium,F,29,3894,1,Yes,100.0
581,C,Ship,3,3,214,2,low,M,21,3342,1,Yes,100.0
582,F,Ship,4,2,216,2,medium,F,22,3024,1,Yes,100.0
583,D,Ship,2,5,144,3,medium,M,61,1313,1,Yes,99.8
584,F,Ship,5,5,182,3,medium,F,27,3039,1,Yes,100.0
585,A,Ship,3,3,163,2,medium,F,48,1369,1,Yes,99.9
586,B,Ship,3,3,234,3,medium,F,8,2334,1,Yes,93.4
587,C,Ship,3,2,158,3,high,F,59,1307,1,Yes,99.9
588,F,Ship,3,5,194,2,medium,M,4,3496,1,Yes,92.7
589,D,Ship,3,1,201,6,medium,F,3,2497,1,Yes,78.0
590,F,Ship,3,2,178,2,medium,F,59,1933,1,Yes,99.9
591,A,Ship,4,1,214,5,medium,M,51,2669,1,Yes,100.0
592,B,Ship,3,3,281,2,medium,M,55,3047,1,Yes,100.0
593,C,Ship,3,2,260,3,medium,F,2,2176,1,Yes,93.4
594,F,Ship,3,2,200,2,medium,F,46,3174,1,Yes,100.0
595,D,Ship,5,3,209,2,high,F,49,2581,1,Yes,100.0
596,F,Ship,3,1,185,3,low,M,61,3280,1,Yes,100.0
597,A,Ship,4,3,230,3,low,F,62,2236,1,Yes,100.0
598,B,Ship,3,4,134,3,medium,F,31,1540,1,Yes,99.9
599,C,Ship,4,5,270,2,low,F,34,2821,1,Yes,100.0
600,F,Ship,4,1,140,3,medium,F,1,1464,1,Yes,82.1
601,D,Ship,6,3,133,5,medium,M,32,1367,1,Yes,99.5
602,F,Ship,3,4,145,3,medium,M,44,1218,1,Yes,99.9
603,A,Ship,4,3,206,3,medium,M,58,2135,1,Yes,100.0
604,B,Ship,3,1,162,2,low,F,52,1125,1,Yes,99.9
605,C,Ship,4,3,187,2,low,F,58,3665,1,Yes,100.0
606,F,Ship,4,4,166,5,low,F,54,1203,1,Yes,99.0
607,D,Ship,4,5,178,3,low,F,48,1819,1,Yes,99.8
608,F,Ship,3,1,167,2,high,F,34,1967,1,Yes,99.9
609,A,Ship,4,4,224,3,high,M,60,3145,1,Yes,100.0
610,B,Ship,4,4,158,3,medium,M,11,1224,1,Yes,99.8
611,C,Ship,3,4,134,2,medium,M,43,1198,1,Yes,99.9
612,F,Ship,4,2,147,2,medium,F,20,1387,1,Yes,99.8
613,D,Ship,4,3,187,3,low,M,61,2207,1,Yes,100.0
614,F,Ship,4,5,247,2,medium,F,18,2404,1,Yes,100.0
615,A,Ship,5,4,182,4,high,M,20,2212,1,Yes,100.0
616,B,Ship,4,1,177,4,medium,F,33,1049,1,Yes,99.5
617,C,Ship,5,5,143,2,high,F,18,1066,1,Yes,99.7
618,F,Ship,5,3,245,2,medium,F,8,3231,1,Yes,92.6
619,D,Ship,4,1,133,4,medium,M,64,1834,1,Yes,99.5
620,F,Ship,3,5,224,2,low,M,13,3891,1,Yes,100.0
621,A,Ship,2,5,265,2,low,F,50,3859,1,Yes,100.0
622,B,Ship,4,1,138,2,low,M,28,1528,1,Yes,99.8
623,C,Ship,3,4,253,3,low,M,6,3788,1,Yes,94.2
624,F,Ship,4,1,165,3,medium,M,51,1293,1,Yes,99.8
625,D,Ship,4,3,265,3,low,F,65,3578,1,Yes,100.0
626,F,Ship,3,2,238,3,high,F,54,3142,1,Yes,100.0
627,A,Ship,5,2,236,3,low,F,51,3402,1,Yes,100.0
628,B,Ship,4,2,190,5,high,F,38,3022,1,Yes,100.0
629,C,Ship,6,1,104,4,medium,F,23,1442,1,Yes,99.5
630,F,Ship,4,5,245,2,low,F,19,2616,1,Yes,100.0
631,D,Ship,3,1,155,3,medium,F,27,1022,1,Yes,99.9
632,F,Ship,3,2,233,3,low,M,63,2143,1,Yes,100.0
633,A,Ship,4,3,171,4,low,F,55,1539,1,Yes,99.5
634,B,Ship,2,3,164,2,low,M,56,1491,1,Yes,99.9
635,C,Ship,3,1,141,3,low,M,6,1361,1,Yes,85.6
636,F,Ship,5,3,266,2,low,F,61,2118,1,Yes,100.0
637,D,Ship,3,4,192,2,low,F,56,3765,1,Yes,100.0
638,F,Ship,3,3,229,6,medium,F,61,2298,1,Yes,100.0
639,A,Ship,6,2,269,4,medium,M,38,3171,1,Yes,100.0
640,B,Ship,3,4,247,4,low,M,59,2939,1,Yes,100.0
641,C,Ship,4,4,157,2,low,F,2,1087,1,Yes,80.0
642,F,Ship,3,2,148,3,medium,F,64,1280,1,Yes,99.9
643,D,Ship,4,1,240,2,low,M,14,2437,1,Yes,100.0
644,F,Ship,4,3,197,4,medium,M,58,3617,1,Yes,100.0
645,A,Ship,6,4,121,5,low,M,23,1734,1,Yes,99.5
646,B,Ship,4,2,124,3,high,M,60,1107,1,Yes,99.8
647,C,Ship,4,2,153,3,medium,F,53,1185,1,Yes,99.8
648,F,Ship,5,2,105,4,high,M,1,1622,1,No,48.3
649,D,Ship,4,3,202,3,medium,M,2,3962,1,Yes,92.4
650,F,Ship,5,4,162,2,low,F,54,1635,1,Yes,99.7
651,A,Ship,3,4,164,3,medium,M,13,1158,1,Yes,99.9
652,B,Ship,3,2,231,4,medium,M,48,3370,1,Yes,100.0
653,C,Ship,5,2,209,4,medium,F,12,2933,1,Yes,100.0
654,F,Ship,3,1,157,2,high,M,19,1898,1,Yes,99.9
655,D,Ship,4,5,249,2,low,M,4,2725,1,Yes,92.8
656,F,Ship,2,3,264,2,low,F,63,2896,1,Yes,100.0
657,A,Ship,3,1,111,4,low,M,61,1844,1,Yes,99.7
658,B,Ship,3,1,242,3,medium,F,10,3606,1,Yes,94.0
659,C,Road,4,4,169,3,low,M,23,1058,1,Yes,99.8
660,F,Road,5,3,138,2,low,M,13,1056,1,Yes,99.7
661,D,Road,5,1,158,3,low,M,9,1483,1,Yes,80.4
662,F,Road,5,3,146,4,low,M,5,1718,1,No,46.5
663,A,Road,4,4,218,5,medium,F,36,2995,1,Yes,100.0
664,B,Road,3,2,178,2,medium,F,22,1247,1,Yes,99.9
665,C,Road,4,5,197,3,low,F,34,3784,1,Yes,100.0
666,F,Road,3,3,243,2,medium,M,17,3230,1,Yes,100.0
667,D,Road,5,2,254,4,high,M,37,2608,1,Yes,100.0
668,F,Road,3,1,237,4,low,M,33,2782,1,Yes,100.0
669,A,Road,5,1,179,3,low,F,62,1945,1,Yes,99.9
670,B,Road,3,2,189,3,medium,M,38,2108,1,Yes,100.0
671,C,Road,4,3,244,3,medium,M,1,3982,1,Yes,90.8
672,F,Road,3,3,266,2,medium,M,46,3594,1,Yes,100.0
673,D,Road,5,4,263,3,high,M,10,2538,1,Yes,94.2
674,F,Road,3,2,247,2,medium,M,39,3189,1,Yes,100.0
675,A,Road,4,5,202,3,low,F,6,2616,1,Yes,93.7
676,B,Road,4,4,227,3,medium,F,1,2761,1,Yes,92.1
677,C,Road,4,5,189,2,low,F,15,2457,1,Yes,100.0
678,F,Road,6,4,160,2,low,F,31,1689,1,Yes,99.6
679,D,Road,3,3,117,3,medium,M,56,1618,1,Yes,99.9
680,F,Road,3,1,202,2,high,M,52,2312,1,Yes,100.0
681,A,Flight,4,3,201,3,medium,F,54,2487,1,Yes,100.0
682,B,Flight,3,4,273,2,medium,F,39,2651,1,Yes,100.0
683,C,Flight,4,4,143,2,medium,M,58,1038,1,Yes,99.8
684,F,Flight,4,5,137,4,high,M,29,1262,1,Yes,99.5
685,D,Flight,5,5,236,3,high,M,34,3455,1,Yes,100.0
686,F,Flight,4,2,241,2,low,M,17,3844,1,Yes,100.0
687,A,Flight,4,2,187,2,low,F,6,3625,1,Yes,93.0
688,B,Flight,4,5,273,2,high,M,63,3516,1,Yes,100.0
689,C,Flight,5,2,170,3,low,M,15,1314,1,Yes,99.8
690,F,Flight,3,5,138,3,low,F,37,1266,1,Yes,99.9
691,D,Flight,5,4,150,2,low,M,60,1034,1,Yes,99.7
692,F,Flight,5,5,140,3,high,F,42,1384,1,Yes,99.8
693,A,Flight,4,1,250,2,low,M,17,3544,1,Yes,100.0
694,B,Flight,3,3,207,7,medium,M,19,2182,1,Yes,100.0
695,C,Flight,4,4,214,3,low,M,36,2684,1,Yes,100.0
696,F,Flight,4,1,179,3,low,M,63,1215,1,Yes,99.8
697,D,Flight,5,1,149,4,medium,F,20,1110,1,Yes,99.5
698,F,Flight,3,5,151,2,low,F,16,1422,1,Yes,99.9
699,A,Flight,4,3,264,3,medium,M,23,2376,1,Yes,100.0
700,B,Flight,6,5,113,3,high,M,31,1037,1,Yes,99.5
701,C,Flight,6,1,281,3,medium,F,36,2536,1,Yes,99.8
702,F,Flight,4,2,197,7,medium,M,43,3730,1,Yes,100.0
703,D,Ship,3,4,265,8,low,F,35,3299,1,Yes,100.0
704,F,Ship,4,2,259,3,low,F,47,3764,1,Yes,100.0
705,A,Ship,5,1,200,8,low,F,18,3806,1,Yes,100.0
706,B,Ship,2,4,111,2,high,M,60,1787,1,Yes,99.8
707,C,Ship,3,5,223,3,medium,M,53,3670,1,Yes,100.0
708,F,Ship,3,3,241,3,low,M,5,2713,1,Yes,94.3
709,D,Ship,4,1,139,3,low,F,25,1152,1,Yes,99.8
710,F,Ship,7,1,192,3,low,M,38,1372,1,Yes,99.5
711,A,Ship,3,4,117,3,medium,M,23,1527,1,Yes,99.9
712,B,Ship,3,1,202,2,high,F,21,3120,1,Yes,100.0
713,C,Ship,4,2,201,3,medium,F,39,2066,1,Yes,100.0
714,F,Ship,3,3,273,2,medium,F,16,2466,1,Yes,100.0
715,D,Ship,4,3,143,2,medium,F,64,1910,1,Yes,99.8
716,F,Ship,4,1,137,4,high,M,15,1391,1,Yes,99.5
717,A,Ship,5,3,236,3,high,F,47,3519,1,Yes,100.0
718,B,Ship,4,1,241,2,low,F,39,2935,1,Yes,100.0
719,C,Ship,4,5,187,2,low,M,44,3218,1,Yes,100.0
720,F,Ship,4,3,273,2,high,M,43,3462,1,Yes,100.0
721,D,Ship,5,3,170,3,low,F,12,1018,1,Yes,99.7
722,F,Ship,3,4,138,3,low,F,54,1648,1,Yes,99.9
723,A,Ship,5,3,150,2,low,M,2,1682,1,Yes,78.3
724,B,Ship,5,4,140,3,high,F,56,1332,1,Yes,99.8
725,C,Ship,4,3,250,2,low,F,46,2878,1,Yes,100.0
726,F,Ship,3,4,207,7,medium,F,46,2670,1,Yes,100.0
727,D,Ship,4,2,214,3,low,F,18,2574,1,Yes,100.0
728,F,Ship,4,3,179,3,low,M,45,1903,1,Yes,99.8
729,A,Ship,5,2,149,4,medium,M,48,1068,1,Yes,99.5
730,B,Ship,3,1,151,2,low,F,4,1748,1,Yes,83.1
731,C,Ship,4,5,264,3,medium,M,16,2245,1,Yes,100.0
732,F,Ship,6,5,113,3,high,F,35,1402,1,Yes,99.5
733,D,Ship,6,3,281,3,medium,M,11,2135,1,Yes,99.8
734,F,Ship,4,4,197,7,medium,F,22,2065,1,Yes,100.0
735,A,Ship,3,4,265,8,low,M,2,3622,1,Yes,85.5
736,B,Ship,4,1,259,3,low,M,39,2427,1,Yes,100.0
737,C,Ship,5,3,200,8,low,F,9,2741,1,Yes,81.0
738,F,Ship,2,1,111,2,high,F,10,1920,1,Yes,84.7
739,D,Ship,3,2,223,3,medium,F,6,2127,1,Yes,94.2
740,F,Ship,3,2,241,3,low,M,22,3030,1,Yes,100.0
741,A,Ship,4,5,139,3,low,F,65,1277,1,Yes,99.8
742,B,Ship,7,4,192,3,low,F,33,1694,1,Yes,99.5
743,C,Ship,3,5,180,4,medium,F,59,1481,1,Yes,99.7
744,F,Ship,3,3,153,5,low,M,35,1089,1,Yes,99.6
745,D,Ship,2,4,280,4,low,M,48,1463,1,Yes,99.7
746,F,Ship,7,5,243,5,medium,M,28,1100,1,Yes,99.5
747,A,Ship,3,4,214,2,low,M,50,3881,1,Yes,100.0
748,B,Ship,4,4,177,2,low,M,6,1112,1,Yes,80.5
749,C,Ship,3,2,182,3,medium,F,39,3828,1,Yes,100.0
750,F,Ship,4,5,185,3,medium,M,17,2824,1,Yes,100.0
751,D,Ship,3,3,143,3,medium,M,23,1281,1,Yes,99.9
752,F,Ship,3,3,162,3,medium,M,7,1901,1,Yes,86.3
753,A,Ship,3,1,171,2,low,M,34,1999,1,Yes,100.0
754,B,Ship,5,1,227,3,low,F,14,2589,1,Yes,100.0
755,C,Ship,3,5,205,6,low,F,25,2232,1,Yes,100.0
756,F,Ship,3,5,258,3,low,M,17,3033,1,Yes,100.0
757,D,Ship,4,5,195,5,medium,F,10,3537,1,Yes,73.0
758,F,Ship,4,1,224,2,low,M,8,3638,1,Yes,92.4
759,A,Ship,2,5,192,6,low,F,41,2673,1,Yes,100.0
760,B,Ship,3,3,202,3,medium,F,35,3986,1,Yes,100.0
761,C,Ship,5,3,235,2,medium,F,12,3358,1,Yes,100.0
762,F,Ship,3,4,218,3,low,M,22,3818,1,Yes,100.0
763,D,Ship,6,5,176,4,medium,M,31,1262,1,Yes,99.5
764,F,Ship,3,3,221,2,medium,F,26,3120,1,Yes,100.0
765,A,Ship,3,4,157,3,low,F,32,1370,1,Yes,99.9
766,B,Ship,4,2,259,4,low,F,13,2495,1,Yes,100.0
767,C,Ship,2,1,249,3,low,M,11,2534,1,Yes,100.0
768,F,Ship,4,1,263,5,low,F,62,2292,1,Yes,100.0
769,D,Ship,4,3,141,3,low,F,2,1915,1,Yes,82.5
770,F,Ship,4,1,114,3,medium,F,9,1240,1,Yes,83.1
771,A,Ship,3,4,179,4,low,F,44,1004,1,Yes,98.8
772,B,Ship,4,3,179,3,medium,M,40,1584,1,Yes,99.8
773,C,Ship,3,5,193,3,low,F,47,3523,1,Yes,100.0
774,F,Ship,3,2,137,3,medium,F,23,1246,1,Yes,99.9
775,D,Ship,3,5,110,3,low,M,55,1875,1,Yes,99.9
776,F,Ship,3,1,270,3,medium,F,61,3582,1,Yes,100.0
777,A,Ship,5,1,175,3,medium,F,64,1110,1,Yes,99.7
778,B,Ship,5,1,234,2,low,M,12,2372,1,Yes,100.0
779,C,Ship,2,4,177,3,medium,M,48,1113,1,Yes,99.8
780,F,Ship,3,4,153,2,low,F,24,1442,1,Yes,99.9
781,D,Ship,4,5,252,3,low,M,16,2332,1,Yes,100.0
782,F,Ship,2,4,122,2,low,F,32,1213,1,Yes,99.9
783,A,Ship,4,5,215,2,medium,F,34,2258,1,Yes,100.0
784,B,Ship,3,3,140,4,low,F,47,1207,1,Yes,99.7
785,C,Ship,3,1,209,2,low,M,43,2237,1,Yes,100.0
786,F,Ship,2,3,144,3,high,M,40,1500,1,Yes,99.8
787,D,Ship,4,2,210,3,low,M,16,2046,1,Yes,100.0
788,F,Ship,5,1,160,3,medium,F,22,1693,1,Yes,99.7
789,A,Ship,5,4,134,2,low,F,20,1549,1,Yes,99.7
790,B,Ship,3,2,138,3,medium,F,34,1159,1,Yes,99.9
791,C,Ship,4,3,200,2,medium,M,65,3485,1,Yes,100.0
792,F,Ship,5,4,133,2,medium,M,30,1161,1,Yes,99.7
793,D,Ship,2,4,121,5,low,M,32,1788,1,Yes,99.6
794,F,Ship,4,3,257,3,medium,M,5,2489,1,Yes,93.6
795,A,Ship,4,5,255,4,low,M,14,3099,1,Yes,100.0
796,B,Road,4,1,158,3,low,F,32,1061,1,Yes,99.8
797,C,Road,4,4,248,4,low,F,49,2322,1,Yes,100.0
798,F,Road,2,3,194,4,medium,M,65,3795,1,Yes,100.0
799,D,Road,4,3,184,3,medium,F,19,2774,1,Yes,100.0
800,F,Road,5,5,249,4,medium,F,38,2797,1,Yes,100.0
801,A,Road,5,5,170,2,medium,F,36,1278,1,Yes,99.7
802,B,Road,3,4,261,2,medium,F,1,3398,1,Yes,92.8
803,C,Road,3,2,262,2,low,F,26,2370,1,Yes,100.0
804,F,Road,4,4,224,3,medium,M,9,2952,1,Yes,93.3
805,D,Road,3,4,130,2,medium,F,42,1213,1,Yes,99.9
806,F,Road,4,1,133,3,low,M,57,1379,1,Yes,99.8
807,A,Road,3,1,145,4,low,F,58,1751,1,Yes,99.7
808,B,Road,2,4,136,6,low,F,53,1213,1,Yes,99.6
809,C,Road,4,5,163,5,low,M,24,1658,1,Yes,99.0
810,F,Road,3,3,183,3,low,F,45,2181,1,Yes,100.0
811,D,Road,5,3,216,3,medium,F,1,2434,1,Yes,92.7
812,F,Road,4,1,182,3,medium,M,28,2005,1,Yes,100.0
813,A,Road,4,5,191,3,low,F,19,2392,1,Yes,100.0
814,B,Road,3,2,140,2,high,F,7,1401,1,Yes,83.0
815,C,Road,4,4,161,3,high,F,59,1165,1,Yes,99.8
816,F,Road,4,2,200,4,low,M,43,2747,1,Yes,100.0
817,D,Road,4,1,176,3,medium,F,36,1891,1,Yes,99.8
818,F,Flight,5,2,247,3,low,M,32,3645,1,Yes,100.0
819,A,Flight,3,4,262,2,low,M,15,3287,1,Yes,100.0
820,B,Flight,4,5,154,2,low,F,49,1532,1,Yes,99.8
821,C,Flight,3,1,186,3,medium,F,11,3800,1,Yes,100.0
822,F,Flight,2,1,98,3,low,F,29,1806,1,Yes,99.8
823,D,Flight,3,3,268,3,low,F,33,3872,1,Yes,100.0
824,F,Flight,5,3,178,2,medium,F,60,1830,1,Yes,99.7
825,A,Flight,3,1,142,2,high,M,18,1428,1,Yes,99.9
826,B,Flight,4,5,160,3,low,M,33,1837,1,Yes,99.8
827,C,Flight,5,2,232,2,medium,M,24,2174,1,Yes,100.0
828,F,Flight,4,2,209,2,low,F,23,2533,1,Yes,100.0
829,D,Flight,4,2,230,3,medium,M,33,3602,1,Yes,100.0
830,F,Flight,5,4,223,3,low,F,40,2074,1,Yes,100.0
831,A,Flight,4,4,201,3,high,F,7,2644,1,Yes,93.7
832,B,Flight,3,5,224,3,medium,F,20,2937,1,Yes,100.0
833,C,Flight,2,3,251,3,low,F,2,3351,1,Yes,91.7
834,F,Flight,3,4,145,6,medium,M,57,1949,1,Yes,99.6
835,D,Flight,5,4,271,3,medium,F,16,2563,1,Yes,100.0
836,F,Flight,3,5,218,4,medium,M,60,3048,1,Yes,100.0
837,A,Flight,3,4,229,2,low,M,51,2628,1,Yes,100.0
838,B,Flight,5,2,278,2,low,F,17,2493,1,Yes,100.0
839,C,Flight,2,4,168,3,low,F,15,1886,1,Yes,99.8
840,F,Ship,5,2,151,6,medium,M,12,1920,1,Yes,99.5
841,D,Ship,3,1,232,3,low,M,9,2958,1,Yes,93.5
842,F,Ship,3,2,140,2,low,F,16,1685,1,Yes,99.9
843,A,Ship,4,2,141,3,low,M,34,1619,1,Yes,99.8
844,B,Ship,5,4,182,5,medium,F,23,3398,1,Yes,100.0
845,C,Ship,4,2,139,5,low,F,52,1977,1,Yes,99.0
846,F,Ship,5,2,145,5,medium,F,22,1818,1,Yes,99.5
847,D,Ship,4,4,140,3,medium,M,11,1911,1,Yes,99.8
848,F,Ship,3,4,267,3,medium,F,62,3589,1,Yes,100.0
849,A,Ship,3,1,191,3,high,F,60,2069,1,Yes,100.0
850,B,Ship,4,2,133,4,medium,F,52,1401,1,Yes,99.5
851,C,Ship,4,2,170,2,low,F,1,1446,1,Yes,80.7
852,F,Ship,4,5,170,2,low,F,57,1533,1,Yes,99.8
853,D,Ship,3,2,149,4,medium,F,21,1636,1,Yes,99.7
854,F,Ship,5,4,279,2,medium,F,1,3933,1,Yes,92.2
855,A,Ship,4,3,121,2,medium,M,11,1906,1,Yes,99.8
856,B,Ship,3,2,139,2,low,M,63,1767,1,Yes,99.8
857,C,Ship,3,4,265,2,high,F,64,2493,1,Yes,100.0
858,F,Ship,5,2,239,5,medium,M,24,2472,1,Yes,100.0
859,D,Ship,4,3,119,5,medium,M,5,1841,1,No,46.8
860,F,Ship,4,1,265,4,low,F,30,3896,1,Yes,100.0
861,A,Ship,5,3,144,6,medium,F,35,1009,1,Yes,99.5
862,B,Ship,3,2,148,2,low,F,58,1537,1,Yes,99.9
863,C,Ship,5,4,269,2,medium,M,38,2770,1,Yes,100.0
864,F,Ship,2,3,188,3,medium,F,51,3191,1,Yes,100.0
865,D,Ship,3,4,187,2,high,M,8,3725,1,Yes,92.1
866,F,Ship,6,1,168,5,high,F,65,1601,1,Yes,99.5
867,A,Ship,4,1,199,2,low,F,46,3371,1,Yes,100.0
868,B,Ship,4,3,261,3,low,F,10,2802,1,Yes,93.8
869,C,Ship,3,1,218,3,low,M,4,2304,1,Yes,93.7
870,F,Ship,3,1,196,3,low,F,64,2911,1,Yes,100.0
871,D,Ship,4,5,147,3,medium,F,46,1469,1,Yes,99.8
872,F,Ship,4,2,208,3,high,M,17,2777,1,Yes,100.0
873,A,Ship,3,1,178,5,low,F,15,1242,1,Yes,99.6
874,B,Ship,4,4,197,3,medium,M,20,3080,1,Yes,100.0
875,C,Ship,2,4,206,2,low,F,30,3955,1,Yes,100.0
876,F,Ship,4,1,222,3,medium,M,45,3158,1,Yes,100.0
877,D,Ship,3,3,247,2,medium,M,55,3461,1,Yes,100.0
878,F,Ship,4,1,222,3,medium,M,25,2582,1,Yes,100.0
879,A,Ship,6,1,205,5,low,M,14,3213,1,Yes,100.0
880,B,Ship,5,2,244,3,low,M,8,3571,1,Yes,94.2
881,C,Ship,2,4,194,6,medium,F,39,3770,1,Yes,100.0
882,F,Ship,4,5,190,2,low,M,36,3548,1,Yes,100.0
883,D,Ship,3,4,169,2,low,M,17,1242,1,Yes,99.9
884,F,Ship,3,2,251,2,low,F,5,3443,1,Yes,93.0
885,A,Ship,2,2,161,2,medium,F,1,1642,1,Yes,81.6
886,B,Ship,3,2,252,4,low,M,29,2353,1,Yes,100.0
887,C,Ship,4,2,271,3,low,F,19,2693,1,Yes,100.0
888,F,Ship,5,3,150,3,medium,M,21,1187,1,Yes,99.8
889,D,Ship,3,5,212,3,high,M,6,2069,1,Yes,94.2
890,F,Ship,5,3,198,4,high,M,65,3407,1,Yes,100.0
891,A,Ship,3,4,266,2,high,F,33,3798,1,Yes,100.0
892,B,Ship,3,4,255,4,low,F,12,2266,1,Yes,100.0
893,C,Ship,4,1,166,3,high,F,3,1453,1,Yes,82.8
894,F,Ship,3,2,232,2,low,F,39,2139,1,Yes,100.0
895,D,Ship,3,5,198,2,medium,F,62,3015,1,Yes,100.0
896,F,Ship,4,3,170,3,low,F,21,1588,1,Yes,99.8
897,A,Ship,4,2,162,2,low,M,16,1014,1,Yes,99.8
898,B,Ship,3,4,135,3,low,M,22,1378,1,Yes,99.9
899,C,Ship,3,5,242,3,medium,M,19,3753,1,Yes,100.0
900,F,Ship,4,3,206,3,medium,F,20,2247,1,Yes,100.0
901,D,Ship,5,5,253,6,medium,M,59,2627,1,Yes,100.0
902,F,Ship,5,3,208,3,medium,M,35,3884,1,Yes,100.0
903,A,Ship,3,3,250,3,low,F,33,3463,1,Yes,100.0
904,B,Ship,4,1,143,2,medium,M,3,1996,1,Yes,78.6
905,C,Ship,5,5,236,3,medium,F,62,3365,1,Yes,100.0
906,F,Ship,4,4,147,3,low,M,13,1145,1,Yes,99.8
907,D,Ship,2,5,113,5,low,M,43,1638,1,Yes,99.6
908,F,Ship,5,1,165,2,high,M,54,1190,1,Yes,99.7
909,A,Ship,4,1,235,4,low,M,22,2066,1,Yes,100.0
910,B,Ship,4,5,186,10,low,F,42,3521,1,Yes,100.0
911,C,Ship,4,2,274,10,medium,F,29,2949,1,Yes,100.0
912,F,Ship,2,5,163,3,medium,F,37,1079,1,Yes,99.8
913,D,Ship,4,4,161,3,low,F,6,1386,1,Yes,83.4
914,F,Ship,4,4,264,2,low,M,35,2336,1,Yes,100.0
915,A,Ship,3,1,255,2,medium,M,42,3459,1,Yes,100.0
916,B,Ship,4,1,258,3,medium,M,3,3928,1,Yes,93.0
917,C,Ship,5,5,261,8,medium,M,39,2103,1,Yes,100.0
918,F,Ship,5,3,188,7,medium,M,3,3637,1,Yes,82.7
919,D,Ship,3,4,188,3,high,M,11,3072,1,Yes,100.0
920,F,Ship,3,2,160,10,medium,M,25,1548,1,Yes,99.8
921,A,Ship,3,2,214,2,low,M,26,3503,1,Yes,100.0
922,B,Ship,4,4,209,8,medium,F,46,3345,1,Yes,100.0
923,C,Ship,4,1,208,7,high,M,8,2193,1,Yes,81.9
924,F,Ship,3,3,265,4,low,M,47,2557,1,Yes,100.0
925,D,Ship,4,1,161,2,high,F,41,1992,1,Yes,99.6
926,F,Ship,5,3,217,3,high,F,61,3067,1,Yes,100.0
927,A,Ship,3,1,210,2,low,F,52,2444,1,Yes,100.0
928,B,Ship,3,3,179,2,low,F,60,1808,1,Yes,99.8
929,C,Ship,3,2,180,4,medium,M,55,1165,1,Yes,99.7
930,F,Ship,3,3,153,5,low,F,12,1972,1,Yes,99.6
931,D,Ship,4,3,162,2,low,M,2,1714,1,Yes,80.7
932,F,Ship,3,2,135,3,low,M,27,1898,1,Yes,99.9
933,A,Road,3,5,242,3,medium,F,3,2268,1,Yes,93.7
934,B,Road,4,4,206,3,medium,F,33,2804,1,Yes,100.0
935,C,Road,5,1,253,6,medium,M,12,2486,1,Yes,100.0
936,F,Road,5,2,208,3,medium,M,8,3442,1,Yes,94.2
937,D,Road,3,2,250,3,low,F,49,3798,1,Yes,100.0
938,F,Road,4,5,143,2,medium,F,20,1360,1,Yes,99.8
939,A,Road,5,3,236,3,medium,M,7,3589,1,Yes,94.7
940,B,Road,4,1,147,3,low,F,15,1956,1,Yes,99.8
941,C,Road,2,1,113,5,low,F,9,1957,1,Yes,55.5
942,F,Road,5,4,165,2,high,M,46,1482,1,Yes,99.7
943,D,Road,4,4,235,4,low,M,50,2020,1,Yes,100.0
944,F,Road,4,2,186,10,low,M,45,3722,1,Yes,100.0
945,A,Road,4,5,274,10,medium,F,5,3910,1,Yes,83.8
946,B,Road,2,2,163,3,medium,M,35,1547,1,Yes,99.8
947,C,Road,4,2,161,3,low,F,22,1819,1,Yes,99.8
948,F,Road,4,1,264,2,low,M,8,2436,1,Yes,92.4
949,D,Road,3,3,255,2,medium,M,3,2894,1,Yes,92.0
950,F,Road,4,1,258,3,medium,M,53,2428,1,Yes,100.0
951,A,Road,5,2,261,8,medium,F,1,3308,1,Yes,83.4
952,B,Road,5,4,188,7,medium,F,48,2466,1,Yes,100.0
953,C,Road,3,5,188,3,high,F,9,3206,1,Yes,93.5
954,F,Road,3,1,160,10,medium,F,29,1952,1,Yes,99.8
955,D,Flight,3,1,214,2,low,F,50,2720,1,Yes,100.0
956,F,Flight,4,5,209,8,medium,F,59,2948,1,Yes,100.0
957,A,Flight,4,1,208,7,high,F,65,2674,1,Yes,100.0
958,B,Flight,3,1,265,4,low,M,50,2249,1,Yes,100.0
959,C,Flight,4,1,161,2,high,F,21,1075,1,Yes,99.8
960,F,Flight,5,2,217,3,high,M,21,2600,1,Yes,100.0
961,D,Flight,3,4,210,2,low,F,35,2741,1,Yes,100.0
962,F,Flight,3,3,179,2,low,F,62,1765,1,Yes,99.8
963,A,Flight,3,2,180,4,medium,M,52,1329,1,Yes,99.7
964,B,Flight,4,5,158,5,medium,F,55,1936,1,Yes,99.0
965,C,Flight,6,1,291,5,medium,F,53,1682,1,Yes,99.5
966,F,Flight,5,2,231,2,medium,F,55,3894,1,Yes,100.0
967,D,Flight,4,5,163,4,low,F,49,1470,1,Yes,99.5
968,F,Flight,5,3,146,3,low,M,41,1204,1,Yes,99.8
969,A,Flight,2,5,272,2,low,M,24,3638,1,Yes,100.0
970,B,Flight,2,1,121,2,medium,F,18,1839,1,Yes,99.9
971,C,Flight,6,2,118,2,low,M,40,1014,1,Yes,99.6
972,F,Flight,3,5,173,2,low,M,14,1638,1,Yes,99.9
973,D,Flight,4,5,243,2,low,M,23,2686,1,Yes,100.0
974,F,Flight,5,4,229,3,medium,M,29,2505,1,Yes,100.0
975,A,Flight,5,3,96,4,medium,F,12,1655,1,Yes,99.5
976,B,Flight,5,5,249,3,medium,M,55,3558,1,Yes,100.0
977,C,Ship,3,2,165,2,low,F,24,1966,1,Yes,99.9
978,F,Ship,4,5,223,3,medium,F,63,2427,1,Yes,100.0
979,D,Ship,3,3,267,2,low,F,52,2949,1,Yes,100.0
980,F,Ship,4,4,140,2,low,F,47,1831,1,Yes,99.8
981,A,Ship,4,4,209,3,low,F,44,2075,1,Yes,100.0
982,B,Ship,3,5,243,3,medium,M,4,3189,1,Yes,93.7
983,C,Ship,3,2,175,4,medium,F,17,1276,1,Yes,99.7
984,F,Ship,5,4,133,3,low,M,9,1051,1,Yes,78.5
985,D,Ship,3,3,167,3,medium,F,24,1111,1,Yes,99.9
986,F,Ship,6,1,172,6,high,F,50,1052,1,Yes,99.5
987,A,Ship,5,4,257,2,low,M,55,2257,1,Yes,100.0
988,B,Ship,3,3,202,2,medium,M,39,3857,1,Yes,100.0
989,C,Ship,3,1,223,3,medium,F,31,3942,1,Yes,100.0
990,F,Ship,3,2,182,2,low,F,40,2592,1,Yes,100.0
991,D,Ship,3,2,234,3,medium,M,33,2789,1,Yes,100.0
992,F,Ship,3,5,140,3,low,F,30,1035,1,Yes,99.9
993,A,Ship,4,3,136,3,medium,M,9,1548,1,Yes,82.9
994,B,Ship,4,3,210,3,medium,F,6,2568,1,Yes,93.7
995,C,Ship,5,1,259,3,high,F,37,3023,1,Yes,100.0
996,F,Ship,4,2,141,2,medium,M,52,1012,1,Yes,99.8
997,D,Ship,4,3,151,4,medium,M,13,1583,1,Yes,99.5
998,F,Ship,3,5,164,3,medium,F,43,1423,1,Yes,99.9
999,A,Ship,3,3,141,2,medium,F,48,1758,1,Yes,99.8
1000,B,Ship,3,3,271,2,medium,M,15,3542,1,Yes,100.0
1001,C,Ship,4,3,191,4,low,F,15,2544,1,Yes,100.0
1002,F,Ship,3,1,181,3,medium,M,22,3266,1,Yes,100.0
1003,D,Ship,3,3,241,5,low,M,8,2182,1,Yes,76.7
1004,F,Ship,3,3,254,3,medium,M,3,2837,1,Yes,93.7
1005,A,Ship,3,2,146,6,medium,F,62,1162,1,Yes,99.6
1006,B,Ship,5,1,271,2,high,M,46,2744,1,Yes,100.0
1007,C,Ship,3,1,185,2,medium,F,42,2803,1,Yes,100.0
1008,F,Ship,4,5,170,3,low,F,9,1138,1,Yes,82.1
1009,D,Ship,4,1,265,2,medium,M,18,3327,1,Yes,100.0
1010,F,Ship,4,4,142,4,low,F,8,1777,1,No,48.1
1011,A,Ship,2,5,228,2,low,F,49,3024,1,Yes,100.0
1012,B,Ship,4,5,262,4,low,M,16,2871,1,Yes,100.0
1013,C,Ship,3,3,205,2,medium,F,54,2427,1,Yes,100.0
1014,F,Ship,4,1,178,2,high,M,39,1362,1,Yes,99.8
1015,D,Ship,2,2,153,2,low,M,46,1130,1,Yes,99.9
1016,F,Ship,3,4,186,2,low,M,63,3447,1,Yes,100.0
1017,A,Ship,4,1,167,3,high,F,22,1403,1,Yes,99.8
1018,B,Ship,3,3,148,2,low,M,42,1950,1,Yes,99.9
1019,C,Ship,3,2,167,2,low,M,2,1010,1,Yes,80.6
1020,F,Ship,3,2,261,5,medium,M,45,2488,1,Yes,100.0
1021,D,Ship,3,4,166,3,medium,M,43,1095,1,Yes,99.9
1022,F,Ship,3,1,226,2,low,M,18,2319,1,Yes,100.0
1023,A,Ship,3,4,260,3,low,F,21,2003,1,Yes,100.0
1024,B,Ship,5,1,246,3,medium,F,44,3993,1,Yes,100.0
1025,C,Ship,3,2,221,3,low,F,21,3686,1,Yes,100.0
1026,F,Ship,5,4,191,4,medium,M,63,2039,1,Yes,100.0
1027,D,Ship,3,1,138,5,medium,F,8,1349,1,Yes,53.6
1028,F,Ship,3,1,146,3,medium,M,16,1714,1,Yes,99.8
1029,A,Ship,3,3,193,3,medium,M,11,3188,1,Yes,100.0
1030,B,Ship,3,1,229,2,medium,F,12,3111,1,Yes,100.0
1031,C,Ship,4,1,239,2,high,M,16,2504,1,Yes,100.0
1032,F,Ship,6,2,103,4,medium,M,37,1093,1,Yes,99.5
1033,D,Ship,5,4,254,5,low,F,36,2039,1,Yes,100.0
1034,F,Ship,2,2,198,2,low,M,11,3686,1,Yes,100.0
1035,A,Ship,3,3,208,3,medium,M,61,3783,1,Yes,100.0
1036,B,Ship,3,5,253,2,medium,M,17,2205,1,Yes,100.0
1037,C,Ship,4,3,261,2,high,M,47,2336,1,Yes,100.0
1038,F,Ship,3,1,156,3,medium,M,49,1253,1,Yes,99.9
1039,D,Ship,4,3,97,2,low,M,26,1598,1,Yes,99.8
1040,F,Ship,2,5,275,2,low,M,41,2546,1,Yes,100.0
1041,A,Ship,2,1,189,2,high,M,48,2429,1,Yes,100.0
1042,B,Ship,3,1,236,3,medium,M,28,3290,1,Yes,100.0
1043,C,Ship,5,1,170,3,medium,F,60,1883,1,Yes,99.9
1044,F,Ship,4,2,251,2,low,M,53,2673,1,Yes,100.0
1045,D,Ship,3,3,205,2,medium,F,58,2187,1,Yes,100.0
1046,F,Ship,4,5,135,3,medium,F,53,1744,1,Yes,99.8
1047,A,Ship,3,3,231,2,medium,F,24,2177,1,Yes,100.0
1048,B,Ship,3,4,257,3,medium,M,56,2941,1,Yes,100.0
1049,C,Ship,5,2,162,3,high,M,57,1233,1,Yes,99.8
1050,F,Ship,6,5,237,5,high,F,63,2573,1,Yes,100.0
1051,D,Ship,3,4,134,4,medium,M,53,1887,1,Yes,99.7
1052,F,Ship,2,1,163,3,medium,F,24,1119,1,Yes,99.8
1053,A,Ship,5,5,264,3,medium,F,27,2019,1,Yes,100.0
1054,B,Ship,5,2,173,4,low,M,21,1674,1,Yes,99.5
1055,C,Ship,2,4,191,3,low,F,58,2586,1,Yes,100.0
1056,F,Ship,3,3,152,3,medium,M,5,1385,1,Yes,85.7
1057,D,Ship,3,4,272,4,low,F,23,2048,1,Yes,100.0
1058,F,Ship,4,2,198,2,low,M,60,3368,1,Yes,100.0
1059,A,Ship,4,3,260,4,medium,M,40,3668,1,Yes,100.0
1060,B,Ship,4,3,158,6,medium,M,43,1478,1,Yes,99.0
1061,C,Ship,5,3,252,4,medium,M,63,3729,1,Yes,100.0
1062,F,Ship,4,2,199,3,low,M,64,2470,1,Yes,100.0
1063,D,Ship,4,2,272,4,low,M,62,2307,1,Yes,100.0
1064,F,Ship,3,4,209,3,low,M,37,2215,1,Yes,100.0
1065,A,Ship,3,2,147,4,low,M,13,1657,1,Yes,99.7
1066,B,Ship,4,2,166,4,low,F,63,1759,1,Yes,99.5
1067,C,Ship,3,4,165,2,low,M,48,1706,1,Yes,99.8
1068,F,Ship,4,5,162,2,medium,F,57,1715,1,Yes,99.7
1069,D,Ship,3,3,255,3,medium,M,23,3764,1,Yes,100.0
1070,F,Road,5,5,179,5,low,M,38,1437,1,Yes,99.5
1071,A,Road,3,4,250,2,high,M,61,3207,1,Yes,100.0
1072,B,Road,3,5,251,2,low,F,28,3936,1,Yes,100.0
1073,C,Road,4,4,198,2,low,F,5,2270,1,Yes,92.8
1074,F,Road,3,1,148,2,medium,M,34,1053,1,Yes,99.9
1075,D,Road,4,5,268,3,medium,F,3,2758,1,Yes,93.0
1076,F,Road,5,2,239,3,low,F,47,3673,1,Yes,100.0
1077,A,Road,3,4,195,3,medium,M,10,2021,1,Yes,94.0
1078,B,Road,4,3,252,2,medium,F,51,2658,1,Yes,100.0
1079,C,Road,3,5,272,3,medium,M,48,3780,1,Yes,100.0
1080,F,Road,2,4,141,3,medium,F,27,1628,1,Yes,99.8
1081,D,Road,3,1,224,3,low,F,45,3624,1,Yes,100.0
1082,F,Road,6,3,270,3,low,F,56,3251,1,Yes,99.8
1083,A,Road,6,3,236,3,medium,M,6,2639,1,Yes,90.7
1084,B,Road,3,1,227,3,medium,F,47,3512,1,Yes,100.0
1085,C,Road,3,4,262,3,low,M,7,2424,1,Yes,94.2
1086,F,Road,3,1,228,2,low,M,45,2257,1,Yes,100.0
1087,D,Road,4,2,176,3,low,M,23,1909,1,Yes,99.8
1088,F,Road,4,2,147,3,medium,M,44,1873,1,Yes,99.8
1089,A,Road,5,2,196,3,medium,M,44,2085,1,Yes,100.0
1090,B,Road,3,1,112,5,medium,F,41,1249,1,Yes,99.6
1091,C,Road,4,2,221,2,medium,M,54,3065,1,Yes,100.0
1092,F,Flight,3,5,154,3,medium,M,46,1312,1,Yes,99.9
1093,D,Flight,4,4,200,3,low,M,19,2976,1,Yes,100.0
1094,F,Flight,2,5,216,2,medium,F,57,3807,1,Yes,100.0
1095,A,Flight,3,1,185,3,medium,M,3,3051,1,Yes,93.7
1096,B,Flight,4,2,199,3,low,M,23,2994,1,Yes,100.0
1097,C,Flight,5,2,265,3,low,F,12,2892,1,Yes,100.0
1098,F,Flight,3,2,263,3,low,F,57,2113,1,Yes,100.0
1099,D,Flight,4,2,181,2,low,F,28,2815,1,Yes,100.0
1100,F,Flight,4,3,163,2,low,F,12,1092,1,Yes,99.8
1101,A,Flight,5,2,260,2,medium,M,23,3962,1,Yes,100.0
1102,B,Flight,6,2,159,5,medium,F,22,1247,1,Yes,99.5
1103,C,Flight,4,1,227,3,medium,M,54,3043,1,Yes,100.0
1104,F,Flight,3,3,104,5,medium,F,41,1936,1,Yes,99.6
1105,D,Flight,3,4,188,4,low,F,49,3067,1,Yes,100.0
1106,F,Flight,5,3,202,3,high,M,41,3536,1,Yes,100.0
1107,A,Flight,3,3,213,6,low,F,17,2424,1,Yes,100.0
1108,B,Flight,3,1,211,2,low,F,45,3332,1,Yes,100.0
1109,C,Flight,4,4,232,3,medium,F,61,2484,1,Yes,100.0
1110,F,Flight,4,3,143,2,high,M,39,1727,1,Yes,99.7
1111,D,Flight,5,1,196,3,medium,M,24,2957,1,Yes,100.0
1112,F,Flight,4,1,150,6,medium,F,42,1070,1,Yes,99.0
1113,A,Flight,5,1,222,3,high,M,21,2351,1,Yes,100.0
1114,B,Ship,3,2,203,3,high,M,3,2791,1,Yes,93.7
1115,C,Ship,5,2,178,3,medium,M,60,1176,1,Yes,99.8
1116,F,Ship,4,2,272,2,low,M,21,3271,1,Yes,100.0
1117,D,Ship,4,2,182,3,low,M,58,3943,1,Yes,100.0
1118,F,Ship,4,4,205,3,low,F,11,2255,1,Yes,100.0
1119,A,Ship,3,2,171,3,medium,M,11,1282,1,Yes,99.9
1120,B,Ship,4,1,172,2,low,M,48,1993,1,Yes,99.6
1121,C,Ship,3,2,210,2,medium,M,30,3928,1,Yes,100.0
1122,F,Ship,2,1,264,3,medium,M,10,3409,1,Yes,93.7
1123,D,Ship,4,1,181,4,low,F,46,2399,1,Yes,100.0
1124,F,Ship,3,5,240,3,medium,F,54,2919,1,Yes,100.0
1125,A,Ship,4,4,140,4,medium,F,46,1442,1,Yes,99.5
1126,B,Ship,6,4,283,5,medium,F,35,2686,1,Yes,100.0
1127,C,Ship,4,3,263,4,medium,M,23,2960,1,Yes,100.0
1128,F,Ship,4,4,136,3,high,F,35,1234,1,Yes,99.8
1129,D,Ship,4,4,145,4,low,F,35,1210,1,Yes,99.5
1130,F,Ship,3,3,162,2,low,F,42,1763,1,Yes,99.8
1131,A,Ship,5,1,230,6,low,F,60,2067,1,Yes,100.0
1132,B,Ship,3,3,148,5,medium,M,61,1452,1,Yes,99.6
1133,C,Ship,3,3,175,3,high,F,45,1212,1,Yes,99.9
1134,F,Ship,4,2,227,2,high,M,35,3583,1,Yes,100.0
1135,D,Ship,4,1,177,4,low,F,13,1569,1,Yes,99.5
1136,F,Ship,6,1,257,3,medium,M,60,3416,1,Yes,99.8
1137,A,Ship,5,5,198,5,medium,M,36,2803,1,Yes,100.0
1138,B,Ship,3,5,251,3,medium,M,59,3651,1,Yes,100.0
1139,C,Ship,5,5,158,3,medium,F,47,1246,1,Yes,99.8
1140,F,Ship,4,5,171,6,medium,F,27,1840,1,Yes,99.0
1141,D,Ship,4,1,260,2,low,M,2,2980,1,Yes,92.3
1142,F,Ship,3,4,263,3,low,M,42,2992,1,Yes,100.0
1143,A,Ship,6,3,269,2,high,M,43,2300,1,Yes,99.9
1144,B,Ship,3,3,224,2,low,F,37,3220,1,Yes,100.0
1145,C,Ship,4,1,118,5,low,M,50,1413,1,Yes,99.0
1146,F,Ship,5,1,186,10,low,M,64,2529,1,Yes,100.0
1147,D,Ship,5,5,191,2,high,M,34,2708,1,Yes,100.0
1148,F,Ship,5,5,174,6,medium,F,26,1184,1,Yes,99.5
1149,A,Ship,3,1,140,2,medium,F,55,1339,1,Yes,99.9
1150,B,Ship,4,2,193,2,high,F,48,2371,1,Yes,100.0
1151,C,Ship,3,4,148,10,high,F,12,1779,1,Yes,99.8
1152,F,Ship,2,2,176,5,low,F,55,1211,1,Yes,99.6
1153,D,Ship,4,1,135,10,medium,M,35,1989,1,Yes,99.5
1154,F,Ship,6,5,154,10,medium,F,48,1990,1,Yes,100.0
1155,A,Ship,4,5,143,8,low,M,44,1756,1,Yes,99.5
1156,B,Ship,4,3,173,2,low,F,10,1179,1,Yes,82.1
1157,C,Ship,4,5,262,3,medium,F,38,3139,1,Yes,100.0
1158,F,Ship,4,1,171,3,low,F,58,1516,1,Yes,99.8
1159,D,Ship,4,3,246,2,low,M,55,2387,1,Yes,100.0
1160,F,Ship,3,4,266,2,high,F,55,2779,1,Yes,100.0
1161,A,Ship,4,5,127,8,low,M,39,1411,1,Yes,99.5
1162,B,Ship,5,2,167,8,low,M,28,1921,1,Yes,100.0
1163,C,Ship,4,2,187,4,medium,M,37,2200,1,Yes,100.0
1164,F,Ship,3,2,162,2,low,F,54,1614,1,Yes,99.9
1165,D,Ship,5,2,230,6,low,M,10,3604,1,Yes,73.8
1166,F,Ship,3,4,148,5,medium,F,50,1540,1,Yes,99.6
1167,A,Ship,3,3,175,3,high,F,55,1229,1,Yes,99.9
1168,B,Ship,4,1,227,2,high,M,60,3080,1,Yes,100.0
1169,C,Ship,4,3,177,4,low,M,38,1767,1,Yes,99.5
1170,F,Ship,6,1,257,3,medium,M,37,2239,1,Yes,99.8
1171,D,Ship,5,1,198,5,medium,F,49,3187,1,Yes,100.0
1172,F,Ship,3,1,251,3,medium,F,18,2240,1,Yes,100.0
1173,A,Ship,5,2,158,3,medium,M,16,1499,1,Yes,99.8
1174,B,Ship,4,3,171,6,medium,F,9,1909,1,No,46.8
1175,C,Ship,4,3,260,2,low,M,38,2526,1,Yes,100.0
1176,F,Ship,3,1,263,3,low,M,25,3689,1,Yes,100.0
1177,D,Ship,6,4,269,2,high,M,47,4000,1,Yes,96.3
1178,F,Ship,3,2,224,2,low,F,49,3749,1,Yes,100.0
1179,A,Ship,4,3,118,5,low,F,15,1601,1,Yes,99.0
1180,B,Ship,5,4,186,10,low,F,24,3621,1,Yes,100.0
1181,C,Ship,5,2,191,2,high,F,6,2059,1,Yes,93.0
1182,F,Ship,5,1,174,6,medium,M,44,1635,1,Yes,99.5
1183,D,Ship,3,3,140,2,medium,M,55,1847,1,Yes,99.9
1184,F,Ship,4,1,193,2,high,M,37,3510,1,Yes,100.0
1185,A,Ship,3,5,148,10,high,F,35,1597,1,Yes,99.8
1186,B,Ship,2,3,176,5,low,M,29,1254,1,Yes,99.6
1187,C,Ship,4,4,135,10,medium,F,57,1361,1,Yes,99.5
1188,F,Ship,6,5,154,10,medium,F,14,1204,1,Yes,100.0
1189,D,Ship,4,5,143,8,low,M,38,1095,1,Yes,99.5
1190,F,Ship,4,2,173,2,low,F,30,1336,1,Yes,99.8
1191,A,Ship,4,3,262,3,medium,M,46,2904,1,Yes,100.0
1192,B,Ship,4,5,171,3,low,F,21,1683,1,Yes,99.8
1193,C,Ship,4,4,246,2,low,M,11,2282,1,Yes,100.0
1194,F,Ship,3,4,266,2,high,M,49,2643,1,Yes,100.0
1195,D,Ship,4,1,127,8,low,F,12,1519,1,Yes,99.5
1196,F,Ship,5,5,167,8,low,M,44,1547,1,Yes,100.0
1197,A,Ship,4,2,187,4,medium,M,49,3225,1,Yes,100.0
1198,B,Ship,6,2,294,4,low,M,35,1625,1,Yes,99.5
1199,C,Ship,4,2,158,4,low,F,13,1785,1,Yes,99.5
1200,F,Ship,6,5,135,5,low,M,55,1078,1,Yes,99.5
1201,D,Ship,4,2,238,3,low,F,28,1915,1,Yes,99.8
1202,F,Ship,6,1,213,3,low,M,63,1548,1,Yes,99.5
1203,A,Ship,4,4,237,2,medium,M,21,1495,1,Yes,99.8
1204,B,Ship,4,1,257,3,low,M,47,1308,1,Yes,99.8
1205,C,Ship,5,2,198,5,low,M,65,1994,1,Yes,99.7
1206,F,Ship,3,3,218,3,medium,M,48,3425,1,Yes,100.0
1207,D,Road,4,4,236,4,low,M,65,2280,1,Yes,100.0
1208,F,Road,3,1,100,3,low,F,17,1129,1,Yes,99.9
1209,A,Road,3,1,154,2,low,F,44,1994,1,Yes,99.7
1210,B,Road,5,1,238,3,low,M,32,3832,1,Yes,100.0
1211,C,Road,5,5,128,5,low,M,34,1008,1,Yes,99.5
1212,F,Road,4,1,140,3,medium,M,9,1431,1,Yes,82.9
1213,D,Road,2,4,187,3,low,M,50,3878,1,Yes,100.0
1214,F,Road,4,3,256,3,low,F,15,3155,1,Yes,100.0
1215,A,Road,3,3,270,4,low,F,18,2397,1,Yes,100.0
1216,B,Road,4,2,202,2,low,F,45,3008,1,Yes,100.0
1217,C,Road,3,5,256,3,low,F,62,2971,1,Yes,100.0
1218,F,Road,4,3,135,2,medium,F,37,1597,1,Yes,99.8
1219,D,Road,4,4,184,4,medium,M,8,2306,1,Yes,73.3
1220,F,Road,5,5,169,4,medium,F,23,1922,1,Yes,99.5
1221,A,Road,3,2,178,4,medium,F,48,1079,1,Yes,99.7
1222,B,Road,4,5,265,3,medium,F,41,3101,1,Yes,100.0
1223,C,Road,4,3,217,2,medium,M,22,2138,1,Yes,100.0
1224,F,Road,3,1,258,2,medium,M,11,2791,1,Yes,100.0
1225,D,Road,3,3,218,2,medium,M,9,2069,1,Yes,91.7
1226,F,Road,3,1,135,2,medium,M,7,1316,1,Yes,83.2
1227,A,Road,3,3,150,2,medium,F,61,1053,1,Yes,99.9
1228,B,Road,3,4,200,3,medium,F,49,2942,1,Yes,100.0
1229,C,Flight,6,1,136,3,high,M,12,1592,1,Yes,99.5
1230,F,Flight,3,2,119,2,low,M,32,1791,1,Yes,99.8
1231,D,Flight,5,4,212,6,medium,F,5,2041,1,Yes,73.0
1232,F,Flight,4,2,272,2,low,M,57,2377,1,Yes,100.0
1233,A,Flight,4,2,166,3,low,M,5,1610,1,Yes,83.3
1234,B,Flight,3,5,176,3,high,F,1,1982,1,Yes,84.3
1235,C,Flight,2,3,280,4,low,M,17,3555,1,Yes,100.0
1236,F,Flight,3,2,169,2,medium,F,19,1922,1,Yes,99.9
1237,D,Flight,3,1,231,6,medium,F,64,3627,1,Yes,100.0
1238,F,Flight,4,1,140,2,low,F,5,1274,1,Yes,81.4
1239,A,Flight,3,5,183,3,medium,F,44,3158,1,Yes,100.0
1240,B,Flight,4,5,157,3,medium,M,28,1557,1,Yes,99.8
1241,C,Flight,4,5,210,4,medium,F,28,3905,1,Yes,100.0
1242,F,Flight,4,5,227,4,low,F,20,2217,1,Yes,100.0
1243,D,Flight,4,1,250,2,medium,M,45,3021,1,Yes,100.0
1244,F,Flight,6,3,171,5,high,M,61,1947,1,Yes,99.5
1245,A,Flight,4,2,136,2,medium,F,17,1285,1,Yes,99.8
1246,B,Flight,4,3,258,3,medium,M,58,2579,1,Yes,100.0
1247,C,Flight,6,2,271,5,low,M,14,2514,1,Yes,100.0
1248,F,Flight,4,4,197,3,low,F,29,2915,1,Yes,100.0
1249,D,Flight,5,2,217,3,low,M,27,2999,1,Yes,100.0
1250,F,Flight,4,1,247,3,low,F,9,2414,1,Yes,93.3
1251,A,Ship,4,4,192,4,medium,F,46,3599,1,Yes,100.0
1252,B,Ship,3,1,254,3,medium,M,6,3496,1,Yes,94.2
1253,C,Ship,5,5,226,3,medium,F,65,3840,1,Yes,100.0
1254,F,Ship,5,3,197,2,low,F,48,2481,1,Yes,100.0
1255,D,Ship,3,1,203,4,medium,M,12,2779,1,Yes,100.0
1256,F,Ship,4,5,196,3,medium,M,16,3722,1,Yes,100.0
1257,A,Ship,2,2,180,3,low,M,33,1217,1,Yes,99.8
1258,B,Ship,3,5,219,3,low,F,54,3145,1,Yes,100.0
1259,C,Ship,4,4,266,2,low,F,15,3425,1,Yes,100.0
1260,F,Ship,5,1,144,2,low,F,20,1082,1,Yes,99.7
1261,D,Ship,5,3,197,2,low,F,12,3400,1,Yes,100.0
1262,F,Ship,4,1,258,3,medium,F,4,3686,1,Yes,93.3
1263,A,Ship,3,3,187,3,low,F,63,2481,1,Yes,100.0
1264,B,Ship,5,4,184,3,low,M,9,3332,1,Yes,93.7
1265,C,Ship,4,3,142,2,medium,F,63,1615,1,Yes,99.8
1266,F,Ship,3,5,283,5,low,F,50,2848,1,Yes,100.0
1267,D,Ship,4,2,221,2,low,F,13,3097,1,Yes,100.0
1268,F,Ship,3,2,233,5,low,M,44,2010,1,Yes,100.0
1269,A,Ship,6,4,129,5,low,F,58,1463,1,Yes,99.5
1270,B,Ship,3,4,154,2,medium,F,43,1542,1,Yes,99.9
1271,C,Ship,4,4,158,3,medium,M,63,1387,1,Yes,99.8
1272,F,Ship,5,3,236,6,medium,M,9,3715,1,Yes,73.3
1273,D,Ship,3,5,257,3,low,F,52,2170,1,Yes,100.0
1274,F,Ship,4,5,160,3,medium,M,50,1511,1,Yes,99.8
1275,A,Ship,4,2,255,4,low,F,62,3198,1,Yes,100.0
1276,B,Ship,4,3,210,2,medium,M,22,3124,1,Yes,100.0
1277,C,Ship,5,3,169,4,medium,F,37,1290,1,Yes,99.5
1278,F,Ship,3,1,275,2,high,F,1,2597,1,Yes,92.8
1279,D,Ship,3,2,185,3,medium,M,47,2467,1,Yes,100.0
1280,F,Ship,3,2,213,2,medium,F,54,2809,1,Yes,100.0
1281,A,Ship,3,4,179,3,high,M,57,1582,1,Yes,99.9
1282,B,Ship,3,3,110,3,low,M,7,1235,1,Yes,85.8
1283,C,Ship,3,4,216,3,low,F,41,2042,1,Yes,100.0
1284,F,Ship,4,1,267,3,medium,M,37,2716,1,Yes,100.0
1285,D,Ship,5,4,214,2,medium,F,1,3709,1,Yes,92.2
1286,F,Ship,5,2,196,3,low,M,38,2211,1,Yes,100.0
1287,A,Ship,2,2,192,2,low,F,8,3127,1,Yes,91.7
1288,B,Ship,4,1,191,3,low,M,4,2724,1,Yes,93.3
1289,C,Ship,3,4,222,3,medium,M,57,2714,1,Yes,100.0
1290,F,Ship,3,3,141,3,medium,M,10,1751,1,Yes,87.2
1291,D,Ship,4,3,242,3,low,M,1,2808,1,Yes,92.1
1292,F,Ship,3,4,212,2,high,M,13,2733,1,Yes,100.0
1293,A,Ship,5,5,133,3,medium,F,21,1648,1,Yes,99.8
1294,B,Ship,5,5,254,5,low,F,35,2508,1,Yes,100.0
1295,C,Ship,4,3,190,3,medium,F,2,2125,1,Yes,92.4
1296,F,Ship,5,3,185,3,low,M,25,2503,1,Yes,100.0
1297,D,Ship,3,5,191,3,medium,M,54,3890,1,Yes,100.0
1298,F,Ship,4,4,158,2,medium,M,15,1030,1,Yes,99.8
1299,A,Ship,3,5,171,3,low,F,49,1333,1,Yes,99.9
1300,B,Ship,3,4,160,2,medium,M,32,1085,1,Yes,99.9
1301,C,Ship,4,2,235,3,low,F,21,3088,1,Yes,100.0
1302,F,Ship,4,4,247,3,low,M,55,2361,1,Yes,100.0
1303,D,Ship,4,1,152,3,medium,F,65,1706,1,Yes,99.8
1304,F,Ship,4,3,138,3,medium,M,15,1080,1,Yes,99.8
1305,A,Ship,5,4,270,2,high,F,43,2971,1,Yes,100.0
1306,B,Ship,6,1,193,4,medium,M,8,2952,1,Yes,73.4
1307,C,Ship,4,3,252,2,medium,M,1,2336,1,Yes,92.1
1308,F,Ship,3,1,203,2,medium,F,51,3976,1,Yes,100.0
1309,D,Ship,5,4,141,3,medium,M,64,1677,1,Yes,99.8
1310,F,Ship,4,3,197,3,low,F,20,3617,1,Yes,100.0
1311,A,Ship,6,2,142,3,low,F,54,1332,1,Yes,99.5
1312,B,Ship,3,4,161,3,low,F,25,1048,1,Yes,99.9
1313,C,Ship,2,2,139,3,medium,F,23,1283,1,Yes,99.8
1314,F,Ship,2,5,186,2,low,M,17,3896,1,Yes,100.0
1315,D,Ship,5,3,190,3,low,M,52,2611,1,Yes,100.0
1316,F,Ship,5,3,186,4,low,M,23,3981,1,Yes,100.0
1317,A,Ship,3,2,181,3,low,F,29,2164,1,Yes,100.0
1318,B,Ship,4,4,111,6,low,M,8,1145,1,No,47.7
1319,C,Ship,2,3,159,3,medium,M,62,1124,1,Yes,99.8
1320,F,Ship,4,3,205,3,medium,F,44,2291,1,Yes,100.0
1321,D,Ship,5,1,134,3,high,F,12,1775,1,Yes,99.7
1322,F,Ship,3,1,191,3,low,F,4,3947,1,Yes,93.7
1323,A,Ship,2,3,141,2,medium,F,28,1624,1,Yes,99.9
1324,B,Ship,5,1,225,2,medium,M,31,3454,1,Yes,100.0
1325,C,Ship,3,5,171,3,medium,F,24,1300,1,Yes,99.9
1326,F,Ship,4,3,286,5,low,M,37,2938,1,Yes,100.0
1327,D,Ship,3,1,255,5,low,F,1,2713,1,Yes,77.0
1328,F,Ship,4,5,113,6,medium,M,25,1538,1,Yes,99.0
1329,A,Ship,5,1,201,3,medium,F,65,2488,1,Yes,100.0
1330,B,Ship,3,1,184,3,medium,F,49,2823,1,Yes,100.0
1331,C,Ship,3,1,199,2,medium,F,18,3346,1,Yes,100.0
1332,F,Ship,4,4,255,2,medium,M,29,2267,1,Yes,100.0
1333,D,Ship,4,5,269,4,medium,M,60,3456,1,Yes,100.0
1334,F,Ship,5,5,260,2,low,F,23,3065,1,Yes,100.0
1335,A,Ship,3,1,198,4,medium,F,44,2848,1,Yes,100.0
1336,B,Ship,4,2,256,2,medium,M,10,3128,1,Yes,92.5
1337,C,Ship,3,1,140,4,low,M,27,1184,1,Yes,99.7
1338,F,Ship,3,4,165,4,medium,F,7,1627,1,Yes,54.2
1339,D,Ship,3,3,144,3,low,M,1,1274,1,Yes,85.3
1340,F,Ship,2,2,240,3,low,M,53,2980,1,Yes,100.0
1341,A,Ship,4,2,183,4,low,M,15,3632,1,Yes,100.0
1342,B,Ship,5,3,201,2,low,M,4,3757,1,Yes,92.8
1343,C,Ship,4,4,216,2,medium,F,6,3255,1,Yes,93.0
1344,F,Road,4,5,218,3,low,M,25,2682,1,Yes,100.0
1345,D,Road,3,4,147,3,low,F,2,1307,1,Yes,85.1
1346,F,Road,3,5,264,2,medium,F,1,3947,1,Yes,92.8
1347,A,Road,4,4,145,3,low,F,43,1651,1,Yes,99.8
1348,B,Road,3,5,264,6,low,M,30,2751,1,Yes,100.0
1349,C,Road,4,5,253,2,medium,F,43,2589,1,Yes,100.0
1350,F,Road,2,4,257,6,low,M,5,3986,1,Yes,76.0
1351,D,Road,4,1,202,3,high,M,59,2563,1,Yes,100.0
1352,F,Road,5,5,245,4,medium,F,12,2225,1,Yes,100.0
1353,A,Road,4,1,162,2,low,F,47,1540,1,Yes,99.8
1354,B,Road,3,2,158,3,medium,F,39,1512,1,Yes,99.9
1355,C,Road,3,1,182,3,medium,F,40,3536,1,Yes,100.0
1356,F,Road,3,4,218,3,medium,F,4,3534,1,Yes,93.7
1357,D,Road,4,5,201,3,medium,M,41,3563,1,Yes,100.0
1358,F,Road,5,1,184,4,medium,F,38,2232,1,Yes,100.0
1359,A,Road,4,1,241,3,medium,F,61,3812,1,Yes,100.0
1360,B,Road,5,5,263,2,medium,M,59,3238,1,Yes,100.0
1361,C,Road,5,5,230,2,medium,F,36,3381,1,Yes,100.0
1362,F,Road,3,4,240,3,low,F,28,2356,1,Yes,100.0
1363,D,Road,4,5,233,3,medium,F,43,3856,1,Yes,100.0
1364,F,Road,4,3,237,2,medium,M,22,2912,1,Yes,100.0
1365,A,Road,5,4,144,3,low,F,59,1178,1,Yes,99.8
1366,B,Flight,3,1,167,3,low,M,1,1252,1,Yes,85.3
1367,C,Flight,4,5,138,3,low,F,64,1708,1,Yes,99.8
1368,F,Flight,5,3,165,2,medium,M,51,1429,1,Yes,99.7
1369,D,Flight,4,3,247,4,low,F,19,3838,1,Yes,100.0
1370,F,Flight,3,2,152,6,low,F,7,1674,1,Yes,54.4
1371,A,Flight,5,3,199,4,low,F,24,3473,1,Yes,100.0
1372,B,Flight,5,4,268,3,medium,M,6,2206,1,Yes,94.7
1373,C,Flight,4,5,150,2,low,F,30,1782,1,Yes,99.7
1374,F,Flight,5,5,190,4,medium,F,47,3644,1,Yes,100.0
1375,D,Flight,4,3,153,4,low,M,36,1171,1,Yes,99.5
1376,F,Flight,4,2,185,3,low,M,27,3410,1,Yes,100.0
1377,A,Flight,5,1,274,3,medium,M,58,2098,1,Yes,100.0
1378,B,Flight,4,3,258,2,high,M,11,2252,1,Yes,100.0
1379,C,Flight,3,1,110,3,low,F,54,1155,1,Yes,99.9
1380,F,Flight,3,5,240,6,low,M,21,3559,1,Yes,100.0
1381,D,Flight,6,5,118,2,low,F,6,1726,1,Yes,75.9
1382,F,Flight,3,2,243,2,low,F,38,3850,1,Yes,100.0
1383,A,Flight,6,2,225,6,low,M,44,2057,1,Yes,100.0
1384,B,Flight,3,2,238,4,medium,F,49,3179,1,Yes,100.0
1385,C,Flight,4,4,127,5,low,F,16,1955,1,Yes,99.0
1386,F,Flight,3,5,166,2,low,M,45,1665,1,Yes,99.9
1387,D,Flight,3,1,180,3,low,F,29,1414,1,Yes,99.9
1388,F,Ship,4,4,161,2,medium,M,59,1941,1,Yes,99.8
1389,A,Ship,5,1,230,3,low,F,43,2994,1,Yes,100.0
1390,B,Ship,5,3,167,3,low,F,51,1573,1,Yes,99.8
1391,C,Ship,4,5,186,3,low,F,16,2693,1,Yes,100.0
1392,F,Ship,4,4,150,3,high,M,9,1620,1,Yes,83.1
1393,D,Ship,4,1,253,7,medium,M,37,2955,1,Yes,100.0
1394,F,Ship,5,2,239,2,medium,F,59,2897,1,Yes,100.0
1395,A,Ship,6,2,294,4,low,M,57,1265,1,Yes,99.5
1396,B,Ship,4,2,158,4,low,F,45,1758,1,Yes,99.5
1397,C,Ship,6,3,135,5,low,F,20,1266,1,Yes,99.5
1398,F,Ship,4,2,238,3,low,F,28,1040,1,Yes,99.8
1399,D,Ship,6,3,213,3,low,M,17,1656,1,Yes,99.5
1400,F,Ship,5,2,165,2,medium,F,18,1918,1,Yes,99.8
1401,A,Ship,4,3,247,4,low,M,16,2362,1,Yes,100.0
1402,B,Ship,3,5,152,6,low,F,32,1158,1,Yes,99.6
1403,C,Ship,5,4,199,4,low,M,24,3443,1,Yes,100.0
1404,F,Ship,5,2,268,3,medium,F,41,3716,1,Yes,100.0
1405,D,Ship,4,3,150,2,low,M,51,1491,1,Yes,99.8
1406,F,Ship,5,1,190,4,medium,M,24,3446,1,Yes,100.0
1407,A,Ship,4,1,153,4,low,M,7,1130,1,No,47.9
1408,B,Ship,4,4,185,3,low,M,13,2080,1,Yes,100.0
1409,C,Ship,5,3,274,3,medium,F,54,2905,1,Yes,100.0
1410,F,Ship,4,5,258,2,high,M,5,3512,1,Yes,92.8
1411,D,Ship,3,4,110,3,low,F,55,1281,1,Yes,99.9
1412,F,Ship,3,2,240,6,low,F,26,2683,1,Yes,100.0
1413,A,Ship,6,2,118,2,low,F,2,1744,1,Yes,73.7
1414,B,Ship,3,4,243,2,low,F,14,3693,1,Yes,100.0
1415,C,Ship,6,5,225,6,low,F,55,2052,1,Yes,100.0
1416,F,Ship,3,3,238,4,medium,M,57,3537,1,Yes,100.0
1417,D,Ship,4,3,127,5,low,F,5,1205,1,No,47.0
1418,F,Ship,3,3,166,2,low,F,45,1791,1,Yes,99.8
1419,A,Ship,3,5,180,3,low,M,6,1228,1,Yes,85.8
1420,B,Ship,4,5,161,2,medium,M,55,1457,1,Yes,99.8
1421,C,Ship,5,4,230,3,low,F,39,3989,1,Yes,100.0
1422,F,Ship,5,5,167,3,low,F,53,1564,1,Yes,99.8
1423,D,Ship,4,3,186,3,low,F,25,3851,1,Yes,100.0
1424,F,Ship,4,2,150,3,high,F,32,1689,1,Yes,99.8
1425,A,Ship,4,5,253,7,medium,F,11,3825,1,Yes,99.4
1426,B,Ship,5,2,239,2,medium,F,15,2471,1,Yes,100.0
1427,C,Ship,6,3,294,4,low,M,52,1667,1,Yes,99.5
1428,F,Ship,4,5,158,4,low,F,4,1595,1,No,47.8
1429,D,Ship,6,2,135,5,low,M,26,1585,1,Yes,99.5
1430,F,Ship,4,5,238,3,low,M,9,1724,1,Yes,83.3
1431,A,Ship,6,2,265,3,low,M,3,1904,1,Yes,77.1
1432,B,Ship,5,5,180,5,medium,M,35,1725,1,Yes,99.5
1433,C,Ship,7,2,229,3,low,F,43,1793,1,Yes,99.5
1434,F,Ship,3,2,176,3,low,M,51,1297,1,Yes,99.9
1435,D,Ship,3,5,172,2,medium,M,60,1840,1,Yes,99.9
1436,F,Ship,6,5,100,4,medium,F,3,1440,1,No,48.0
1437,A,Ship,4,3,142,6,low,M,6,1459,1,No,46.7
1438,B,Ship,4,3,153,3,medium,M,2,1095,1,Yes,81.1
1439,C,Ship,3,4,160,4,low,F,56,1408,1,Yes,99.7
1440,F,Ship,4,3,217,3,medium,F,16,3444,1,Yes,100.0
1441,D,Ship,3,2,273,3,low,M,41,3464,1,Yes,100.0
1442,F,Ship,3,4,133,3,low,M,17,1187,1,Yes,99.9
1443,A,Ship,3,4,155,4,low,M,54,1885,1,Yes,99.7
1444,B,Ship,5,3,184,4,medium,F,2,3798,1,Yes,73.9
1445,C,Ship,5,5,230,3,medium,M,43,3609,1,Yes,100.0
1446,F,Ship,3,4,254,3,high,M,53,3538,1,Yes,100.0
1447,D,Ship,4,5,108,6,medium,M,46,1882,1,Yes,99.0
1448,F,Ship,4,4,154,3,low,M,52,1367,1,Yes,99.8
1449,A,Ship,5,3,177,3,low,F,1,1916,1,Yes,81.2
1450,B,Ship,3,3,162,2,medium,M,65,1184,1,Yes,99.9
1451,C,Ship,3,4,285,6,low,F,27,2249,1,Yes,100.0
1452,F,Ship,3,2,257,3,low,F,6,3620,1,Yes,94.2
1453,D,Ship,4,5,143,3,low,F,48,1922,1,Yes,99.8
1454,F,Ship,6,3,223,6,medium,M,29,2980,1,Yes,100.0
1455,A,Ship,3,5,230,2,low,M,27,3840,1,Yes,100.0
1456,B,Ship,4,5,241,4,medium,M,58,2874,1,Yes,100.0
1457,C,Ship,3,5,156,3,medium,M,44,1424,1,Yes,99.9
1458,F,Ship,4,4,232,4,low,M,27,3436,1,Yes,100.0
1459,D,Ship,3,2,231,3,low,M,55,3952,1,Yes,100.0
1460,F,Ship,3,4,183,2,medium,F,52,2078,1,Yes,100.0
1461,A,Ship,4,1,240,3,low,M,50,2430,1,Yes,100.0
1462,B,Ship,4,4,218,2,medium,M,27,2824,1,Yes,100.0
1463,C,Ship,5,1,248,3,low,M,37,3830,1,Yes,100.0
1464,F,Ship,4,3,170,2,medium,F,33,1980,1,Yes,99.8
1465,D,Ship,3,2,226,3,low,M,11,3708,1,Yes,100.0
1466,F,Ship,4,3,232,3,low,M,11,2624,1,Yes,100.0
1467,A,Ship,4,1,192,3,low,F,15,3460,1,Yes,100.0
1468,B,Ship,3,5,250,4,low,F,11,3464,1,Yes,100.0
1469,C,Ship,5,5,224,3,medium,F,48,2298,1,Yes,100.0
1470,F,Ship,3,3,167,3,medium,F,42,1363,1,Yes,99.9
1471,D,Ship,2,3,123,2,medium,M,11,1383,1,Yes,99.9
1472,F,Ship,5,2,243,2,medium,F,4,3681,1,Yes,92.8
1473,A,Ship,4,3,233,2,low,F,45,2732,1,Yes,100.0
1474,B,Ship,3,3,201,2,high,M,36,3340,1,Yes,100.0
1475,C,Ship,3,1,230,2,medium,F,18,2832,1,Yes,100.0
1476,F,Ship,4,3,271,3,low,M,59,2996,1,Yes,100.0
1477,D,Ship,4,1,159,3,medium,M,13,1445,1,Yes,99.8
1478,F,Ship,3,3,249,3,low,M,55,3375,1,Yes,100.0
1479,A,Ship,3,4,137,3,medium,F,17,1212,1,Yes,99.9
1480,B,Ship,3,5,225,3,medium,M,8,3813,1,Yes,93.4
1481,C,Road,4,1,226,3,low,F,28,2211,1,Yes,100.0
1482,F,Road,4,4,174,3,low,M,49,1141,1,Yes,99.8
1483,D,Road,5,2,264,5,low,F,27,3118,1,Yes,100.0
1484,F,Road,4,4,151,3,medium,F,6,1930,1,Yes,83.7
1485,A,Road,3,1,180,2,low,F,65,1321,1,Yes,99.9
1486,B,Road,3,4,149,2,medium,F,37,1080,1,Yes,99.9
1487,C,Road,3,1,209,3,low,F,20,3181,1,Yes,100.0
1488,F,Road,6,1,219,6,low,F,10,2385,1,Yes,73.5
1489,D,Road,4,3,164,3,low,M,28,1880,1,Yes,99.8
1490,F,Road,3,1,268,3,medium,M,3,3040,1,Yes,93.7
1491,A,Road,4,4,204,4,medium,F,35,2513,1,Yes,100.0
1492,B,Road,5,5,226,3,medium,M,23,2626,1,Yes,100.0
1493,C,Road,5,1,105,5,low,M,1,1101,1,No,48.1
1494,F,Road,4,5,153,3,low,M,10,1183,1,Yes,84.3
1495,D,Road,3,5,192,2,medium,F,5,2339,1,Yes,93.0
1496,F,Road,4,3,199,2,low,F,28,2607,1,Yes,100.0
1497,A,Road,5,2,156,4,medium,M,39,1204,1,Yes,99.5
1498,B,Road,3,2,180,2,low,M,53,1853,1,Yes,99.9
1499,C,Road,4,5,162,2,medium,M,62,1650,1,Yes,99.8
1500,F,Road,5,5,284,6,low,M,9,3912,1,Yes,73.3
1501,D,Road,4,1,271,2,high,M,33,3269,1,Yes,100.0
1502,F,Road,3,1,269,2,medium,M,38,2195,1,Yes,100.0
1503,A,Flight,3,4,135,3,low,M,11,1740,1,Yes,99.8
1504,B,Flight,5,2,200,2,low,F,2,2075,1,Yes,92.2
1505,C,Flight,5,2,206,6,medium,M,23,2016,1,Yes,100.0
1506,F,Flight,4,2,229,4,low,F,32,3518,1,Yes,100.0
1507,D,Flight,5,3,267,3,low,M,48,3393,1,Yes,100.0
1508,F,Flight,4,1,135,2,medium,F,64,1471,1,Yes,99.8
1509,A,Flight,4,5,259,2,medium,M,15,2381,1,Yes,100.0
1510,B,Flight,3,3,223,2,medium,M,30,3622,1,Yes,100.0
1511,C,Flight,3,4,245,4,low,M,20,2534,1,Yes,100.0
1512,F,Flight,4,4,207,3,low,M,20,2637,1,Yes,100.0
1513,D,Flight,5,3,171,3,medium,M,62,1304,1,Yes,99.8
1514,F,Flight,3,5,130,5,low,F,27,1891,1,Yes,99.6
1515,A,Flight,3,2,241,3,medium,F,60,3922,1,Yes,100.0
1516,B,Flight,4,4,261,3,low,F,33,3678,1,Yes,100.0
1517,C,Flight,3,5,182,3,medium,M,34,3595,1,Yes,100.0
1518,F,Flight,3,2,270,4,high,M,29,3768,1,Yes,100.0
1519,D,Flight,3,5,157,4,medium,M,26,1969,1,Yes,99.7
1520,F,Flight,3,3,172,4,low,F,33,1989,1,Yes,99.7
1521,A,Flight,3,3,205,2,medium,F,2,2910,1,Yes,92.7
1522,B,Flight,4,5,268,3,medium,M,7,3622,1,Yes,93.7
1523,C,Flight,3,1,156,3,medium,F,1,1517,1,Yes,85.1
1524,F,Flight,3,5,202,2,low,F,4,3372,1,Yes,92.7
1525,D,Ship,3,1,249,3,low,F,43,3277,1,Yes,100.0
1526,F,Ship,3,2,141,3,medium,F,41,1801,1,Yes,99.8
1527,A,Ship,3,1,230,2,medium,M,28,3646,1,Yes,100.0
1528,B,Ship,5,5,229,2,medium,F,59,3844,1,Yes,100.0
1529,C,Ship,4,5,146,4,low,F,25,1606,1,Yes,99.5
1530,F,Ship,3,3,162,2,low,F,26,1659,1,Yes,99.9
1531,D,Ship,5,2,241,3,low,M,39,3743,1,Yes,100.0
1532,F,Ship,3,4,271,2,low,M,14,2163,1,Yes,100.0
1533,A,Ship,3,5,166,3,high,F,31,1117,1,Yes,99.9
1534,B,Ship,3,1,171,3,medium,M,28,1075,1,Yes,99.9
1535,C,Ship,3,5,169,2,low,F,20,1021,1,Yes,99.9
1536,F,Ship,3,1,137,3,low,M,47,1611,1,Yes,99.9
1537,D,Ship,3,4,211,3,low,M,56,3654,1,Yes,100.0
1538,F,Ship,4,5,171,3,medium,F,2,1114,1,Yes,81.1
1539,A,Ship,4,4,142,4,medium,M,2,1461,1,No,49.5
1540,B,Ship,3,2,184,4,medium,F,10,2972,1,Yes,76.2
1541,C,Ship,6,5,111,6,high,F,28,1216,1,Yes,99.5
1542,F,Ship,2,5,278,4,low,M,34,3416,1,Yes,100.0
1543,D,Ship,3,5,160,2,medium,F,41,1495,1,Yes,99.9
1544,F,Ship,3,4,212,2,medium,F,56,3976,1,Yes,100.0
1545,A,Ship,3,5,175,2,low,M,59,1051,1,Yes,99.9
1546,B,Ship,4,3,251,3,medium,F,46,2632,1,Yes,100.0
1547,C,Ship,3,3,205,2,low,F,15,3231,1,Yes,100.0
1548,F,Ship,5,5,163,3,low,M,54,1536,1,Yes,99.8
1549,D,Ship,4,1,272,2,low,M,27,2030,1,Yes,100.0
1550,F,Ship,4,1,134,3,medium,F,37,1818,1,Yes,99.8
1551,A,Ship,5,5,259,2,medium,M,63,2583,1,Yes,100.0
1552,B,Ship,3,3,246,3,medium,F,45,3945,1,Yes,100.0
1553,C,Ship,4,1,211,2,medium,F,44,3099,1,Yes,100.0
1554,F,Ship,4,2,190,2,medium,F,6,3595,1,Yes,93.0
1555,D,Ship,4,5,233,5,medium,F,44,2648,1,Yes,100.0
1556,F,Ship,5,4,199,2,high,F,20,2553,1,Yes,100.0
1557,A,Ship,5,2,191,3,high,F,52,2028,1,Yes,100.0
1558,B,Ship,4,1,148,3,low,M,30,1731,1,Yes,99.8
1559,C,Ship,2,5,177,6,medium,F,41,1772,1,Yes,99.6
1560,F,Ship,3,1,171,2,low,M,1,1629,1,Yes,83.0
1561,D,Ship,3,3,237,3,medium,M,57,3761,1,Yes,100.0
1562,F,Ship,4,4,265,3,medium,F,47,3307,1,Yes,100.0
1563,A,Ship,4,2,136,2,medium,M,19,1387,1,Yes,99.8
1564,B,Ship,3,1,145,2,high,M,25,1851,1,Yes,99.9
1565,C,Ship,4,1,238,2,low,F,3,2241,1,Yes,92.0
1566,F,Ship,4,4,210,3,medium,F,14,3666,1,Yes,100.0
1567,D,Ship,5,1,159,4,low,M,38,1277,1,Yes,99.5
1568,F,Ship,4,1,232,2,medium,F,26,3300,1,Yes,100.0
1569,A,Ship,3,2,174,3,low,M,4,1337,1,Yes,85.3
1570,B,Ship,5,1,129,5,medium,M,35,1458,1,Yes,99.5
1571,C,Ship,3,3,201,4,medium,M,7,2299,1,Yes,77.0
1572,F,Ship,5,2,151,4,low,M,12,1145,1,Yes,99.5
1573,D,Ship,2,1,252,3,low,F,12,2800,1,Yes,100.0
1574,F,Ship,5,3,156,3,medium,M,58,1218,1,Yes,99.8
1575,A,Ship,6,3,215,5,low,M,13,3899,1,Yes,100.0
1576,B,Ship,4,4,153,3,low,M,13,1402,1,Yes,99.8
1577,C,Ship,5,1,261,3,low,M,25,3494,1,Yes,100.0
1578,F,Ship,5,4,263,3,medium,M,61,2606,1,Yes,100.0
1579,D,Ship,5,4,153,6,medium,M,35,1082,1,Yes,99.5
1580,F,Ship,3,5,137,3,high,F,28,1815,1,Yes,99.9
1581,A,Ship,3,5,270,5,low,M,31,3737,1,Yes,100.0
1582,B,Ship,5,1,167,2,low,M,62,1884,1,Yes,99.8
1583,C,Ship,3,3,143,3,low,M,64,1630,1,Yes,99.9
1584,F,Ship,5,5,214,3,low,F,31,2033,1,Yes,100.0
1585,D,Ship,2,2,182,2,medium,F,14,3751,1,Yes,100.0
1586,F,Ship,3,5,234,2,high,M,4,2701,1,Yes,92.7
1587,A,Ship,4,5,181,2,medium,M,59,2239,1,Yes,100.0
1588,B,Ship,2,4,162,3,low,F,34,1558,1,Yes,99.8
1589,C,Ship,5,4,185,4,medium,M,31,3565,1,Yes,100.0
1590,F,Ship,4,2,199,2,medium,F,4,3351,1,Yes,92.8
1591,D,Ship,4,1,272,3,medium,M,49,2803,1,Yes,100.0
1592,F,Ship,5,3,252,2,low,M,11,3036,1,Yes,100.0
1593,A,Ship,4,5,156,3,low,F,2,1127,1,Yes,81.1
1594,B,Ship,4,2,173,3,medium,F,63,1220,1,Yes,99.8
1595,C,Ship,3,2,148,4,medium,F,38,1322,1,Yes,99.7
1596,F,Ship,4,3,158,3,medium,F,27,1207,1,Yes,99.8
1597,D,Ship,5,2,261,3,low,M,62,3352,1,Yes,100.0
1598,F,Ship,2,4,105,2,medium,M,54,1707,1,Yes,99.8
1599,A,Ship,3,5,193,3,high,F,57,3364,1,Yes,100.0
1600,B,Ship,3,3,198,3,low,M,49,2446,1,Yes,100.0
1601,C,Ship,4,5,213,3,medium,F,42,3121,1,Yes,100.0
1602,F,Ship,4,1,244,3,low,M,59,3073,1,Yes,100.0
1603,D,Ship,6,4,241,6,high,F,61,2806,1,Yes,100.0
1604,F,Ship,4,5,278,6,low,M,4,3909,1,Yes,73.7
1605,A,Ship,2,2,145,2,low,M,1,1126,1,Yes,81.3
1606,B,Ship,5,2,140,4,high,M,58,1175,1,Yes,99.5
1607,C,Ship,4,4,209,3,medium,M,37,3026,1,Yes,100.0
1608,F,Ship,3,3,233,3,medium,M,35,2204,1,Yes,100.0
1609,D,Ship,3,1,227,3,medium,M,52,3336,1,Yes,100.0
1610,F,Ship,5,1,258,2,medium,F,22,3713,1,Yes,100.0
1611,A,Ship,5,4,259,3,low,F,38,3720,1,Yes,100.0
1612,B,Ship,3,5,153,2,low,F,44,1585,1,Yes,99.9
1613,C,Ship,3,5,181,3,medium,M,22,3575,1,Yes,100.0
1614,F,Ship,4,4,143,8,medium,F,39,1345,1,Yes,99.5
1615,D,Ship,5,2,111,5,medium,M,3,1711,1,No,48.0
1616,F,Ship,4,5,198,2,medium,M,51,2820,1,Yes,100.0
1617,A,Ship,3,4,121,3,low,F,63,1611,1,Yes,99.9
1618,B,Road,3,2,204,3,medium,M,48,2792,1,Yes,100.0
1619,C,Road,4,4,203,5,low,M,36,3912,1,Yes,100.0
1620,F,Road,4,1,167,3,low,F,10,1616,1,Yes,84.9
1621,D,Road,4,1,270,3,medium,F,64,2406,1,Yes,100.0
1622,F,Road,5,2,260,2,high,M,58,2018,1,Yes,100.0
1623,A,Road,3,1,180,3,high,F,21,1047,1,Yes,99.9
1624,B,Road,3,4,157,2,medium,M,12,1694,1,Yes,99.8
1625,C,Road,3,3,156,6,low,M,45,1602,1,Yes,99.6
1626,F,Road,4,4,236,7,medium,M,62,2280,1,Yes,100.0
1627,D,Road,5,2,240,7,medium,F,57,2708,1,Yes,100.0
1628,F,Road,4,2,104,7,medium,F,46,1438,1,Yes,99.5
1629,A,Road,4,2,140,3,medium,F,49,1820,1,Yes,99.8
1630,B,Road,3,2,150,3,medium,M,29,1354,1,Yes,99.9
1631,C,Road,6,2,286,7,medium,F,65,3362,1,Yes,100.0
1632,F,Road,5,5,224,8,low,F,49,3282,1,Yes,100.0
1633,D,Road,3,4,204,3,low,F,49,3225,1,Yes,100.0
1634,F,Road,5,2,266,7,low,F,12,2056,1,Yes,100.0
1635,A,Road,6,3,241,6,high,F,8,3878,1,Yes,74.0
1636,B,Road,4,2,278,6,low,F,36,2330,1,Yes,100.0
1637,C,Road,2,1,145,2,low,F,49,1177,1,Yes,99.9
1638,F,Road,5,4,140,4,high,F,5,1130,1,No,46.4
1639,D,Road,4,4,209,3,medium,F,52,2740,1,Yes,100.0
1640,F,Flight,3,1,233,3,medium,M,1,2744,1,Yes,93.4
1641,A,Flight,3,2,227,3,medium,M,21,2351,1,Yes,100.0
1642,B,Flight,5,4,258,2,medium,F,24,2878,1,Yes,100.0
1643,C,Flight,5,3,259,3,low,F,45,3335,1,Yes,100.0
1644,F,Flight,3,3,153,2,low,F,39,1328,1,Yes,99.9
1645,D,Flight,3,2,181,3,medium,M,45,3786,1,Yes,100.0
1646,F,Flight,4,4,143,8,medium,M,12,1326,1,Yes,99.5
1647,A,Flight,5,4,111,5,medium,F,42,1587,1,Yes,99.5
1648,B,Flight,4,4,198,2,medium,M,64,3787,1,Yes,100.0
1649,C,Flight,3,5,121,3,low,F,10,1701,1,Yes,87.0
1650,F,Flight,3,4,204,3,medium,F,27,2772,1,Yes,100.0
1651,D,Flight,4,2,203,5,low,F,20,3098,1,Yes,100.0
1652,F,Flight,4,1,167,3,low,F,57,1782,1,Yes,99.8
1653,A,Flight,4,5,270,3,medium,M,20,3185,1,Yes,100.0
1654,B,Flight,5,3,260,2,high,F,63,2715,1,Yes,100.0
1655,C,Flight,3,3,180,3,high,F,56,1684,1,Yes,99.9
1656,F,Flight,3,3,157,2,medium,F,62,1366,1,Yes,99.9
1657,D,Flight,3,5,156,6,low,M,65,1308,1,Yes,99.6
1658,F,Flight,4,5,236,7,medium,F,44,3808,1,Yes,100.0
1659,A,Flight,5,2,240,7,medium,F,47,2174,1,Yes,100.0
1660,B,Flight,4,1,104,7,medium,F,52,1083,1,Yes,99.5
1661,C,Flight,4,4,140,3,medium,F,4,1467,1,Yes,83.2
1662,F,Ship,3,2,150,3,medium,F,4,1910,1,Yes,86.0
1663,D,Ship,6,1,286,7,medium,F,7,2338,1,Yes,81.1
1664,F,Ship,5,5,224,8,low,F,48,2627,1,Yes,100.0
1665,A,Ship,3,5,204,3,low,F,45,2513,1,Yes,100.0
1666,B,Ship,5,2,266,7,low,M,40,2304,1,Yes,100.0
1667,C,Ship,4,5,268,3,low,F,59,2083,1,Yes,100.0
1668,F,Ship,4,5,267,4,low,M,20,3132,1,Yes,100.0
1669,D,Ship,3,5,223,4,low,F,46,3938,1,Yes,100.0
1670,F,Ship,5,5,164,5,low,M,52,1644,1,Yes,99.5
1671,A,Ship,4,2,209,4,low,F,10,3370,1,Yes,72.9
1672,B,Ship,3,2,192,3,low,F,19,3183,1,Yes,100.0
1673,C,Ship,3,2,260,3,medium,M,52,2874,1,Yes,100.0
1674,F,Ship,2,1,137,5,medium,F,3,1037,1,Yes,53.3
1675,D,Ship,3,3,267,2,low,M,18,2435,1,Yes,100.0
1676,F,Ship,3,3,111,3,medium,M,54,1712,1,Yes,99.8
1677,A,Ship,3,4,240,2,medium,F,2,3729,1,Yes,92.7
1678,B,Ship,5,1,234,3,medium,M,40,3340,1,Yes,100.0
1679,C,Ship,4,2,190,2,medium,M,37,2563,1,Yes,100.0
1680,F,Ship,5,2,265,2,high,M,24,2415,1,Yes,100.0
1681,D,Ship,3,4,189,3,medium,F,37,3492,1,Yes,100.0
1682,F,Ship,2,1,121,3,medium,M,25,1124,1,Yes,99.8
1683,A,Ship,4,3,101,6,low,M,37,1344,1,Yes,99.0
1684,B,Ship,3,3,250,3,medium,M,9,2752,1,Yes,93.5
1685,C,Ship,4,2,247,3,medium,F,64,2198,1,Yes,100.0
1686,F,Ship,4,4,162,3,medium,M,41,1104,1,Yes,99.8
1687,D,Ship,2,2,219,3,low,F,56,3608,1,Yes,100.0
1688,F,Ship,5,1,258,2,medium,F,48,3717,1,Yes,100.0
1689,A,Ship,5,4,221,2,low,F,59,3444,1,Yes,100.0
1690,B,Ship,2,4,137,3,high,F,41,1176,1,Yes,99.8
1691,C,Ship,3,4,174,2,medium,M,51,1430,1,Yes,99.9
1692,F,Ship,4,2,189,3,medium,M,6,3671,1,Yes,93.7
1693,D,Ship,4,4,212,4,medium,F,2,3830,1,Yes,73.6
1694,F,Ship,6,1,183,2,low,M,57,3966,1,Yes,99.9
1695,A,Ship,3,1,180,2,low,M,26,1715,1,Yes,99.8
1696,B,Ship,5,5,150,5,medium,F,61,1091,1,Yes,99.5
1697,C,Ship,4,3,246,3,medium,F,52,2440,1,Yes,100.0
1698,F,Ship,3,2,263,3,high,F,44,3802,1,Yes,100.0
1699,D,Ship,4,4,204,2,low,M,29,2941,1,Yes,100.0
1700,F,Ship,3,2,223,4,low,F,20,3955,1,Yes,100.0
1701,A,Ship,3,3,193,2,low,F,60,2581,1,Yes,100.0
1702,B,Ship,3,1,138,3,low,F,41,1914,1,Yes,99.9
1703,C,Ship,5,2,188,3,medium,F,50,3992,1,Yes,100.0
1704,F,Ship,4,3,201,3,low,F,46,3641,1,Yes,100.0
1705,D,Ship,3,3,245,2,medium,F,16,2577,1,Yes,100.0
1706,F,Ship,3,2,262,3,low,M,54,3150,1,Yes,100.0
1707,A,Ship,4,4,147,5,medium,F,33,1886,1,Yes,99.0
1708,B,Ship,3,1,254,3,medium,F,35,2965,1,Yes,100.0
1709,C,Ship,4,2,213,4,low,F,37,2184,1,Yes,100.0
1710,F,Ship,3,3,152,2,low,M,32,1665,1,Yes,99.9
1711,D,Ship,4,1,227,3,low,M,54,3972,1,Yes,100.0
1712,F,Ship,2,5,206,3,low,F,46,2944,1,Yes,100.0
1713,A,Ship,3,4,242,5,low,M,5,2307,1,Yes,77.4
1714,B,Ship,4,2,200,3,medium,M,45,2486,1,Yes,100.0
1715,C,Ship,4,1,142,2,low,M,26,1683,1,Yes,99.8
1716,F,Ship,3,3,275,3,low,F,61,2123,1,Yes,100.0
1717,D,Ship,6,1,222,5,medium,M,26,3137,1,Yes,100.0
1718,F,Ship,3,1,101,2,medium,F,56,1184,1,Yes,99.9
1719,A,Ship,4,5,178,3,high,M,22,1907,1,Yes,99.8
1720,B,Ship,3,2,243,3,medium,M,31,3943,1,Yes,100.0
1721,C,Ship,2,1,177,4,low,M,63,1058,1,Yes,99.7
1722,F,Ship,3,2,270,3,medium,M,31,2377,1,Yes,100.0
1723,D,Ship,5,3,186,4,medium,F,11,3676,1,Yes,98.3
1724,F,Ship,5,3,133,4,medium,F,29,1094,1,Yes,99.5
1725,A,Ship,3,2,263,4,medium,M,8,2599,1,Yes,76.6
1726,B,Ship,5,3,248,3,medium,M,4,2207,1,Yes,94.1
1727,C,Ship,5,2,150,3,medium,M,63,1807,1,Yes,99.7
1728,F,Ship,3,4,203,4,medium,M,46,3640,1,Yes,100.0
1729,D,Ship,2,3,249,2,low,M,1,2905,1,Yes,91.3
1730,F,Ship,3,3,238,3,medium,M,54,2860,1,Yes,100.0
1731,A,Ship,5,3,181,4,medium,F,32,3893,1,Yes,100.0
1732,B,Ship,3,3,138,4,low,M,56,1440,1,Yes,99.7
1733,C,Ship,4,3,139,3,medium,F,47,1323,1,Yes,99.8
1734,F,Ship,2,3,192,2,low,F,31,2621,1,Yes,100.0
1735,D,Ship,5,4,241,3,medium,M,40,3484,1,Yes,100.0
1736,F,Ship,3,2,188,3,low,F,33,3335,1,Yes,100.0
1737,A,Ship,6,1,278,2,medium,F,12,2112,1,Yes,99.9
1738,B,Ship,4,1,144,2,high,M,35,1072,1,Yes,99.8
1739,C,Ship,4,5,208,2,medium,M,33,2170,1,Yes,100.0
1740,F,Ship,3,2,208,2,low,M,41,2036,1,Yes,100.0
1741,D,Ship,4,3,210,3,medium,M,11,2655,1,Yes,100.0
1742,F,Ship,3,3,237,3,medium,M,47,3625,1,Yes,100.0
1743,A,Ship,4,4,192,3,low,F,25,2443,1,Yes,100.0
1744,B,Ship,6,2,143,5,low,M,17,1955,1,Yes,99.5
1745,C,Ship,3,1,234,3,high,F,60,2596,1,Yes,100.0
1746,F,Ship,4,5,147,2,low,M,17,1057,1,Yes,99.8
1747,D,Ship,5,1,226,2,low,M,18,2582,1,Yes,100.0
1748,F,Ship,4,5,263,2,low,M,62,2267,1,Yes,100.0
1749,A,Ship,4,1,147,3,low,M,11,1434,1,Yes,99.8
1750,B,Ship,3,1,174,4,low,M,18,1072,1,Yes,99.7
1751,C,Ship,3,1,142,4,low,M,4,1583,1,Yes,54.2
1752,F,Ship,4,4,136,3,low,M,6,1900,1,Yes,83.7
1753,D,Ship,3,1,192,3,medium,M,35,2258,1,Yes,100.0
1754,F,Ship,3,2,184,5,high,F,26,3336,1,Yes,100.0
1755,A,Road,6,5,260,4,high,M,10,2756,1,Yes,72.9
1756,B,Road,5,3,160,3,high,M,25,1977,1,Yes,99.9
1757,C,Road,3,1,262,2,low,F,28,2940,1,Yes,100.0
1758,F,Road,4,3,217,3,low,M,51,3144,1,Yes,100.0
1759,D,Road,3,2,267,5,low,F,48,2622,1,Yes,100.0
1760,F,Road,5,4,195,2,low,M,4,3108,1,Yes,92.8
1761,A,Road,4,3,152,2,medium,M,18,1537,1,Yes,99.8
1762,B,Road,4,5,178,3,low,F,23,1695,1,Yes,99.8
1763,C,Road,4,2,190,4,medium,M,61,2077,1,Yes,100.0
1764,F,Road,3,5,286,3,medium,F,12,3817,1,Yes,100.0
1765,D,Road,2,1,167,2,low,M,46,1023,1,Yes,99.9
1766,F,Road,2,2,148,6,medium,F,63,1279,1,Yes,99.6
1767,A,Road,4,3,218,4,low,F,50,3990,1,Yes,100.0
1768,B,Road,5,2,272,2,medium,F,37,2226,1,Yes,100.0
1769,C,Road,4,3,147,2,high,F,52,1570,1,Yes,99.8
1770,F,Road,4,5,263,3,medium,F,32,3723,1,Yes,100.0
1771,D,Road,5,5,189,4,high,F,16,3564,1,Yes,100.0
1772,F,Road,3,3,242,3,low,F,7,3127,1,Yes,94.2
1773,A,Road,5,3,204,2,low,M,40,2181,1,Yes,100.0
1774,B,Road,3,1,229,3,medium,M,2,3963,1,Yes,93.4
1775,C,Road,3,5,180,2,low,M,33,1444,1,Yes,99.9
1776,F,Road,5,5,190,4,medium,M,12,2947,1,Yes,100.0
1777,D,Flight,6,1,154,5,medium,M,19,1842,1,Yes,99.5
1778,F,Flight,4,3,134,3,low,F,21,1955,1,Yes,99.8
1779,A,Flight,3,3,206,2,medium,M,62,3558,1,Yes,100.0
1780,B,Flight,3,2,169,2,medium,M,61,1511,1,Yes,99.9
1781,C,Flight,4,2,237,2,medium,F,6,2965,1,Yes,93.0
1782,F,Flight,4,4,146,2,low,M,52,1459,1,Yes,99.8
1783,D,Flight,5,2,187,3,medium,M,11,2936,1,Yes,100.0
1784,F,Flight,5,4,206,3,low,M,53,2182,1,Yes,100.0
1785,A,Flight,5,3,208,4,medium,M,10,2419,1,Yes,73.1
1786,B,Flight,4,2,149,4,low,M,40,1102,1,Yes,99.5
1787,C,Flight,6,2,148,4,low,M,56,1511,1,Yes,99.5
1788,F,Flight,4,2,135,2,low,M,54,1011,1,Yes,99.8
1789,D,Flight,4,1,242,3,medium,F,35,3556,1,Yes,100.0
1790,F,Flight,5,2,231,4,medium,M,41,2992,1,Yes,100.0
1791,A,Flight,6,2,205,5,medium,F,61,2018,1,Yes,100.0
1792,B,Flight,4,4,137,2,medium,M,37,1447,1,Yes,99.8
1793,C,Flight,3,4,202,4,high,M,20,3655,1,Yes,100.0
1794,F,Flight,3,1,163,3,medium,M,59,1005,1,Yes,99.6
1795,D,Flight,2,2,128,2,low,M,17,1824,1,Yes,99.9
1796,F,Flight,3,3,165,3,high,M,35,1459,1,Yes,99.9
1797,A,Flight,4,1,242,2,low,M,34,3966,1,Yes,99.4
1798,B,Flight,5,4,229,2,medium,M,9,3667,1,Yes,91.5
1799,C,Ship,5,1,191,3,low,M,56,3538,1,Yes,100.0
1800,F,Ship,3,5,231,2,medium,M,49,2341,1,Yes,100.0
1801,D,Ship,3,1,183,3,medium,F,51,3863,1,Yes,100.0
1802,F,Ship,3,1,195,3,high,M,5,3251,1,Yes,94.3
1803,A,Ship,3,5,249,2,low,F,26,2029,1,Yes,100.0
1804,B,Ship,3,4,151,3,low,M,16,1020,1,Yes,99.9
1805,C,Ship,4,1,140,2,low,M,60,1950,1,Yes,99.8
1806,F,Ship,4,1,151,2,medium,M,6,1114,1,Yes,80.5
1807,D,Ship,2,5,109,3,medium,M,12,1715,1,Yes,99.8
1808,F,Ship,5,1,180,2,low,M,35,1204,1,Yes,99.7
1809,A,Ship,4,1,151,5,high,M,28,1148,1,Yes,99.0
1810,B,Ship,2,1,188,3,low,M,62,2106,1,Yes,100.0
1811,C,Ship,4,2,274,2,low,M,11,3013,1,Yes,100.0
1812,F,Ship,3,5,187,2,medium,F,50,2598,1,Yes,100.0
1813,D,Ship,4,2,185,2,medium,M,4,2212,1,Yes,92.8
1814,F,Ship,3,4,187,2,medium,M,54,3290,1,Yes,100.0
1815,A,Ship,5,4,260,3,low,M,43,2143,1,Yes,100.0
1816,B,Ship,3,3,191,3,low,M,5,2007,1,Yes,94.3
1817,C,Ship,3,4,203,2,low,F,15,2281,1,Yes,100.0
1818,F,Ship,4,1,144,4,low,F,63,1881,1,Yes,99.5
1819,D,Ship,5,2,281,4,high,F,5,3357,1,Yes,73.6
1820,F,Ship,2,3,169,3,medium,M,48,1279,1,Yes,99.8
1821,A,Ship,4,3,201,2,medium,F,18,3461,1,Yes,100.0
1822,B,Ship,4,4,226,5,medium,F,12,2708,1,Yes,100.0
1823,C,Ship,6,3,176,5,low,F,7,1767,1,No,46.3
1824,F,Ship,3,5,228,4,medium,M,57,2243,1,Yes,100.0
1825,D,Ship,4,5,260,3,low,F,14,2071,1,Yes,100.0
1826,F,Ship,4,5,268,3,low,M,17,3085,1,Yes,100.0
1827,A,Ship,4,5,188,3,low,F,6,3361,1,Yes,93.7
1828,B,Ship,4,4,213,3,medium,M,11,2037,1,Yes,100.0
1829,C,Ship,4,4,259,2,medium,M,44,2132,1,Yes,100.0
1830,F,Ship,3,2,257,2,high,F,46,2848,1,Yes,100.0
1831,D,Ship,4,5,163,3,low,M,38,1146,1,Yes,99.8
1832,F,Ship,2,3,211,3,medium,F,12,3296,1,Yes,100.0
1833,A,Ship,3,4,166,2,medium,F,58,1319,1,Yes,99.9
1834,B,Ship,3,5,245,4,high,F,26,2072,1,Yes,100.0
1835,C,Ship,5,5,234,2,medium,M,44,2548,1,Yes,100.0
1836,F,Ship,4,2,234,2,high,M,27,3393,1,Yes,100.0
1837,D,Ship,3,1,180,3,low,M,52,1838,1,Yes,99.9
1838,F,Ship,4,5,217,4,medium,M,37,2128,1,Yes,100.0
1839,A,Ship,4,1,253,3,low,M,31,3632,1,Yes,100.0
1840,B,Ship,3,2,188,3,medium,M,3,3837,1,Yes,93.7
1841,C,Ship,2,3,274,3,high,F,24,3829,1,Yes,100.0
1842,F,Ship,3,4,136,2,medium,F,54,1056,1,Yes,99.9
1843,D,Ship,3,5,143,2,low,M,17,1422,1,Yes,99.9
1844,F,Ship,3,1,267,3,low,F,57,3257,1,Yes,100.0
1845,A,Ship,3,4,198,2,medium,F,20,2266,1,Yes,100.0
1846,B,Ship,4,4,201,10,medium,M,17,2059,1,Yes,100.0
1847,C,Ship,3,5,241,10,medium,F,31,2724,1,Yes,100.0
1848,F,Ship,5,1,269,3,medium,F,2,2136,1,Yes,93.2
1849,D,Ship,5,5,123,2,low,F,60,1653,1,Yes,99.7
1850,F,Ship,3,2,178,2,low,M,32,1329,1,Yes,99.9
1851,A,Ship,3,4,203,3,low,M,18,3127,1,Yes,100.0
1852,B,Ship,3,1,169,10,medium,F,15,1107,1,Yes,99.8
1853,C,Ship,3,5,190,10,medium,F,27,2739,1,Yes,100.0
1854,F,Ship,3,3,190,7,medium,F,7,2400,1,Yes,84.2
1855,D,Ship,4,5,238,10,medium,M,38,3556,1,Yes,100.0
1856,F,Ship,5,5,247,10,medium,F,61,2206,1,Yes,100.0
1857,A,Ship,4,1,190,10,low,F,35,3819,1,Yes,100.0
1858,B,Ship,3,5,168,3,low,F,5,1143,1,Yes,85.5
1859,C,Ship,2,2,190,3,low,M,51,2380,1,Yes,100.0
1860,F,Ship,2,5,170,8,low,M,14,1396,1,Yes,99.8
1861,D,Ship,4,4,226,7,low,M,9,2182,1,Yes,80.3
1862,F,Ship,5,1,256,7,low,F,50,3837,1,Yes,100.0
1863,A,Ship,2,1,104,7,low,M,30,1870,1,Yes,99.8
1864,B,Ship,4,1,192,3,medium,F,29,3347,1,Yes,100.0
1865,C,Ship,4,3,213,3,medium,M,57,3599,1,Yes,100.0
1866,F,Ship,4,2,259,2,medium,M,54,2244,1,Yes,100.0
1867,D,Ship,3,4,257,2,high,M,15,3981,1,Yes,100.0
1868,F,Ship,4,3,163,3,low,M,52,1891,1,Yes,99.8
1869,A,Ship,2,3,211,3,medium,F,55,3842,1,Yes,100.0
1870,B,Ship,3,2,166,2,medium,F,45,1741,1,Yes,99.8
1871,C,Ship,3,1,245,4,high,F,47,3111,1,Yes,100.0
1872,F,Ship,5,5,234,2,medium,F,43,3822,1,Yes,100.0
1873,D,Ship,4,4,234,2,high,M,2,2008,1,Yes,92.3
1874,F,Ship,3,4,180,3,low,F,52,1727,1,Yes,99.8
1875,A,Ship,4,5,217,4,medium,F,12,2217,1,Yes,100.0
1876,B,Ship,4,5,253,3,low,F,58,3096,1,Yes,100.0
1877,C,Ship,3,4,188,3,medium,F,49,3221,1,Yes,100.0
1878,F,Ship,2,2,274,3,high,F,60,2053,1,Yes,100.0
1879,D,Ship,3,1,136,2,medium,F,61,1509,1,Yes,99.9
1880,F,Ship,3,1,143,2,low,F,63,1246,1,Yes,99.9
1881,A,Ship,3,4,267,3,low,F,55,2923,1,Yes,100.0
1882,B,Ship,3,1,198,2,medium,F,49,3573,1,Yes,100.0
1883,C,Ship,4,1,201,10,medium,M,37,3402,1,Yes,100.0
1884,F,Ship,3,5,241,10,medium,M,41,3015,1,Yes,100.0
1885,D,Ship,5,4,269,3,medium,F,51,3415,1,Yes,100.0
1886,F,Ship,5,3,123,2,low,F,30,1068,1,Yes,99.7
1887,A,Ship,3,4,178,2,low,F,35,1183,1,Yes,99.9
1888,B,Ship,3,5,203,3,low,F,58,3231,1,Yes,100.0
1889,C,Ship,3,2,169,10,medium,F,4,1665,1,Yes,64.9
1890,F,Ship,3,4,190,10,medium,F,38,2018,1,Yes,100.0
1891,D,Ship,3,4,190,7,medium,F,51,2391,1,Yes,100.0
1892,F,Road,4,5,238,10,medium,F,44,3860,1,Yes,100.0
1893,A,Road,5,1,247,10,medium,F,57,2377,1,Yes,100.0
1894,B,Road,4,3,190,10,low,M,34,3935,1,Yes,100.0
1895,C,Road,3,2,168,3,low,M,15,1862,1,Yes,99.9
1896,F,Road,2,1,190,3,low,M,59,2108,1,Yes,100.0
1897,D,Road,2,3,170,8,low,M,61,1240,1,Yes,99.8
1898,F,Road,4,1,226,7,low,M,41,2964,1,Yes,100.0
1899,A,Road,5,2,256,7,low,F,41,2758,1,Yes,100.0
1900,B,Road,2,5,104,7,low,M,12,1064,1,Yes,99.8
1901,C,Road,4,4,192,3,medium,M,39,2943,1,Yes,100.0
1902,F,Road,5,2,195,6,low,M,38,1338,1,Yes,99.5
1903,D,Road,3,5,271,4,low,M,51,1134,1,Yes,99.7
1904,F,Road,2,1,296,5,medium,M,29,1648,1,Yes,99.6
1905,A,Road,4,5,277,5,medium,F,32,1055,1,Yes,99.0
1906,B,Road,2,4,140,3,low,M,32,1819,1,Yes,99.8
1907,C,Road,4,1,148,3,high,F,23,1814,1,Yes,99.8
1908,F,Road,4,5,238,2,low,F,1,2644,1,Yes,92.1
1909,D,Road,5,3,220,3,low,M,37,2294,1,Yes,100.0
1910,F,Road,4,4,224,3,low,M,29,3623,1,Yes,100.0
1911,A,Road,4,5,162,3,low,F,31,1170,1,Yes,99.8
1912,B,Road,4,2,202,4,low,F,1,3602,1,Yes,73.4
1913,C,Road,3,5,226,3,medium,M,5,3914,1,Yes,94.3
1914,F,Flight,4,3,246,2,low,M,60,2086,1,Yes,100.0
1915,D,Flight,5,2,223,3,low,F,51,3687,1,Yes,100.0
1916,F,Flight,5,2,156,2,medium,M,19,1311,1,Yes,99.7
1917,A,Flight,2,5,189,2,low,M,38,3708,1,Yes,100.0
1918,B,Flight,5,4,242,3,high,F,2,3564,1,Yes,93.2
1919,C,Flight,4,5,207,2,medium,F,49,3736,1,Yes,100.0
1920,F,Flight,3,3,161,3,low,F,24,1920,1,Yes,99.9
1921,D,Flight,4,5,232,2,low,F,21,3128,1,Yes,100.0
1922,F,Flight,6,4,194,3,low,M,10,2554,1,Yes,90.9
1923,A,Flight,5,5,161,3,medium,F,59,1037,1,Yes,99.7
1924,B,Flight,4,1,269,3,medium,F,23,3652,1,Yes,100.0
1925,C,Flight,3,3,219,2,low,F,41,3932,1,Yes,100.0
1926,F,Flight,5,2,161,2,medium,F,59,1859,1,Yes,99.8
1927,D,Flight,3,1,264,4,low,M,33,3561,1,Yes,100.0
1928,F,Flight,5,2,151,3,medium,M,20,1395,1,Yes,99.8
1929,A,Flight,5,5,177,2,high,F,31,2000,1,Yes,100.0
1930,B,Flight,2,5,193,5,medium,F,13,2882,1,Yes,100.0
1931,C,Flight,4,4,212,4,medium,M,16,2494,1,Yes,100.0
1932,F,Flight,4,1,210,2,medium,F,7,3405,1,Yes,93.0
1933,D,Flight,4,2,164,2,medium,F,43,1976,1,Yes,99.8
1934,F,Flight,4,2,219,3,low,M,2,3402,1,Yes,92.4
1935,A,Flight,4,4,216,4,medium,M,27,3740,1,Yes,100.0
1936,B,Ship,5,2,174,2,medium,M,54,1091,1,Yes,99.7
1937,C,Ship,3,5,199,2,low,M,46,2728,1,Yes,100.0
1938,F,Ship,3,4,181,3,low,M,45,2486,1,Yes,100.0
1939,D,Ship,3,2,220,3,low,M,22,2818,1,Yes,100.0
1940,F,Ship,3,1,215,2,low,F,47,3678,1,Yes,100.0
1941,A,Ship,4,5,248,4,high,F,56,2840,1,Yes,100.0
1942,B,Ship,3,2,183,4,low,M,49,2414,1,Yes,100.0
1943,C,Ship,4,2,194,4,medium,F,26,3818,1,Yes,100.0
1944,F,Ship,4,4,224,2,high,F,31,2084,1,Yes,100.0
1945,D,Ship,4,4,184,3,low,F,52,3128,1,Yes,100.0
1946,F,Ship,4,1,160,2,low,M,28,1276,1,Yes,99.8
1947,A,Ship,5,1,182,3,low,M,8,3580,1,Yes,94.2
1948,B,Ship,3,2,116,2,low,F,22,1430,1,Yes,99.9
1949,C,Ship,4,4,170,4,low,M,39,1868,1,Yes,99.5
1950,F,Ship,5,1,201,2,medium,F,54,2158,1,Yes,100.0
1951,D,Ship,4,3,148,2,low,M,29,1809,1,Yes,99.7
1952,F,Ship,5,1,165,3,low,F,27,1905,1,Yes,99.9
1953,A,Ship,3,5,135,3,low,M,20,1772,1,Yes,99.8
1954,B,Ship,4,4,263,2,medium,F,41,3955,1,Yes,99.4
1955,C,Ship,5,4,228,3,medium,M,20,3382,1,Yes,100.0
1956,F,Ship,6,5,275,5,medium,M,51,3569,1,Yes,100.0
1957,D,Ship,4,1,224,3,low,M,27,3400,1,Yes,100.0
1958,F,Ship,3,1,202,3,low,F,1,3738,1,Yes,93.4
1959,A,Ship,4,2,163,3,low,F,11,1926,1,Yes,99.8
1960,B,Ship,4,5,268,3,low,F,64,2386,1,Yes,100.0
1961,C,Ship,3,3,207,3,low,F,62,3277,1,Yes,100.0
1962,F,Ship,2,3,117,2,medium,M,36,1210,1,Yes,99.9
1963,D,Ship,2,1,165,4,low,F,57,1881,1,Yes,99.7
1964,F,Ship,3,3,181,2,high,M,65,3234,1,Yes,100.0
1965,A,Ship,6,5,212,4,medium,F,13,3676,1,Yes,100.0
1966,B,Ship,3,4,226,3,medium,F,26,2299,1,Yes,100.0
1967,C,Ship,4,1,195,3,low,M,43,2849,1,Yes,100.0
1968,F,Ship,4,5,263,2,medium,M,13,2779,1,Yes,100.0
1969,D,Ship,4,4,136,2,medium,F,16,1131,1,Yes,99.8
1970,F,Ship,3,5,163,2,low,F,49,1034,1,Yes,99.9
1971,A,Ship,5,2,144,3,low,M,49,1202,1,Yes,99.8
1972,B,Ship,4,4,240,3,low,F,62,3478,1,Yes,100.0
1973,C,Ship,4,5,243,2,low,M,19,2829,1,Yes,100.0
1974,F,Ship,5,1,201,3,medium,M,19,2696,1,Yes,100.0
1975,D,Ship,5,3,242,3,low,M,58,3411,1,Yes,100.0
1976,F,Ship,3,1,187,2,high,M,56,3774,1,Yes,100.0
1977,A,Ship,4,3,162,3,low,M,53,1194,1,Yes,99.8
1978,B,Ship,3,3,147,3,low,M,16,1563,1,Yes,99.9
1979,C,Ship,3,4,268,2,high,F,39,2822,1,Yes,100.0
1980,F,Ship,4,3,237,3,low,M,57,3952,1,Yes,100.0
1981,D,Ship,3,2,157,2,low,M,29,1115,1,Yes,99.9
1982,F,Ship,4,2,176,3,medium,F,12,1750,1,Yes,99.8
1983,A,Ship,4,5,134,4,low,M,36,1191,1,Yes,99.5
1984,B,Ship,3,4,234,2,medium,M,52,3543,1,Yes,100.0
1985,C,Ship,3,3,154,2,low,F,57,1096,1,Yes,99.9
1986,F,Ship,2,1,209,5,low,F,64,2016,1,Yes,100.0
1987,D,Ship,5,4,138,2,medium,M,38,1803,1,Yes,99.7
1988,F,Ship,2,3,151,3,medium,M,22,1024,1,Yes,99.8
1989,A,Ship,4,4,252,6,medium,M,44,2676,1,Yes,100.0
1990,B,Ship,3,1,155,2,medium,F,6,1490,1,Yes,83.0
1991,C,Ship,3,3,139,4,high,M,17,1137,1,Yes,99.7
1992,F,Ship,4,5,258,3,medium,F,37,2289,1,Yes,100.0
1993,D,Ship,4,2,172,3,low,M,1,1182,1,Yes,81.9
1994,F,Ship,4,3,239,3,low,F,28,2741,1,Yes,100.0
1995,A,Ship,3,1,165,3,low,F,1,1417,1,Yes,85.1
1996,B,Ship,4,5,177,2,low,M,47,1536,1,Yes,99.8
1997,C,Ship,5,1,187,2,low,F,17,3513,1,Yes,100.0
1998,F,Ship,6,2,172,2,low,M,41,1006,1,Yes,99.3
1999,D,Ship,4,4,168,3,low,F,35,1434,1,Yes,99.8
2000,F,Ship,3,4,249,3,low,M,31,3489,1,Yes,100.0
2001,A,Ship,4,3,135,3,medium,F,11,1322,1,Yes,99.8
2002,B,Ship,4,3,134,3,medium,M,13,1985,1,Yes,99.8
2003,C,Ship,3,1,269,2,low,F,35,3524,1,Yes,100.0
2004,F,Ship,6,5,210,5,high,M,37,3236,1,Yes,100.0
2005,D,Ship,5,4,285,6,high,M,63,3151,1,Yes,100.0
2006,F,Ship,4,2,244,2,medium,M,15,2857,1,Yes,100.0
2007,A,Ship,3,2,209,2,low,F,24,2748,1,Yes,100.0
2008,B,Ship,4,3,154,3,medium,M,52,1432,1,Yes,99.8
2009,C,Ship,3,2,134,3,medium,F,54,1932,1,Yes,99.9
2010,F,Ship,3,5,168,4,medium,M,23,1347,1,Yes,99.7
2011,D,Ship,4,5,264,3,medium,M,57,3753,1,Yes,100.0
2012,F,Ship,4,2,276,6,high,F,36,2843,1,Yes,100.0
2013,A,Ship,3,4,195,3,medium,M,23,3499,1,Yes,100.0
2014,B,Ship,5,3,174,5,medium,M,47,1909,1,Yes,99.5
2015,C,Ship,3,4,241,3,low,F,50,3074,1,Yes,100.0
2016,F,Ship,5,5,166,3,medium,F,20,1267,1,Yes,99.8
2017,D,Ship,3,2,190,3,low,M,37,3315,1,Yes,100.0
2018,F,Ship,3,1,231,2,low,F,12,2123,1,Yes,100.0
2019,A,Ship,5,4,206,4,low,F,3,3755,1,Yes,73.9
2020,B,Ship,4,4,212,3,medium,M,50,2073,1,Yes,100.0
2021,C,Ship,3,5,212,3,low,F,2,2456,1,Yes,93.4
2022,F,Ship,4,5,246,6,low,M,64,2271,1,Yes,100.0
2023,D,Ship,4,4,264,2,medium,F,12,2203,1,Yes,100.0
2024,F,Ship,3,4,208,2,low,F,37,2537,1,Yes,100.0
2025,A,Ship,3,4,210,3,low,F,7,2878,1,Yes,94.2
2026,B,Ship,3,2,183,3,low,F,44,2896,1,Yes,100.0
2027,C,Ship,4,2,265,3,low,F,41,3498,1,Yes,100.0
2028,F,Ship,3,5,187,3,low,M,20,2374,1,Yes,100.0
2029,D,Road,2,4,183,3,low,F,12,3090,1,Yes,100.0
2030,F,Road,3,3,176,2,low,F,58,1730,1,Yes,99.8
2031,A,Road,4,5,266,3,medium,M,5,3718,1,Yes,93.6
2032,B,Road,3,2,143,4,medium,F,22,1249,1,Yes,99.7
2033,C,Road,3,4,195,2,medium,F,32,3719,1,Yes,100.0
2034,F,Road,3,2,264,4,high,F,32,2754,1,Yes,100.0
2035,D,Road,3,5,243,2,medium,M,42,3421,1,Yes,100.0
2036,F,Road,5,2,142,2,low,F,55,1758,1,Yes,99.7
2037,A,Road,4,2,172,2,low,M,23,1019,1,Yes,99.8
2038,B,Road,4,1,280,3,medium,M,2,3366,1,Yes,92.4
2039,C,Road,3,2,254,2,low,M,37,2469,1,Yes,100.0
2040,F,Road,5,2,202,3,medium,M,34,3885,1,Yes,100.0
2041,D,Road,5,3,110,5,low,M,21,1011,1,Yes,99.5
2042,F,Road,4,4,162,2,medium,M,30,1158,1,Yes,99.8
2043,A,Road,3,3,183,3,medium,M,21,2585,1,Yes,100.0
2044,B,Road,4,2,260,2,low,F,31,2805,1,Yes,100.0
2045,C,Road,3,5,109,5,low,M,27,1581,1,Yes,99.6
2046,F,Road,3,3,273,4,low,M,12,2151,1,Yes,100.0
2047,D,Road,5,2,262,6,medium,M,10,3164,1,Yes,73.8
2048,F,Road,2,4,239,5,low,F,59,2181,1,Yes,100.0
2049,A,Road,3,2,185,2,high,F,49,3864,1,Yes,100.0
2050,B,Road,4,4,248,3,medium,M,59,2868,1,Yes,100.0
2051,C,Flight,5,4,180,2,low,M,52,1122,1,Yes,99.7
2052,F,Flight,4,5,221,3,low,F,43,3561,1,Yes,100.0
2053,D,Flight,3,5,162,2,low,M,28,1948,1,Yes,99.9
2054,F,Flight,2,5,162,4,medium,M,49,1671,1,Yes,99.7
2055,A,Flight,3,1,145,2,low,M,28,1313,1,Yes,99.9
2056,B,Flight,5,3,228,3,medium,F,38,3631,1,Yes,100.0
2057,C,Flight,3,4,196,3,low,M,47,2447,1,Yes,100.0
2058,F,Flight,3,4,254,2,high,M,56,3266,1,Yes,100.0
2059,D,Flight,5,2,215,2,medium,M,46,3942,1,Yes,100.0
2060,F,Flight,5,2,265,3,medium,F,33,2734,1,Yes,100.0
2061,A,Flight,3,2,173,3,high,M,60,1582,1,Yes,99.9
2062,B,Flight,4,2,233,7,medium,M,64,3146,1,Yes,100.0
2063,C,Flight,4,3,213,2,low,M,27,2034,1,Yes,100.0
2064,F,Flight,4,1,124,2,medium,M,22,1714,1,Yes,99.7
2065,D,Flight,3,4,156,4,medium,F,7,1492,1,Yes,54.1
2066,F,Flight,3,1,265,3,medium,M,11,2194,1,Yes,100.0
2067,A,Flight,3,1,139,3,high,F,6,1269,1,Yes,85.8
2068,B,Flight,2,4,225,10,high,M,46,2690,1,Yes,100.0
2069,C,Flight,5,4,178,7,medium,F,36,1179,1,Yes,100.0
2070,F,Flight,3,4,190,10,medium,F,32,2064,1,Yes,100.0
2071,D,Flight,3,4,272,10,medium,M,63,2455,1,Yes,100.0
2072,F,Flight,3,1,153,2,medium,F,51,1841,1,Yes,99.9
2073,A,Ship,3,1,235,10,low,M,7,2991,1,Yes,84.4
2074,B,Ship,5,1,214,3,low,M,33,2562,1,Yes,100.0
2075,C,Ship,3,4,175,2,low,F,2,1072,1,Yes,82.0
2076,F,Ship,3,1,176,3,low,F,63,1420,1,Yes,99.9
2077,D,Ship,3,4,172,10,high,F,23,1875,1,Yes,99.8
2078,F,Ship,5,2,195,6,low,M,35,1852,1,Yes,99.5
2079,A,Ship,3,5,271,4,low,F,10,1679,1,Yes,54.6
2080,B,Ship,5,4,228,3,medium,M,42,3145,1,Yes,100.0
2081,C,Ship,3,4,196,3,low,F,52,2129,1,Yes,100.0
2082,F,Ship,3,1,254,2,high,F,60,3590,1,Yes,100.0
2083,D,Ship,5,4,215,2,medium,M,34,2713,1,Yes,100.0
2084,F,Ship,5,5,265,3,medium,M,46,3997,1,Yes,99.4
2085,A,Ship,3,2,173,3,high,M,40,1723,1,Yes,99.8
2086,B,Ship,4,2,233,7,medium,M,56,3925,1,Yes,100.0
2087,C,Ship,4,4,213,2,low,F,27,2938,1,Yes,100.0
2088,F,Ship,4,2,124,2,medium,M,50,1592,1,Yes,99.8
2089,D,Ship,3,5,156,4,medium,F,26,1769,1,Yes,99.7
2090,F,Ship,3,1,265,3,medium,F,61,3010,1,Yes,100.0
2091,A,Ship,3,2,139,3,high,F,4,1546,1,Yes,85.3
2092,B,Ship,2,4,225,10,high,M,56,3384,1,Yes,100.0
2093,C,Ship,5,4,178,7,medium,M,52,1824,1,Yes,100.0
2094,F,Ship,3,3,190,10,medium,M,4,3062,1,Yes,85.1
2095,D,Ship,3,5,272,10,medium,M,59,2182,1,Yes,100.0
2096,F,Ship,3,4,153,2,medium,M,37,1740,1,Yes,99.8
2097,A,Ship,3,1,235,10,low,M,56,2175,1,Yes,100.0
2098,B,Ship,5,4,214,3,low,M,52,3403,1,Yes,100.0
2099,C,Ship,3,5,175,2,low,F,40,1460,1,Yes,99.9
2100,F,Ship,3,2,176,3,low,F,29,1953,1,Yes,99.9
2101,D,Ship,3,1,172,10,high,F,30,1294,1,Yes,99.8
2102,F,Ship,5,1,195,6,low,F,29,1039,1,Yes,99.5
2103,A,Ship,3,5,164,3,low,M,61,1473,1,Yes,99.9
2104,B,Ship,3,1,231,3,medium,F,33,2755,1,Yes,100.0
2105,C,Ship,5,5,248,3,medium,F,9,3873,1,Yes,93.7
2106,F,Ship,4,5,237,2,medium,F,60,3427,1,Yes,100.0
2107,D,Ship,3,1,111,4,low,F,8,1620,1,Yes,54.3
2108,F,Ship,5,5,106,5,low,F,46,1275,1,Yes,99.5
2109,A,Ship,4,2,139,3,low,M,29,1365,1,Yes,99.8
2110,B,Ship,4,3,149,2,low,F,58,1657,1,Yes,99.8
2111,C,Ship,4,5,180,3,low,F,24,1513,1,Yes,99.8
2112,F,Ship,3,2,212,2,medium,F,65,3776,1,Yes,100.0
2113,D,Ship,4,2,183,3,low,M,5,3716,1,Yes,93.6
2114,F,Ship,6,4,164,5,low,M,20,1555,1,Yes,99.5
2115,A,Ship,4,1,143,3,medium,F,28,1197,1,Yes,99.8
2116,B,Ship,3,3,162,2,medium,M,5,1202,1,Yes,83.3
2117,C,Ship,4,2,202,4,medium,M,56,3098,1,Yes,100.0
2118,F,Ship,3,2,135,2,medium,F,2,1150,1,Yes,82.9
2119,D,Ship,3,2,232,2,low,F,58,2054,1,Yes,100.0
2120,F,Ship,3,3,218,3,low,M,19,3770,1,Yes,100.0
2121,A,Ship,5,4,177,2,low,M,14,1735,1,Yes,99.7
2122,B,Ship,4,4,168,2,medium,M,63,1474,1,Yes,99.8
2123,C,Ship,3,4,181,2,medium,F,45,3448,1,Yes,100.0
2124,F,Ship,3,2,238,2,low,F,29,3728,1,Yes,100.0
2125,D,Ship,3,2,250,5,low,F,36,2717,1,Yes,100.0
2126,F,Ship,3,1,152,2,low,F,25,1848,1,Yes,99.9
2127,A,Ship,4,5,242,4,low,F,35,3215,1,Yes,100.0
2128,B,Ship,3,1,236,2,high,M,2,3949,1,Yes,92.7
2129,C,Ship,4,1,238,4,low,F,22,3950,1,Yes,100.0
2130,F,Ship,4,4,165,5,low,M,21,1727,1,Yes,99.0
2131,D,Ship,4,2,271,3,medium,M,50,3448,1,Yes,100.0
2132,F,Ship,3,3,109,2,medium,M,18,1661,1,Yes,99.9
2133,A,Ship,4,1,235,3,high,F,22,3695,1,Yes,100.0
2134,B,Ship,3,3,186,3,medium,M,49,2356,1,Yes,100.0
2135,C,Ship,4,1,202,2,low,M,40,2327,1,Yes,100.0
2136,F,Ship,3,3,188,4,medium,M,3,3075,1,Yes,76.9
2137,D,Ship,5,3,224,2,medium,M,52,3824,1,Yes,100.0
2138,F,Ship,5,3,239,4,low,M,3,3734,1,Yes,73.9
2139,A,Ship,2,3,140,2,medium,M,20,1832,1,Yes,99.9
2140,B,Ship,6,3,272,3,low,F,39,2518,1,Yes,99.8
2141,C,Ship,3,3,160,3,medium,F,65,1228,1,Yes,99.9
2142,F,Ship,3,3,261,3,medium,M,14,3479,1,Yes,100.0
2143,D,Ship,3,5,199,3,medium,F,62,3259,1,Yes,100.0
2144,F,Ship,3,1,154,2,medium,F,56,1300,1,Yes,99.9
2145,A,Ship,3,5,237,3,low,M,55,2451,1,Yes,100.0
2146,B,Ship,4,4,181,3,low,M,44,2070,1,Yes,100.0
2147,C,Ship,3,3,133,6,low,F,10,1686,1,Yes,55.2
2148,F,Ship,3,4,150,3,medium,M,47,1511,1,Yes,99.9
2149,D,Ship,6,5,152,3,medium,F,62,1325,1,Yes,99.5
2150,F,Ship,6,1,142,5,low,F,30,1464,1,Yes,99.5
2151,A,Ship,4,3,214,2,low,M,57,2078,1,Yes,100.0
2152,B,Ship,5,1,155,2,medium,F,40,1024,1,Yes,99.7
2153,C,Ship,4,2,191,2,low,M,11,3985,1,Yes,99.4
2154,F,Ship,4,5,133,2,medium,M,39,1106,1,Yes,99.8
2155,D,Ship,3,3,211,4,high,F,22,2942,1,Yes,100.0
2156,F,Ship,4,3,212,4,low,M,28,2422,1,Yes,100.0
2157,A,Ship,3,1,150,2,low,M,9,1158,1,Yes,81.9
2158,B,Ship,3,5,208,3,low,F,41,3977,1,Yes,100.0
2159,C,Ship,4,2,157,2,medium,M,15,1724,1,Yes,99.7
2160,F,Ship,4,4,228,3,low,M,60,2715,1,Yes,100.0
2161,D,Ship,3,4,254,2,medium,F,44,3786,1,Yes,100.0
2162,F,Ship,4,2,270,2,low,M,65,3599,1,Yes,100.0
2163,A,Ship,6,2,195,3,medium,M,30,3462,1,Yes,99.8
2164,B,Ship,4,5,193,4,low,M,33,2173,1,Yes,100.0
2165,C,Ship,5,4,165,3,medium,F,48,1240,1,Yes,99.8
2166,F,Road,3,1,177,2,low,M,38,1099,1,Yes,99.9
2167,D,Road,3,4,244,3,low,F,46,2844,1,Yes,100.0
2168,F,Road,3,2,151,2,low,M,26,1793,1,Yes,99.8
2169,A,Road,3,1,164,2,low,M,2,1104,1,Yes,82.0
2170,B,Road,5,1,165,3,low,F,37,1228,1,Yes,99.8
2171,C,Road,3,4,256,2,medium,M,55,2247,1,Yes,100.0
2172,F,Road,4,4,150,4,low,M,5,1263,1,No,47.8
2173,D,Road,2,3,255,3,low,M,27,3484,1,Yes,100.0
2174,F,Road,4,3,268,3,medium,F,23,2996,1,Yes,100.0
2175,A,Road,3,5,166,3,low,F,1,1366,1,Yes,85.1
2176,B,Road,3,5,230,3,low,F,49,3477,1,Yes,100.0
2177,C,Road,4,3,163,3,low,F,45,1395,1,Yes,99.8
2178,F,Road,4,4,139,3,high,F,64,1415,1,Yes,99.8
2179,D,Road,3,5,161,3,medium,F,10,1978,1,Yes,85.8
2180,F,Road,6,2,181,4,high,F,6,3003,1,Yes,72.9
2181,A,Road,4,1,242,3,high,M,47,3489,1,Yes,100.0
2182,B,Road,3,3,151,3,low,F,24,1139,1,Yes,99.9
2183,C,Road,3,4,167,3,medium,M,50,1068,1,Yes,99.9
2184,F,Road,3,2,257,3,low,F,25,2334,1,Yes,100.0
2185,D,Road,3,2,204,2,medium,F,35,2090,1,Yes,100.0
2186,F,Road,5,3,219,3,low,M,1,2027,1,Yes,92.7
2187,A,Road,3,4,202,3,medium,M,28,3707,1,Yes,100.0
2188,B,Flight,4,5,155,2,medium,M,41,1367,1,Yes,99.8
2189,C,Flight,3,3,183,3,high,F,6,3364,1,Yes,94.2
2190,F,Flight,5,1,184,3,low,F,19,2625,1,Yes,100.0
2191,D,Flight,4,5,230,2,low,F,38,2890,1,Yes,100.0
2192,F,Flight,4,2,139,4,low,F,41,1511,1,Yes,99.5
2193,A,Flight,4,4,252,3,medium,F,7,2477,1,Yes,93.7
2194,B,Flight,3,2,272,3,medium,F,40,3766,1,Yes,100.0
2195,C,Flight,3,2,134,3,low,F,20,1391,1,Yes,99.9
2196,F,Flight,3,5,169,3,medium,M,13,1934,1,Yes,99.9
2197,D,Flight,4,2,214,2,low,M,49,3416,1,Yes,100.0
2198,F,Flight,3,3,163,3,medium,F,65,1614,1,Yes,99.9
2199,A,Flight,4,2,150,3,low,F,48,1193,1,Yes,99.8
2200,B,Flight,5,5,216,2,high,M,33,3202,1,Yes,100.0
2201,C,Flight,5,2,116,5,high,F,56,1130,1,Yes,99.5
2202,F,Flight,3,4,144,2,low,F,33,1811,1,Yes,99.9
2203,D,Flight,5,3,266,3,low,F,19,2508,1,Yes,100.0
2204,F,Flight,3,3,154,4,medium,F,62,1616,1,Yes,99.7
2205,A,Flight,4,3,255,5,low,M,18,3644,1,Yes,100.0
2206,B,Flight,6,2,229,3,medium,M,13,2322,1,Yes,99.8
2207,C,Flight,2,1,111,3,medium,M,16,1882,1,Yes,99.8
2208,F,Flight,3,3,160,2,medium,F,32,1718,1,Yes,99.8
2209,D,Flight,3,1,184,2,low,F,31,3191,1,Yes,100.0
2210,F,Ship,4,4,218,4,low,M,45,3234,1,Yes,100.0
2211,A,Ship,5,1,137,2,low,M,52,1012,1,Yes,99.7
2212,B,Ship,4,2,204,3,medium,M,14,3829,1,Yes,100.0
2213,C,Ship,6,1,105,5,low,F,57,1784,1,Yes,99.5
2214,F,Ship,3,1,256,2,medium,F,63,3046,1,Yes,100.0
2215,D,Ship,4,2,182,2,medium,F,54,3261,1,Yes,100.0
2216,F,Ship,3,4,260,4,high,M,17,2666,1,Yes,100.0
2217,A,Ship,4,2,166,3,low,M,62,1944,1,Yes,99.8
2218,B,Ship,5,2,160,4,medium,M,43,1479,1,Yes,99.5
2219,C,Ship,4,2,243,3,medium,F,13,2850,1,Yes,100.0
2220,F,Ship,6,5,240,4,medium,M,62,2400,1,Yes,100.0
2221,D,Ship,6,1,229,6,low,M,35,3239,1,Yes,100.0
2222,F,Ship,3,1,164,2,low,M,2,1304,1,Yes,82.9
2223,A,Ship,3,4,234,3,medium,F,37,2111,1,Yes,100.0
2224,B,Ship,4,1,97,2,high,M,15,1836,1,Yes,99.8
2225,C,Ship,4,3,258,3,low,F,12,2017,1,Yes,100.0
2226,F,Ship,3,1,147,2,medium,M,52,1934,1,Yes,99.9
2227,D,Ship,4,3,180,4,low,M,14,1686,1,Yes,99.5
2228,F,Ship,5,1,212,3,low,F,11,2073,1,Yes,100.0
2229,A,Ship,3,4,198,2,medium,M,19,2373,1,Yes,100.0
2230,B,Ship,3,1,239,3,low,F,63,2154,1,Yes,100.0
2231,C,Ship,4,3,158,2,low,M,46,1374,1,Yes,99.8
2232,F,Ship,4,3,218,3,high,F,57,3311,1,Yes,100.0
2233,D,Ship,4,4,156,3,low,M,20,1523,1,Yes,99.8
2234,F,Ship,3,4,235,3,low,M,52,3447,1,Yes,100.0
2235,A,Ship,4,5,168,3,low,F,4,1363,1,Yes,83.2
2236,B,Ship,3,1,178,3,high,F,36,1297,1,Yes,99.9
2237,C,Ship,4,2,275,3,medium,M,26,2449,1,Yes,100.0
2238,F,Ship,3,4,139,2,low,M,45,1192,1,Yes,99.9
2239,D,Ship,2,5,236,3,medium,F,13,2171,1,Yes,100.0
2240,F,Ship,3,4,155,2,low,F,37,1780,1,Yes,99.8
2241,A,Ship,3,3,168,3,medium,M,11,1008,1,Yes,99.6
2242,B,Ship,4,1,151,2,low,M,42,1367,1,Yes,99.8
2243,C,Ship,3,4,113,4,low,F,56,1154,1,Yes,99.7
2244,F,Ship,4,3,133,3,medium,F,50,1861,1,Yes,99.8
2245,D,Ship,5,4,163,4,medium,M,57,1613,1,Yes,99.5
2246,F,Ship,5,3,206,2,medium,F,59,3278,1,Yes,100.0
2247,A,Ship,3,2,177,2,medium,F,23,1929,1,Yes,99.9
2248,B,Ship,3,2,206,2,low,M,3,2261,1,Yes,92.0
2249,C,Ship,5,1,189,3,medium,M,13,3492,1,Yes,100.0
2250,F,Ship,3,4,270,2,low,M,39,3690,1,Yes,100.0
2251,D,Ship,4,1,238,3,low,F,33,2013,1,Yes,100.0
2252,F,Ship,5,1,143,2,low,M,46,1387,1,Yes,99.7
2253,A,Ship,4,1,173,2,medium,M,53,1251,1,Yes,99.8
2254,B,Ship,3,5,134,3,medium,M,38,1169,1,Yes,99.9
2255,C,Ship,4,4,176,3,high,M,34,1283,1,Yes,99.8
2256,F,Ship,4,3,160,2,medium,F,38,1961,1,Yes,99.8
2257,D,Ship,3,4,230,3,high,F,22,3546,1,Yes,100.0
2258,F,Ship,4,5,178,3,low,F,5,1012,1,Yes,81.7
2259,A,Ship,3,2,256,4,low,F,18,2699,1,Yes,100.0
2260,B,Ship,3,4,256,4,low,M,11,3030,1,Yes,100.0
2261,C,Ship,3,2,208,4,medium,M,52,2900,1,Yes,100.0
2262,F,Ship,4,3,119,3,low,F,40,1233,1,Yes,99.8
2263,D,Ship,3,3,114,6,low,F,26,1825,1,Yes,99.6
2264,F,Ship,3,5,225,3,low,F,1,2864,1,Yes,93.4
2265,A,Ship,4,5,155,4,high,F,48,1972,1,Yes,99.5
2266,B,Ship,4,4,223,3,medium,F,51,3895,1,Yes,100.0
2267,C,Ship,5,3,194,3,medium,F,6,2736,1,Yes,94.7
2268,F,Ship,5,4,281,4,medium,F,40,3381,1,Yes,100.0
2269,D,Ship,4,1,132,4,medium,F,10,1343,1,No,47.8
2270,F,Ship,4,1,229,3,medium,F,53,3423,1,Yes,100.0
2271,A,Ship,4,2,251,3,low,F,10,3517,1,Yes,93.8
2272,B,Ship,4,1,113,3,low,F,60,1200,1,Yes,99.8
2273,C,Ship,5,5,234,6,low,F,52,2615,1,Yes,100.0
2274,F,Ship,3,3,181,2,medium,M,58,3719,1,Yes,100.0
2275,D,Ship,5,2,157,2,low,M,32,1497,1,Yes,99.7
2276,F,Ship,3,1,155,3,low,M,49,1203,1,Yes,99.9
2277,A,Ship,3,4,209,2,low,M,62,2935,1,Yes,100.0
2278,B,Ship,4,3,264,3,low,F,39,2213,1,Yes,100.0
2279,C,Ship,3,1,268,3,low,F,47,2479,1,Yes,100.0
2280,F,Ship,6,1,224,3,medium,M,64,2705,1,Yes,99.8
2281,D,Ship,4,4,223,10,low,M,24,3271,1,Yes,100.0
2282,F,Ship,3,2,191,3,high,F,42,2374,1,Yes,100.0
2283,A,Ship,4,1,184,3,high,F,47,3081,1,Yes,100.0
2284,B,Ship,6,5,174,3,medium,F,32,1921,1,Yes,99.8
2285,C,Ship,6,3,134,8,high,F,12,1371,1,Yes,100.0
2286,F,Ship,4,1,135,2,high,F,25,1009,1,Yes,99.8
2287,D,Ship,5,4,234,2,high,F,61,3084,1,Yes,100.0
2288,F,Ship,3,1,215,6,high,M,5,3432,1,Yes,78.2
2289,A,Ship,5,4,187,2,medium,F,10,3549,1,Yes,91.9
2290,B,Ship,3,1,238,2,medium,F,50,3438,1,Yes,100.0
2291,C,Ship,4,2,273,4,low,F,26,3223,1,Yes,100.0
2292,F,Ship,5,4,192,3,medium,M,46,3709,1,Yes,100.0
2293,D,Ship,3,5,268,4,high,M,5,3446,1,Yes,77.3
2294,F,Ship,3,5,225,3,low,F,12,2721,1,Yes,100.0
2295,A,Ship,4,5,155,4,high,F,54,1408,1,Yes,99.5
2296,B,Ship,4,2,223,3,medium,F,56,3158,1,Yes,100.0
2297,C,Ship,5,1,194,3,medium,F,32,3003,1,Yes,100.0
2298,F,Ship,5,4,281,4,medium,M,56,3709,1,Yes,100.0
2299,D,Ship,4,5,132,4,medium,F,28,1715,1,Yes,99.5
2300,F,Ship,4,1,229,3,medium,F,20,2891,1,Yes,100.0
2301,A,Ship,4,1,251,3,low,F,33,2502,1,Yes,100.0
2302,B,Ship,4,5,113,3,low,F,52,1741,1,Yes,99.8
2303,C,Road,5,2,234,6,low,F,58,2448,1,Yes,100.0
2304,F,Road,3,3,181,2,medium,F,52,3236,1,Yes,100.0
2305,D,Road,5,2,157,2,low,M,58,1654,1,Yes,99.7
2306,F,Road,3,3,155,3,low,M,20,1830,1,Yes,99.9
2307,A,Road,3,5,209,2,low,M,33,2603,1,Yes,100.0
2308,B,Road,4,1,264,3,low,M,13,3015,1,Yes,100.0
2309,C,Road,3,2,268,3,low,M,30,2867,1,Yes,100.0
2310,F,Road,6,2,224,3,medium,F,26,3247,1,Yes,99.8
2311,D,Road,4,3,223,10,low,F,21,2943,1,Yes,100.0
2312,F,Road,3,5,191,3,high,F,17,2235,1,Yes,100.0
2313,A,Road,4,4,184,3,high,F,27,3967,1,Yes,100.0
2314,B,Road,6,4,174,3,medium,F,14,1651,1,Yes,99.5
2315,C,Road,6,2,134,8,high,M,42,1054,1,Yes,100.0
2316,F,Road,4,5,135,2,high,F,22,1195,1,Yes,99.8
2317,D,Road,5,5,234,2,high,M,50,3914,1,Yes,100.0
2318,F,Road,3,1,215,6,high,M,42,3715,1,Yes,100.0
2319,A,Road,5,2,187,2,medium,F,29,2863,1,Yes,100.0
2320,B,Road,3,2,238,2,medium,F,32,3274,1,Yes,100.0
2321,C,Road,4,1,273,4,low,F,54,2611,1,Yes,100.0
2322,F,Road,5,5,192,3,medium,F,37,2197,1,Yes,100.0
2323,D,Road,3,5,268,4,high,M,19,2893,1,Yes,100.0
2324,F,Road,3,4,164,3,low,M,5,1408,1,Yes,85.7
2325,A,Flight,2,2,255,3,low,M,59,1514,1,Yes,99.8
2326,B,Flight,4,4,141,2,low,F,30,1130,1,Yes,99.8
2327,C,Flight,2,5,202,3,low,M,50,2587,1,Yes,100.0
2328,F,Flight,4,4,282,6,medium,F,52,3009,1,Yes,100.0
2329,D,Flight,6,4,190,3,low,M,7,3175,1,Yes,90.7
2330,F,Flight,4,2,192,4,low,F,61,2256,1,Yes,100.0
2331,A,Flight,3,4,179,2,low,M,51,1041,1,Yes,99.9
2332,B,Flight,4,3,238,2,medium,M,43,2200,1,Yes,100.0
2333,C,Flight,3,2,181,4,low,F,18,3696,1,Yes,100.0
2334,F,Flight,5,2,128,5,medium,F,45,1707,1,Yes,99.5
2335,D,Flight,5,1,285,5,low,M,51,2063,1,Yes,100.0
2336,F,Flight,5,5,273,3,medium,F,18,2415,1,Yes,100.0
2337,A,Flight,2,2,242,6,low,F,63,3144,1,Yes,100.0
2338,B,Flight,3,4,226,3,medium,F,22,3593,1,Yes,100.0
2339,C,Flight,2,5,255,4,low,F,36,2093,1,Yes,100.0
2340,F,Flight,5,1,198,2,medium,F,37,3025,1,Yes,100.0
2341,D,Flight,5,4,263,3,medium,M,59,3978,1,Yes,100.0
2342,F,Flight,3,5,186,2,low,F,39,2197,1,Yes,100.0
2343,A,Flight,5,2,260,3,low,F,22,2935,1,Yes,100.0
2344,B,Flight,4,2,167,2,low,F,5,1169,1,Yes,81.4
2345,C,Flight,4,3,210,3,low,F,46,2344,1,Yes,100.0
2346,F,Flight,4,5,216,3,low,F,20,3549,1,Yes,100.0
2347,D,Ship,3,2,273,3,low,F,12,2154,1,Yes,100.0
2348,F,Ship,5,1,153,2,low,F,55,1414,1,Yes,99.7
2349,A,Ship,3,2,183,3,medium,F,44,3809,1,Yes,100.0
2350,B,Ship,4,1,224,3,medium,F,36,3499,1,Yes,100.0
2351,C,Ship,5,1,170,3,high,M,58,1651,1,Yes,99.8
2352,F,Ship,5,1,237,4,low,M,33,2605,1,Yes,100.0
2353,D,Ship,5,5,234,6,medium,F,60,2443,1,Yes,100.0
2354,F,Ship,3,2,264,3,medium,F,43,3439,1,Yes,100.0
2355,A,Ship,2,2,153,3,low,F,55,1273,1,Yes,99.8
2356,B,Ship,4,3,228,4,low,M,61,3583,1,Yes,100.0
2357,C,Ship,3,5,264,2,medium,M,33,2021,1,Yes,100.0
2358,F,Ship,4,3,267,3,low,F,42,2332,1,Yes,100.0
2359,D,Ship,3,2,213,2,low,M,22,3248,1,Yes,100.0
2360,F,Ship,4,1,181,3,medium,M,38,3258,1,Yes,100.0
2361,A,Ship,6,4,209,5,low,F,53,3169,1,Yes,100.0
2362,B,Ship,3,2,165,3,low,F,19,1111,1,Yes,99.9
2363,C,Ship,3,4,164,3,high,F,55,1293,1,Yes,99.9
2364,F,Ship,5,5,141,2,medium,M,14,1114,1,Yes,99.7
2365,D,Ship,3,2,164,4,medium,M,2,1701,1,Yes,56.0
2366,F,Ship,3,3,178,2,medium,M,4,1778,1,Yes,83.1
2367,A,Ship,5,4,200,3,medium,M,24,2078,1,Yes,100.0
2368,B,Ship,4,5,185,2,low,F,47,3974,1,Yes,99.4
2369,C,Ship,2,1,180,2,medium,F,31,1078,1,Yes,99.9
2370,F,Ship,4,5,144,3,low,M,9,1526,1,Yes,82.9
2371,D,Ship,4,4,161,4,low,F,14,1194,1,Yes,99.5
2372,F,Ship,4,5,152,3,medium,M,25,1222,1,Yes,99.8
2373,A,Ship,2,3,129,3,low,M,50,1111,1,Yes,99.8
2374,B,Ship,5,2,140,3,medium,F,16,1969,1,Yes,99.9
2375,C,Ship,4,1,270,4,medium,F,64,3312,1,Yes,100.0
2376,F,Ship,3,2,183,3,medium,F,25,2023,1,Yes,100.0
2377,D,Ship,4,1,264,3,low,F,39,3719,1,Yes,100.0
2378,F,Ship,3,2,167,4,medium,M,49,1973,1,Yes,99.7
2379,A,Ship,5,1,219,3,low,M,14,2447,1,Yes,100.0
2380,B,Ship,4,2,225,3,low,M,52,3189,1,Yes,100.0
2381,C,Ship,4,1,228,3,low,F,53,2021,1,Yes,100.0
2382,F,Ship,3,5,119,3,medium,M,7,1021,1,Yes,82.6
2383,D,Ship,3,5,244,3,low,F,8,3154,1,Yes,93.4
2384,F,Ship,4,3,163,5,low,M,29,1349,1,Yes,99.0
2385,A,Ship,4,5,260,3,medium,M,59,3951,1,Yes,100.0
2386,B,Ship,4,3,135,2,medium,F,53,1073,1,Yes,99.8
2387,C,Ship,5,2,167,3,medium,F,7,1939,1,Yes,82.5
2388,F,Ship,4,4,233,3,medium,F,14,2522,1,Yes,100.0
2389,D,Ship,4,5,147,2,medium,F,19,1940,1,Yes,99.8
2390,F,Ship,2,4,159,2,low,F,17,1686,1,Yes,99.9
2391,A,Ship,4,2,139,3,medium,M,5,1674,1,Yes,83.3
2392,B,Ship,3,1,200,2,low,F,44,2651,1,Yes,100.0
2393,C,Ship,4,1,221,3,low,F,3,2546,1,Yes,93.0
2394,F,Ship,4,3,158,3,low,M,18,1036,1,Yes,99.8
2395,D,Ship,4,5,227,3,low,M,65,3984,1,Yes,100.0
2396,F,Ship,3,3,179,3,medium,F,12,1125,1,Yes,99.9
2397,A,Ship,3,2,232,3,low,F,64,3131,1,Yes,100.0
2398,B,Ship,3,3,139,2,low,M,9,1177,1,Yes,81.9
2399,C,Ship,6,3,195,2,medium,M,21,3869,1,Yes,99.9
2400,F,Ship,6,2,276,6,medium,M,7,2437,1,Yes,74.1
2401,D,Ship,2,5,171,3,medium,F,13,1101,1,Yes,99.8
2402,F,Ship,5,4,259,3,medium,F,43,2685,1,Yes,100.0
2403,A,Ship,3,2,123,4,medium,F,7,1596,1,Yes,54.2
2404,B,Ship,3,2,199,4,low,F,47,2208,1,Yes,100.0
2405,C,Ship,4,3,226,2,low,F,32,2912,1,Yes,100.0
2406,F,Ship,4,2,149,3,medium,F,54,1506,1,Yes,99.8
2407,D,Ship,3,5,115,3,medium,M,60,1122,1,Yes,99.9
2408,F,Ship,3,2,243,2,medium,M,26,2719,1,Yes,100.0
2409,A,Ship,2,4,136,6,medium,M,58,1479,1,Yes,99.6
2410,B,Ship,3,2,180,2,low,F,6,1811,1,Yes,83.3
2411,C,Ship,4,1,274,4,medium,M,57,3332,1,Yes,100.0
2412,F,Ship,6,5,233,6,medium,M,48,3341,1,Yes,100.0
2413,D,Ship,3,2,254,2,medium,F,2,3239,1,Yes,92.7
2414,F,Ship,4,5,153,3,high,F,3,1347,1,Yes,82.8
2415,A,Ship,6,3,175,5,medium,F,64,1860,1,Yes,99.5
2416,B,Ship,5,2,207,2,low,F,35,2184,1,Yes,100.0
2417,C,Ship,3,1,153,2,low,F,6,1314,1,Yes,83.2
2418,F,Ship,3,4,228,2,medium,M,65,3943,1,Yes,100.0
2419,D,Ship,5,2,96,2,low,F,50,1186,1,Yes,99.7
2420,F,Ship,4,4,241,3,high,M,39,3798,1,Yes,100.0
2421,A,Ship,5,2,249,5,high,F,28,2846,1,Yes,100.0
2422,B,Ship,3,3,188,5,low,M,25,3992,1,Yes,100.0
2423,C,Ship,3,2,154,2,high,F,4,1009,1,Yes,80.7
2424,F,Ship,4,4,226,2,high,M,53,3154,1,Yes,100.0
2425,D,Ship,5,3,250,2,low,F,14,2064,1,Yes,100.0
2426,F,Ship,3,1,150,2,medium,F,46,1431,1,Yes,99.9
2427,A,Ship,3,5,267,2,low,F,16,2913,1,Yes,100.0
2428,B,Ship,4,3,223,3,low,M,35,2715,1,Yes,100.0
2429,C,Ship,4,5,192,3,medium,F,41,3873,1,Yes,100.0
2430,F,Ship,3,2,143,3,low,F,58,1785,1,Yes,99.8
2431,D,Ship,3,5,113,2,low,F,19,1660,1,Yes,99.9
2432,F,Ship,4,1,135,3,medium,M,39,1549,1,Yes,99.8
2433,A,Ship,4,4,189,4,high,F,56,2646,1,Yes,100.0
2434,B,Ship,3,2,245,3,medium,M,13,3775,1,Yes,100.0
2435,C,Ship,3,5,181,2,low,M,29,2217,1,Yes,100.0
2436,F,Ship,3,2,207,2,medium,F,37,2460,1,Yes,100.0
2437,D,Ship,3,1,169,2,medium,F,19,1183,1,Yes,99.9
2438,F,Ship,4,5,206,3,low,F,65,2598,1,Yes,100.0
2439,A,Ship,2,5,117,3,low,M,44,1192,1,Yes,99.8
2440,B,Road,2,1,115,3,high,M,42,1247,1,Yes,99.8
2441,C,Road,3,3,149,3,low,F,63,1196,1,Yes,99.9
2442,F,Road,4,5,133,3,medium,M,3,1403,1,Yes,82.8
2443,D,Road,4,3,271,2,medium,M,22,2595,1,Yes,100.0
2444,F,Road,2,5,116,3,low,F,3,1688,1,Yes,84.2
2445,A,Road,3,5,139,2,medium,M,64,1857,1,Yes,99.9
2446,B,Road,4,3,216,3,medium,M,35,2567,1,Yes,100.0
2447,C,Road,3,5,165,2,high,F,37,1234,1,Yes,99.9
2448,F,Road,6,5,286,4,low,F,31,3774,1,Yes,100.0
2449,D,Road,5,3,136,3,medium,F,13,1446,1,Yes,99.8
2450,F,Road,4,5,225,4,low,M,48,2767,1,Yes,100.0
2451,A,Road,4,2,163,3,low,F,27,1639,1,Yes,99.8
2452,B,Road,4,3,272,4,low,M,61,2857,1,Yes,100.0
2453,C,Road,4,3,135,2,high,M,24,1292,1,Yes,99.8
2454,F,Road,4,5,184,3,low,F,64,3812,1,Yes,100.0
2455,D,Road,4,5,219,2,medium,F,28,2164,1,Yes,100.0
2456,F,Road,3,3,249,2,medium,M,53,2323,1,Yes,100.0
2457,A,Road,2,3,142,3,low,F,46,1694,1,Yes,99.8
2458,B,Road,5,2,137,3,medium,M,47,1023,1,Yes,99.7
2459,C,Road,2,5,168,3,low,M,37,1717,1,Yes,99.8
2460,F,Road,5,5,165,3,medium,F,32,1798,1,Yes,99.7
2461,D,Road,3,3,199,2,low,M,4,3553,1,Yes,92.7
2462,F,Flight,3,3,246,3,low,M,27,3648,1,Yes,100.0
2463,A,Flight,5,2,224,4,medium,M,43,2336,1,Yes,100.0
2464,B,Flight,5,5,216,6,low,M,54,2075,1,Yes,100.0
2465,C,Flight,5,3,167,2,low,M,3,1140,1,Yes,77.6
2466,F,Flight,4,2,182,3,medium,M,14,3413,1,Yes,100.0
2467,D,Flight,6,1,126,3,medium,F,37,1697,1,Yes,99.5
2468,F,Flight,5,1,170,3,medium,F,48,1299,1,Yes,99.8
2469,A,Flight,4,2,148,3,medium,M,2,1805,1,Yes,82.2
2470,B,Flight,4,2,141,3,medium,M,61,1875,1,Yes,99.8
2471,C,Flight,5,5,169,2,medium,F,14,1497,1,Yes,99.7
2472,F,Flight,5,2,143,3,medium,M,12,1802,1,Yes,99.7
2473,D,Flight,4,5,156,3,low,F,60,1553,1,Yes,99.8
2474,F,Flight,5,1,241,4,medium,F,19,2193,1,Yes,100.0
2475,A,Flight,3,4,212,3,medium,F,13,2307,1,Yes,100.0
2476,B,Flight,5,3,265,3,medium,M,30,2293,1,Yes,100.0
2477,C,Flight,3,4,243,3,low,F,60,2980,1,Yes,100.0
2478,F,Flight,5,2,209,4,medium,M,15,3330,1,Yes,100.0
2479,D,Flight,4,5,229,3,medium,M,21,2688,1,Yes,100.0
2480,F,Flight,3,1,257,2,low,F,45,3496,1,Yes,100.0
2481,A,Flight,5,5,209,3,low,M,49,3893,1,Yes,100.0
2482,B,Flight,3,3,142,3,medium,M,23,1897,1,Yes,99.9
2483,C,Flight,3,5,208,4,medium,M,12,3181,1,Yes,100.0
2484,F,Ship,6,3,167,6,low,F,15,1278,1,Yes,99.5
2485,D,Ship,3,5,266,3,medium,M,16,2334,1,Yes,100.0
2486,F,Ship,5,3,210,2,medium,M,44,3382,1,Yes,100.0
2487,A,Ship,2,2,147,2,medium,F,49,1447,1,Yes,99.9
2488,B,Ship,5,2,132,2,medium,M,8,1665,1,Yes,78.0
2489,C,Ship,3,4,269,3,medium,F,21,3716,1,Yes,100.0
2490,F,Ship,5,3,148,3,medium,F,48,1099,1,Yes,99.7
2491,D,Ship,4,5,268,2,high,M,32,3675,1,Yes,100.0
2492,F,Ship,3,5,156,2,low,F,43,1301,1,Yes,99.9
2493,A,Ship,5,1,222,4,low,M,63,3506,1,Yes,100.0
2494,B,Ship,4,5,151,3,high,F,31,1365,1,Yes,99.8
2495,C,Ship,3,3,236,3,low,F,28,3652,1,Yes,100.0
2496,F,Ship,3,5,229,3,medium,F,12,3049,1,Yes,100.0
2497,D,Ship,4,3,261,3,low,M,42,2664,1,Yes,100.0
2498,F,Ship,2,1,229,4,low,M,6,3757,1,Yes,75.7
2499,A,Ship,4,5,205,3,low,F,60,2317,1,Yes,100.0
2500,B,Ship,3,4,240,2,low,M,8,3883,1,Yes,92.1
2501,C,Ship,4,3,209,6,low,F,59,2622,1,Yes,100.0
2502,F,Ship,2,1,252,2,low,M,35,2526,1,Yes,100.0
2503,D,Ship,3,4,140,2,medium,M,48,1102,1,Yes,99.9
2504,F,Ship,5,4,156,2,low,F,57,1842,1,Yes,99.7
2505,A,Ship,2,2,190,8,medium,M,33,3448,1,Yes,100.0
2506,B,Ship,3,4,138,6,medium,M,5,1853,1,Yes,54.9
2507,C,Ship,5,4,243,3,low,F,35,2899,1,Yes,100.0
2508,F,Ship,3,1,183,2,low,M,58,3027,1,Yes,100.0
2509,D,Ship,3,5,190,10,medium,M,26,3244,1,Yes,100.0
2510,F,Ship,5,1,235,2,low,M,27,2451,1,Yes,100.0
2511,A,Ship,3,2,143,6,medium,M,63,1953,1,Yes,99.6
2512,B,Ship,3,1,176,2,medium,F,45,1470,1,Yes,99.9
2513,C,Ship,3,5,178,3,low,F,39,1498,1,Yes,99.9
2514,F,Ship,3,2,270,2,medium,F,59,3706,1,Yes,100.0
2515,D,Ship,4,4,141,2,low,M,7,1479,1,Yes,81.3
2516,F,Ship,4,3,220,3,medium,M,8,3342,1,Yes,93.2
2517,A,Ship,5,5,264,3,medium,F,56,3482,1,Yes,100.0
2518,B,Ship,3,5,150,2,low,F,48,1256,1,Yes,99.9
2519,C,Ship,3,4,175,3,medium,M,4,1519,1,Yes,85.3
2520,F,Ship,2,4,223,3,medium,F,19,3356,1,Yes,100.0
2521,D,Ship,4,4,162,10,high,M,12,1583,1,Yes,99.5
2522,F,Ship,6,4,221,10,medium,M,42,2972,1,Yes,100.0
2523,A,Ship,5,1,216,3,low,M,40,2668,1,Yes,100.0
2524,B,Ship,5,5,133,10,medium,M,9,1724,1,Yes,57.3
2525,C,Ship,4,2,191,3,high,M,3,2353,1,Yes,93.0
2526,F,Ship,4,5,156,3,low,M,39,1483,1,Yes,99.8
2527,D,Ship,4,1,252,3,medium,F,30,2669,1,Yes,100.0
2528,F,Ship,3,5,198,3,low,M,2,3417,1,Yes,93.4
2529,A,Ship,2,3,139,8,medium,M,21,1033,1,Yes,99.8
2530,B,Ship,2,1,255,3,low,M,19,1551,1,Yes,99.8
2531,C,Ship,4,1,141,2,low,F,23,1689,1,Yes,99.8
2532,F,Ship,4,1,151,3,high,F,39,1458,1,Yes,99.8
2533,D,Ship,3,5,236,3,low,F,54,3976,1,Yes,100.0
2534,F,Ship,3,4,229,3,medium,F,46,3223,1,Yes,100.0
2535,A,Ship,4,3,261,3,low,F,6,2787,1,Yes,93.7
2536,B,Ship,2,1,229,4,low,F,11,3614,1,Yes,100.0
2537,C,Ship,4,4,205,3,low,F,58,2522,1,Yes,100.0
2538,F,Ship,3,4,240,2,low,F,33,3489,1,Yes,100.0
2539,D,Ship,4,4,209,6,low,M,62,3532,1,Yes,100.0
2540,F,Ship,2,5,252,2,low,F,21,2070,1,Yes,100.0
2541,A,Ship,3,3,140,2,medium,F,30,1547,1,Yes,99.9
2542,B,Ship,5,3,156,2,low,M,1,1147,1,Yes,78.9
2543,C,Ship,2,5,190,8,medium,M,11,2976,1,Yes,100.0
2544,F,Ship,3,3,138,6,medium,M,49,1078,1,Yes,99.6
2545,D,Ship,5,4,243,3,low,F,43,2866,1,Yes,100.0
2546,F,Ship,3,5,183,2,low,F,10,2621,1,Yes,92.1
2547,A,Ship,3,5,190,10,medium,M,32,2931,1,Yes,100.0
2548,B,Ship,5,2,235,2,low,F,61,3451,1,Yes,100.0
2549,C,Ship,3,1,143,6,medium,M,2,1323,1,Yes,55.9
2550,F,Ship,3,3,176,2,medium,M,34,1856,1,Yes,99.9
2551,D,Ship,3,1,178,3,low,F,11,1481,1,Yes,99.9
2552,F,Ship,3,5,270,2,medium,F,46,2716,1,Yes,100.0
2553,A,Ship,4,1,141,2,low,M,10,1340,1,Yes,82.1
2554,B,Ship,4,5,220,3,medium,F,63,3109,1,Yes,100.0
2555,C,Ship,5,5,264,3,medium,F,23,2837,1,Yes,100.0
2556,F,Ship,3,5,150,2,low,M,29,1934,1,Yes,99.9
2557,D,Ship,3,3,175,3,medium,F,32,1848,1,Yes,99.9
2558,F,Ship,2,5,223,3,medium,M,35,3437,1,Yes,100.0
2559,A,Ship,4,3,162,10,high,M,25,1764,1,Yes,99.5
2560,B,Ship,6,3,221,10,medium,F,13,2219,1,Yes,100.0
2561,C,Ship,5,5,216,3,low,F,5,3137,1,Yes,94.5
2562,F,Ship,5,2,133,10,medium,M,53,1674,1,Yes,100.0
2563,D,Ship,4,3,191,3,high,F,45,3714,1,Yes,100.0
2564,F,Ship,4,5,156,3,low,F,33,1836,1,Yes,99.8
2565,A,Ship,4,2,252,3,medium,F,43,3273,1,Yes,100.0
2566,B,Ship,3,2,198,3,low,M,15,3250,1,Yes,100.0
2567,C,Ship,2,4,139,8,medium,F,62,1180,1,Yes,99.8
2568,F,Ship,2,4,255,3,low,F,55,1663,1,Yes,99.8
2569,D,Ship,4,2,141,2,low,F,8,1495,1,Yes,80.5
2570,F,Ship,5,2,263,2,medium,F,63,1254,1,Yes,99.7
2571,A,Ship,3,3,179,3,medium,F,41,1892,1,Yes,99.9
2572,B,Ship,4,5,212,4,low,M,21,1014,1,Yes,99.5
2573,C,Ship,2,1,282,5,low,F,51,1362,1,Yes,99.6
2574,F,Ship,3,5,165,3,medium,M,33,1500,1,Yes,99.9
2575,D,Ship,4,1,189,2,medium,F,63,3474,1,Yes,100.0
2576,F,Ship,5,5,157,4,medium,M,60,1407,1,Yes,99.5
2577,A,Road,3,4,167,3,low,M,14,1420,1,Yes,99.9
2578,B,Road,3,1,175,2,low,M,42,1668,1,Yes,99.9
2579,C,Road,3,4,150,2,medium,M,64,1777,1,Yes,99.8
2580,F,Road,4,2,128,5,low,F,28,1247,1,Yes,99.0
2581,D,Road,5,2,236,2,low,M,24,3679,1,Yes,100.0
2582,F,Road,4,3,162,2,medium,F,58,1708,1,Yes,99.7
2583,A,Road,5,4,230,2,medium,F,48,3743,1,Yes,100.0
2584,B,Road,5,3,225,4,low,F,60,2130,1,Yes,100.0
2585,C,Road,2,2,285,2,medium,F,16,2223,1,Yes,100.0
2586,F,Road,4,5,246,2,medium,M,31,2415,1,Yes,100.0
2587,D,Road,4,4,196,2,low,F,6,2718,1,Yes,93.0
2588,F,Road,5,4,211,6,low,M,33,3955,1,Yes,100.0
2589,A,Road,3,1,197,2,low,M,4,3621,1,Yes,92.7
2590,B,Road,5,3,203,2,low,F,37,3531,1,Yes,100.0
2591,C,Road,4,2,161,3,medium,F,10,1928,1,Yes,85.0
2592,F,Road,5,5,266,4,medium,M,62,2201,1,Yes,100.0
2593,D,Road,4,1,190,3,low,F,32,2774,1,Yes,100.0
2594,F,Road,3,2,140,3,low,F,42,1465,1,Yes,99.9
2595,A,Road,4,1,274,4,medium,M,61,3402,1,Yes,100.0
2596,B,Road,4,2,168,3,low,M,59,1717,1,Yes,99.8
2597,C,Road,3,5,189,3,low,F,61,2203,1,Yes,100.0
2598,F,Road,3,2,231,3,low,F,56,2714,1,Yes,100.0
2599,D,Flight,5,1,189,3,medium,F,14,3318,1,Yes,100.0
2600,F,Flight,4,1,220,2,medium,M,38,2368,1,Yes,100.0
2601,A,Flight,5,4,190,2,medium,F,23,3960,1,Yes,100.0
2602,B,Flight,4,2,238,3,low,M,30,3423,1,Yes,100.0
2603,C,Flight,4,4,220,2,medium,F,33,2897,1,Yes,100.0
2604,F,Flight,4,5,194,2,high,M,44,2651,1,Yes,100.0
2605,D,Flight,3,3,203,3,medium,M,29,3261,1,Yes,100.0
2606,F,Flight,3,5,258,3,low,M,21,3446,1,Yes,100.0
2607,A,Flight,3,5,151,3,low,M,3,1273,1,Yes,85.3
2608,B,Flight,3,2,218,3,medium,F,52,2149,1,Yes,100.0
2609,C,Flight,5,1,265,3,medium,M,6,2452,1,Yes,94.7
2610,F,Flight,4,1,157,3,medium,M,31,1712,1,Yes,99.8
2611,D,Flight,4,2,214,3,medium,F,20,2009,1,Yes,100.0
2612,F,Flight,4,4,221,4,medium,M,14,2932,1,Yes,100.0
2613,A,Flight,3,2,149,2,medium,M,37,1699,1,Yes,99.8
2614,B,Flight,4,2,273,5,medium,F,6,2126,1,Yes,72.8
2615,C,Flight,5,1,253,5,low,M,31,3836,1,Yes,100.0
2616,F,Flight,3,5,102,6,medium,M,3,1341,1,Yes,55.8
2617,D,Flight,4,1,258,2,low,F,56,3186,1,Yes,100.0
2618,F,Flight,4,2,273,2,low,F,9,3383,1,Yes,92.0
2619,A,Flight,4,2,187,2,low,M,54,2191,1,Yes,100.0
2620,B,Flight,5,1,151,2,medium,F,30,1377,1,Yes,99.7
2621,C,Ship,2,4,120,2,medium,M,13,1240,1,Yes,99.9
2622,F,Ship,3,1,254,2,low,M,56,3463,1,Yes,100.0
2623,D,Ship,5,3,149,3,medium,F,43,1005,1,Yes,99.5
2624,F,Ship,4,1,152,3,high,M,26,1464,1,Yes,99.8
2625,A,Ship,5,4,187,3,low,F,53,3172,1,Yes,100.0
2626,B,Ship,4,4,170,2,low,M,34,1512,1,Yes,99.8
2627,C,Ship,3,3,156,3,high,F,20,1305,1,Yes,99.9
2628,F,Ship,4,5,228,2,low,M,63,3401,1,Yes,100.0
2629,D,Ship,3,1,272,2,low,M,51,2719,1,Yes,100.0
2630,F,Ship,3,1,140,2,low,F,6,1435,1,Yes,83.0
2631,A,Ship,3,5,185,2,medium,M,27,3624,1,Yes,100.0
2632,B,Ship,5,3,167,3,low,F,5,1772,1,Yes,81.9
2633,C,Ship,4,5,244,3,low,F,49,3914,1,Yes,100.0
2634,F,Ship,3,4,229,6,medium,F,33,2815,1,Yes,100.0
2635,D,Ship,4,1,273,3,medium,F,25,3717,1,Yes,100.0
2636,F,Ship,4,3,204,3,low,M,30,3774,1,Yes,100.0
2637,A,Ship,4,3,154,3,medium,M,10,1711,1,Yes,84.9
2638,B,Ship,3,1,254,4,low,F,33,2542,1,Yes,100.0
2639,C,Ship,3,2,151,3,low,M,40,1173,1,Yes,99.9
2640,F,Ship,3,5,242,5,medium,F,61,3688,1,Yes,100.0
2641,D,Ship,4,5,137,2,medium,F,14,1796,1,Yes,99.7
2642,F,Ship,4,4,163,2,low,F,41,1634,1,Yes,99.8
2643,A,Ship,3,3,143,3,medium,F,16,1343,1,Yes,99.9
2644,B,Ship,4,4,196,3,low,F,11,3244,1,Yes,100.0
2645,C,Ship,4,3,264,2,low,F,38,3877,1,Yes,100.0
2646,F,Ship,4,1,217,3,medium,M,2,2692,1,Yes,92.4
2647,D,Ship,3,3,124,3,medium,M,59,1959,1,Yes,99.9
2648,F,Ship,3,1,269,3,low,M,61,3542,1,Yes,100.0
2649,A,Ship,3,1,135,4,medium,M,47,1840,1,Yes,99.7
2650,B,Ship,2,1,192,3,high,M,46,3206,1,Yes,100.0
2651,C,Ship,4,1,274,4,medium,F,42,2430,1,Yes,100.0
2652,F,Ship,3,2,162,4,low,M,25,1316,1,Yes,99.7
2653,D,Ship,3,3,158,3,low,F,20,1431,1,Yes,99.9
2654,F,Ship,5,3,225,3,medium,M,59,2270,1,Yes,100.0
2655,A,Ship,2,5,150,3,low,F,16,1738,1,Yes,99.8
2656,B,Ship,6,3,154,5,medium,F,57,1117,1,Yes,99.5
2657,C,Ship,3,1,181,3,medium,M,34,3306,1,Yes,100.0
2658,F,Ship,3,4,272,3,low,M,44,2548,1,Yes,100.0
2659,D,Ship,3,3,160,4,medium,M,58,1496,1,Yes,99.7
2660,F,Ship,5,5,145,3,medium,F,37,1993,1,Yes,99.7
2661,A,Ship,4,4,143,5,high,F,5,1027,1,No,46.8
2662,B,Ship,4,1,201,4,medium,M,59,2925,1,Yes,100.0
2663,C,Ship,4,3,242,4,low,M,62,3997,1,Yes,100.0
2664,F,Ship,4,4,151,2,low,F,38,1001,1,Yes,99.5
2665,D,Ship,4,4,199,2,medium,M,25,3705,1,Yes,100.0
2666,F,Ship,4,1,178,3,medium,M,9,1006,1,Yes,79.8
2667,A,Ship,3,2,138,3,low,M,49,1923,1,Yes,99.9
2668,B,Ship,5,3,162,4,medium,M,38,1407,1,Yes,99.5
2669,C,Ship,4,3,154,3,low,M,33,1101,1,Yes,99.8
2670,F,Ship,3,1,206,2,medium,F,56,2069,1,Yes,100.0
2671,D,Ship,5,2,246,2,low,F,4,3617,1,Yes,92.8
2672,F,Ship,4,3,233,2,medium,F,47,3606,1,Yes,100.0
2673,A,Ship,4,1,251,4,medium,F,33,2906,1,Yes,100.0
2674,B,Ship,3,1,165,3,medium,M,61,1313,1,Yes,99.9
2675,C,Ship,4,3,183,2,low,F,32,3709,1,Yes,100.0
2676,F,Ship,3,2,109,3,low,F,30,1597,1,Yes,99.9
2677,D,Ship,5,3,209,4,medium,F,7,2675,1,Yes,73.8
2678,F,Ship,5,2,168,3,low,F,50,1486,1,Yes,99.8
2679,A,Ship,5,3,210,2,low,M,19,3920,1,Yes,100.0
2680,B,Ship,3,1,185,2,low,F,41,3787,1,Yes,100.0
2681,C,Ship,5,2,243,2,medium,M,58,2758,1,Yes,100.0
2682,F,Ship,3,4,258,3,low,F,55,2777,1,Yes,100.0
2683,D,Ship,4,4,279,5,medium,F,56,2697,1,Yes,100.0
2684,F,Ship,3,1,160,3,low,M,57,1833,1,Yes,99.9
2685,A,Ship,3,1,185,4,low,F,35,3648,1,Yes,100.0
2686,B,Ship,4,3,271,4,low,F,24,3499,1,Yes,100.0
2687,C,Ship,4,2,273,2,low,F,31,2229,1,Yes,100.0
2688,F,Ship,3,4,208,3,medium,F,23,2100,1,Yes,100.0
2689,D,Ship,2,2,137,3,low,F,20,1823,1,Yes,99.8
2690,F,Ship,4,1,198,3,medium,F,56,3135,1,Yes,100.0
2691,A,Ship,5,1,236,4,high,F,64,3231,1,Yes,100.0
2692,B,Ship,5,5,133,2,low,F,18,1134,1,Yes,99.7
2693,C,Ship,4,2,191,3,medium,F,12,3676,1,Yes,100.0
2694,F,Ship,3,1,202,3,low,F,51,3551,1,Yes,100.0
2695,D,Ship,5,1,162,5,low,F,47,1727,1,Yes,99.5
2696,F,Ship,5,1,224,2,low,F,14,2959,1,Yes,100.0
2697,A,Ship,4,2,191,2,high,M,65,3082,1,Yes,100.0
2698,B,Ship,3,5,272,2,medium,M,31,2438,1,Yes,100.0
2699,C,Ship,4,3,269,3,low,F,7,2538,1,Yes,93.7
2700,F,Ship,4,2,179,3,high,F,30,1076,1,Yes,99.8
2701,D,Ship,3,5,225,2,low,F,56,2596,1,Yes,100.0
2702,F,Ship,3,2,132,2,medium,M,6,1185,1,Yes,83.2
2703,A,Ship,5,3,244,3,low,F,52,3118,1,Yes,100.0
2704,B,Ship,3,4,185,2,low,F,62,2849,1,Yes,100.0
2705,C,Ship,3,3,257,3,low,M,64,3103,1,Yes,100.0
2706,F,Ship,3,3,253,5,low,F,63,3788,1,Yes,100.0
2707,D,Ship,4,3,174,3,low,F,5,1502,1,Yes,83.3
2708,F,Ship,2,1,200,3,medium,M,34,2199,1,Yes,100.0
2709,A,Ship,3,1,150,3,medium,F,8,1745,1,Yes,84.9
2710,B,Ship,3,2,137,3,medium,F,9,1347,1,Yes,84.8
2711,C,Ship,3,1,181,3,medium,M,29,2981,1,Yes,100.0
2712,F,Ship,5,2,246,2,medium,M,13,2652,1,Yes,100.0
2713,D,Ship,3,3,237,5,low,M,48,2057,1,Yes,100.0
2714,F,Road,3,5,226,3,medium,M,55,2465,1,Yes,100.0
2715,A,Road,4,4,225,3,low,M,51,2892,1,Yes,100.0
2716,B,Road,3,2,268,2,low,M,20,2731,1,Yes,100.0
2717,C,Road,4,3,146,3,low,M,41,1140,1,Yes,99.8
2718,F,Road,4,5,159,3,low,M,2,1048,1,Yes,81.1
2719,D,Road,3,1,135,3,low,F,38,1829,1,Yes,99.9
2720,F,Road,3,2,134,2,medium,F,45,1946,1,Yes,99.9
2721,A,Road,4,3,210,3,low,M,3,2742,1,Yes,93.0
2722,B,Road,4,4,238,3,low,F,13,2042,1,Yes,100.0
2723,C,Road,4,3,214,4,low,M,34,3446,1,Yes,100.0
2724,F,Road,4,2,204,4,low,F,35,2725,1,Yes,100.0
2725,D,Road,4,1,227,3,low,M,5,3100,1,Yes,93.6
2726,F,Road,4,3,253,3,high,F,18,2849,1,Yes,100.0
2727,A,Road,2,3,126,4,high,F,3,1364,1,Yes,55.5
2728,B,Road,4,4,208,2,high,F,20,2759,1,Yes,100.0
2729,C,Road,4,4,179,3,low,M,48,1943,1,Yes,99.8
2730,F,Road,3,1,132,2,medium,M,62,1909,1,Yes,99.9
2731,D,Road,3,4,144,3,low,M,56,1496,1,Yes,99.9
2732,F,Road,3,3,236,2,medium,F,58,3360,1,Yes,100.0
2733,A,Road,4,4,235,3,low,F,17,3715,1,Yes,100.0
2734,B,Road,4,5,254,3,low,M,29,3885,1,Yes,100.0
2735,C,Road,3,2,144,5,medium,M,43,1027,1,Yes,99.6
2736,F,Flight,5,1,272,3,medium,M,27,2415,1,Yes,100.0
2737,D,Flight,3,3,191,4,medium,F,17,3675,1,Yes,100.0
2738,F,Flight,5,3,177,4,medium,M,60,1159,1,Yes,99.5
2739,A,Flight,5,4,226,3,low,F,46,3149,1,Yes,100.0
2740,B,Flight,3,4,132,2,medium,M,12,1493,1,Yes,99.9
2741,C,Flight,3,1,121,5,low,F,60,1577,1,Yes,99.6
2742,F,Flight,4,2,171,3,low,F,40,1021,1,Yes,99.8
2743,D,Flight,3,3,178,3,high,M,12,1900,1,Yes,99.9
2744,F,Flight,4,3,132,4,medium,M,10,1767,1,No,48.1
2745,A,Flight,6,4,249,5,medium,M,43,3078,1,Yes,100.0
2746,B,Flight,2,4,159,3,medium,M,47,1547,1,Yes,99.8
2747,C,Flight,5,2,171,3,high,M,34,1029,1,Yes,99.7
2748,F,Flight,3,3,150,3,low,M,6,1775,1,Yes,85.8
2749,D,Flight,4,4,178,3,low,F,1,1165,1,Yes,81.9
2750,F,Flight,3,3,192,7,high,F,25,2152,1,Yes,100.0
2751,A,Flight,3,5,214,8,high,M,50,3628,1,Yes,100.0
2752,B,Flight,5,3,225,7,medium,F,45,3162,1,Yes,100.0
2753,C,Flight,5,4,167,7,medium,F,23,1691,1,Yes,100.0
2754,F,Flight,3,5,245,4,medium,M,4,2769,1,Yes,76.7
2755,D,Flight,4,5,138,7,medium,M,60,1366,1,Yes,99.5
2756,F,Flight,4,4,173,3,medium,F,64,1847,1,Yes,99.8
2757,A,Flight,3,5,98,3,medium,F,48,1635,1,Yes,99.9
2758,B,Ship,3,1,231,2,low,M,44,3688,1,Yes,100.0
2759,C,Ship,5,5,149,7,medium,F,50,1346,1,Yes,100.0
2760,F,Ship,3,1,206,3,medium,M,28,2892,1,Yes,100.0
2761,D,Ship,5,3,264,10,medium,F,34,3441,1,Yes,100.0
2762,F,Ship,3,1,193,2,medium,F,23,2728,1,Yes,100.0
2763,A,Ship,5,1,263,2,medium,F,4,1092,1,Yes,78.1
2764,B,Ship,3,2,191,4,medium,F,16,2277,1,Yes,100.0
2765,C,Ship,5,4,177,4,medium,M,48,1920,1,Yes,99.5
2766,F,Ship,5,5,226,3,low,M,50,2348,1,Yes,100.0
2767,D,Ship,3,1,132,2,medium,F,16,1731,1,Yes,99.8
2768,F,Ship,3,1,121,5,low,M,62,1505,1,Yes,99.6
2769,A,Ship,4,2,171,3,low,M,34,1352,1,Yes,99.8
2770,B,Ship,3,3,178,3,high,M,43,1517,1,Yes,99.9
2771,C,Ship,4,4,132,4,medium,F,44,1692,1,Yes,99.5
2772,F,Ship,6,5,249,5,medium,M,26,3897,1,Yes,100.0
2773,D,Ship,2,3,159,3,medium,F,39,1477,1,Yes,99.8
2774,F,Ship,5,5,171,3,high,M,14,1554,1,Yes,99.8
2775,A,Ship,3,1,150,3,low,F,43,1831,1,Yes,99.9
2776,B,Ship,4,1,178,3,low,M,19,1906,1,Yes,99.8
2777,C,Ship,3,3,192,7,high,F,36,3634,1,Yes,100.0
2778,F,Ship,3,4,214,8,high,F,6,2924,1,Yes,83.8
2779,D,Ship,5,3,225,7,medium,F,17,3516,1,Yes,100.0
2780,F,Ship,5,4,167,7,medium,F,43,1619,1,Yes,100.0
2781,A,Ship,3,2,245,4,medium,M,60,2178,1,Yes,100.0
2782,B,Ship,4,4,138,7,medium,M,65,1530,1,Yes,99.5
2783,C,Ship,4,4,173,3,medium,F,61,1609,1,Yes,99.8
2784,F,Ship,3,2,98,3,medium,F,60,1057,1,Yes,99.9
2785,D,Ship,3,1,231,2,low,M,24,3811,1,Yes,100.0
2786,F,Ship,5,3,149,7,medium,F,51,1425,1,Yes,100.0
2787,A,Ship,3,5,206,3,medium,M,21,3746,1,Yes,100.0
2788,B,Ship,5,4,264,10,medium,F,34,2960,1,Yes,100.0
2789,C,Ship,3,5,193,2,medium,F,12,3730,1,Yes,100.0
2790,F,Ship,5,2,263,2,medium,F,51,1657,1,Yes,99.7
2791,D,Ship,2,5,282,5,low,M,63,1173,1,Yes,99.6
2792,F,Ship,5,4,193,3,low,M,55,2758,1,Yes,100.0
2793,A,Ship,4,4,171,3,medium,F,11,1594,1,Yes,99.8
2794,B,Ship,3,5,212,3,low,F,19,2703,1,Yes,100.0
2795,C,Ship,2,1,159,2,low,F,44,1213,1,Yes,99.9
2796,F,Ship,3,2,102,4,medium,M,57,1220,1,Yes,99.7
2797,D,Ship,3,2,145,2,medium,F,29,1690,1,Yes,99.9
2798,F,Ship,3,1,225,2,high,F,43,2585,1,Yes,100.0
2799,A,Ship,2,1,174,3,medium,F,12,1358,1,Yes,99.8
2800,B,Ship,4,3,223,4,low,F,25,3148,1,Yes,100.0
2801,C,Ship,3,5,185,2,low,F,36,3501,1,Yes,100.0
2802,F,Ship,4,5,245,3,medium,M,6,2717,1,Yes,93.7
2803,D,Ship,3,3,99,3,high,M,63,1223,1,Yes,99.9
2804,F,Ship,3,3,141,4,low,F,35,1417,1,Yes,99.7
2805,A,Ship,4,2,222,2,medium,F,16,2518,1,Yes,100.0
2806,B,Ship,3,2,192,3,medium,F,64,3233,1,Yes,100.0
2807,C,Ship,3,1,187,4,medium,M,42,3621,1,Yes,100.0
2808,F,Ship,4,2,216,2,low,F,26,2431,1,Yes,100.0
2809,D,Ship,3,2,146,4,low,M,13,1790,1,Yes,99.7
2810,F,Ship,3,2,207,2,low,M,20,3419,1,Yes,100.0
2811,A,Ship,4,2,225,2,low,F,6,2010,1,Yes,93.0
2812,B,Ship,3,4,230,2,medium,F,15,2302,1,Yes,100.0
2813,C,Ship,3,2,173,3,medium,F,37,1990,1,Yes,99.9
2814,F,Ship,4,4,127,4,high,M,54,1239,1,Yes,99.5
2815,D,Ship,3,3,214,2,low,M,28,3869,1,Yes,100.0
2816,F,Ship,4,1,161,3,low,M,59,1454,1,Yes,99.8
2817,A,Ship,4,2,262,2,low,F,37,3523,1,Yes,100.0
2818,B,Ship,5,2,157,3,low,M,1,1798,1,Yes,80.5
2819,C,Ship,3,1,164,3,medium,F,9,1803,1,Yes,85.3
2820,F,Ship,4,4,174,2,low,F,11,1577,1,Yes,99.8
2821,D,Ship,2,2,188,4,medium,M,39,2424,1,Yes,100.0
2822,F,Ship,3,1,141,2,low,F,4,1297,1,Yes,83.1
2823,A,Ship,5,5,134,2,medium,M,64,1785,1,Yes,99.7
2824,B,Ship,2,4,147,2,medium,F,65,1738,1,Yes,99.8
2825,C,Ship,4,1,180,3,medium,M,27,1551,1,Yes,99.8
2826,F,Ship,3,3,225,2,medium,M,55,2259,1,Yes,100.0
2827,D,Ship,2,3,172,3,medium,F,11,1522,1,Yes,99.8
2828,F,Ship,6,2,131,5,medium,F,5,1718,1,No,46.4
2829,A,Ship,3,1,270,4,low,M,47,3487,1,Yes,100.0
2830,B,Ship,3,4,172,3,low,M,56,1103,1,Yes,99.9
2831,C,Ship,4,5,198,3,medium,M,33,2129,1,Yes,100.0
2832,F,Ship,4,2,167,3,low,M,21,1637,1,Yes,99.8
2833,D,Ship,2,2,168,5,medium,F,1,1885,1,Yes,55.1
2834,F,Ship,4,1,165,4,medium,F,34,1831,1,Yes,99.5
2835,A,Ship,4,5,149,6,medium,M,40,1974,1,Yes,99.0
2836,B,Ship,3,3,186,3,low,M,24,3262,1,Yes,100.0
2837,C,Ship,4,1,151,2,low,F,47,1682,1,Yes,99.8
2838,F,Ship,3,5,146,3,medium,F,30,1569,1,Yes,99.9
2839,D,Ship,4,5,232,2,low,M,54,2526,1,Yes,100.0
2840,F,Ship,4,1,177,2,low,F,22,1698,1,Yes,99.7
2841,A,Ship,4,4,149,2,medium,F,19,1665,1,Yes,99.8
2842,B,Ship,4,2,180,3,low,M,3,1518,1,Yes,82.8
2843,C,Ship,5,5,172,2,medium,F,40,1446,1,Yes,99.7
2844,F,Ship,5,2,160,3,medium,M,44,1054,1,Yes,99.7
2845,D,Ship,3,2,206,2,medium,F,28,2822,1,Yes,100.0
2846,F,Ship,4,5,146,3,low,F,9,1685,1,Yes,83.1
2847,A,Ship,2,1,257,2,low,F,24,2130,1,Yes,100.0
2848,B,Ship,5,5,219,3,medium,M,27,3430,1,Yes,100.0
2849,C,Ship,4,2,274,2,medium,M,55,3416,1,Yes,100.0
2850,F,Ship,2,2,177,5,low,M,36,1249,1,Yes,99.6
2851,D,Road,4,3,209,2,medium,M,57,3741,1,Yes,100.0
2852,F,Road,4,1,207,2,low,M,2,3242,1,Yes,92.3
2853,A,Road,4,4,153,3,low,F,27,1613,1,Yes,99.8
2854,B,Road,4,4,158,3,low,F,61,1507,1,Yes,99.8
2855,C,Road,3,4,261,2,medium,F,52,3340,1,Yes,100.0
2856,F,Road,4,1,182,6,low,M,41,2047,1,Yes,100.0
2857,D,Road,2,3,128,2,medium,F,53,1530,1,Yes,99.9
2858,F,Road,2,1,178,3,low,M,6,1184,1,Yes,84.6
2859,A,Road,2,4,198,3,low,M,37,2555,1,Yes,100.0
2860,B,Road,4,3,137,3,medium,M,46,1299,1,Yes,99.8
2861,C,Road,4,1,168,2,low,F,41,1515,1,Yes,99.8
2862,F,Road,3,3,248,4,low,F,36,3276,1,Yes,100.0
2863,D,Road,5,2,225,3,medium,F,29,2411,1,Yes,100.0
2864,F,Road,5,4,239,2,low,M,35,2107,1,Yes,100.0
2865,A,Road,5,4,256,3,low,F,43,3658,1,Yes,100.0
2866,B,Road,5,1,109,2,high,M,23,1479,1,Yes,99.7
2867,C,Road,3,3,274,2,medium,F,59,3436,1,Yes,100.0
2868,F,Road,5,4,157,4,low,F,65,1951,1,Yes,99.5
2869,D,Road,3,2,125,3,medium,F,12,1212,1,Yes,99.9
2870,F,Road,4,5,203,2,low,F,20,2421,1,Yes,100.0
2871,A,Road,3,3,120,3,low,F,55,1534,1,Yes,99.9
2872,B,Road,3,5,194,4,medium,F,21,2695,1,Yes,100.0
2873,C,Flight,4,2,257,4,high,M,58,2269,1,Yes,100.0
2874,F,Flight,4,4,233,2,medium,M,39,2291,1,Yes,100.0
2875,D,Flight,5,2,193,2,low,F,1,2775,1,Yes,92.2
2876,F,Flight,5,3,202,6,low,F,34,2936,1,Yes,100.0
2877,A,Flight,4,5,270,3,low,M,30,2720,1,Yes,100.0
2878,B,Flight,5,5,240,3,medium,F,12,2723,1,Yes,100.0
2879,C,Flight,3,2,224,3,medium,M,63,2085,1,Yes,100.0
2880,F,Flight,4,1,195,2,medium,M,19,2878,1,Yes,100.0
2881,D,Flight,3,2,165,3,medium,M,47,1639,1,Yes,99.9
2882,F,Flight,4,1,164,2,medium,F,3,1124,1,Yes,79.6
2883,A,Flight,3,1,105,3,low,M,58,1304,1,Yes,99.9
2884,B,Flight,3,1,248,3,low,M,9,2616,1,Yes,93.5
2885,C,Flight,4,3,269,6,medium,M,62,3950,1,Yes,100.0
2886,F,Flight,4,1,253,3,low,M,36,2591,1,Yes,100.0
2887,D,Flight,3,1,231,4,medium,F,60,3755,1,Yes,100.0
2888,F,Flight,3,1,164,2,low,F,39,1532,1,Yes,99.9
2889,A,Flight,3,3,176,3,medium,M,14,1705,1,Yes,99.8
2890,B,Flight,4,3,149,3,medium,M,17,1990,1,Yes,99.8
2891,C,Flight,4,5,187,5,medium,M,16,3781,1,Yes,100.0
2892,F,Flight,3,2,150,2,low,M,53,1319,1,Yes,99.9
2893,D,Flight,3,2,190,3,medium,M,18,2715,1,Yes,100.0
2894,F,Flight,4,1,226,3,low,M,42,3077,1,Yes,100.0
2895,A,Ship,3,4,98,2,low,F,32,1539,1,Yes,99.9
2896,B,Ship,3,5,152,2,medium,F,6,1800,1,Yes,83.3
2897,C,Ship,2,2,173,2,medium,M,34,1575,1,Yes,99.9
2898,F,Ship,4,1,160,2,high,F,65,1861,1,Yes,99.8
2899,D,Ship,4,2,180,3,low,M,22,1261,1,Yes,99.8
2900,F,Ship,3,2,175,2,medium,F,12,1817,1,Yes,99.9
2901,A,Ship,3,3,274,3,low,M,6,2986,1,Yes,94.2
2902,B,Ship,4,1,216,4,low,M,4,2263,1,Yes,73.1
2903,C,Ship,6,2,283,2,low,F,18,3077,1,Yes,99.9
2904,F,Ship,6,4,192,3,high,F,19,2944,1,Yes,99.8
2905,D,Ship,3,4,236,4,medium,F,43,2584,1,Yes,100.0
2906,F,Ship,4,2,232,3,high,M,46,2835,1,Yes,100.0
2907,A,Ship,2,3,204,4,low,F,20,3135,1,Yes,100.0
2908,B,Ship,3,2,138,2,medium,F,46,1436,1,Yes,99.9
2909,C,Ship,3,4,154,2,low,M,29,1016,1,Yes,99.9
2910,F,Ship,4,3,244,2,low,M,17,3125,1,Yes,100.0
2911,D,Ship,3,2,144,3,medium,F,48,1867,1,Yes,99.9
2912,F,Ship,3,4,274,3,medium,M,19,3076,1,Yes,100.0
2913,A,Ship,3,2,182,3,low,F,54,3972,1,Yes,100.0
2914,B,Ship,6,1,250,5,low,F,53,3352,1,Yes,100.0
2915,C,Ship,4,4,207,2,medium,F,14,2945,1,Yes,100.0
2916,F,Ship,3,4,242,3,high,M,54,3011,1,Yes,100.0
2917,D,Ship,5,1,154,2,low,M,37,1671,1,Yes,99.7
2918,F,Ship,4,4,176,3,medium,M,53,1472,1,Yes,99.8
2919,A,Ship,3,5,252,3,low,M,18,3701,1,Yes,100.0
2920,B,Ship,4,1,147,3,medium,M,32,1666,1,Yes,99.8
2921,C,Ship,5,3,157,4,low,M,1,1306,1,No,48.1
2922,F,Ship,3,1,257,2,medium,M,37,3517,1,Yes,100.0
2923,D,Ship,4,3,172,3,medium,F,6,1261,1,Yes,83.6
2924,F,Ship,4,3,134,3,high,F,22,1629,1,Yes,99.8
2925,A,Ship,2,2,152,4,low,F,48,1212,1,Yes,99.7
2926,B,Ship,3,1,161,3,low,F,57,1918,1,Yes,99.9
2927,C,Ship,3,1,269,3,low,M,47,3033,1,Yes,100.0
2928,F,Ship,2,3,164,2,medium,M,64,1689,1,Yes,99.9
2929,D,Ship,5,3,114,6,medium,F,60,1746,1,Yes,99.5
2930,F,Ship,6,5,213,6,low,M,7,2709,1,Yes,74.1
2931,A,Ship,4,4,255,3,medium,F,60,2777,1,Yes,100.0
2932,B,Ship,3,3,135,3,medium,F,28,1329,1,Yes,99.9
2933,C,Ship,3,2,155,3,medium,F,7,1434,1,Yes,85.6
2934,F,Ship,6,3,273,4,medium,F,32,2532,1,Yes,100.0
2935,D,Ship,4,3,135,3,low,F,15,1008,1,Yes,99.5
2936,F,Ship,4,4,170,3,low,M,29,1188,1,Yes,99.8
2937,A,Ship,6,4,138,5,medium,F,15,1181,1,Yes,99.5
2938,B,Ship,3,2,213,4,low,M,53,3502,1,Yes,100.0
2939,C,Ship,4,5,156,5,high,F,55,1619,1,Yes,99.0
2940,F,Ship,3,1,139,2,low,M,47,1241,1,Yes,99.9
2941,D,Ship,3,1,263,3,medium,M,6,2715,1,Yes,94.2
2942,F,Ship,2,3,160,4,low,F,53,1850,1,Yes,99.7
2943,A,Ship,3,3,148,2,low,M,39,1402,1,Yes,99.9
2944,B,Ship,4,3,259,3,high,M,45,3761,1,Yes,100.0
2945,C,Ship,5,4,273,3,low,F,60,3384,1,Yes,100.0
2946,F,Ship,3,2,212,3,medium,F,9,2521,1,Yes,93.5
2947,D,Ship,3,5,144,6,low,F,46,1110,1,Yes,99.6
2948,F,Ship,2,2,193,3,medium,M,64,2867,1,Yes,100.0
2949,A,Ship,5,2,198,3,low,F,44,3706,1,Yes,100.0
2950,B,Ship,3,5,207,4,low,F,45,3770,1,Yes,100.0
2951,C,Ship,6,1,236,4,low,F,10,2030,1,Yes,71.7
2952,F,Ship,4,2,165,3,low,M,7,1702,1,Yes,83.4
2953,D,Ship,3,3,162,3,low,M,3,1693,1,Yes,85.1
2954,F,Ship,4,2,184,3,low,F,63,3609,1,Yes,100.0
2955,A,Ship,5,5,145,2,medium,M,48,1834,1,Yes,99.7
2956,B,Ship,3,3,228,2,medium,M,27,3473,1,Yes,100.0
2957,C,Ship,5,5,213,2,high,M,12,2522,1,Yes,100.0
2958,F,Ship,2,2,146,3,medium,F,1,1162,1,Yes,83.3
2959,D,Ship,4,2,220,3,high,F,39,2459,1,Yes,100.0
2960,F,Ship,3,4,231,3,medium,F,49,3441,1,Yes,100.0
2961,A,Ship,3,4,212,8,low,F,56,3337,1,Yes,100.0
2962,B,Ship,4,3,202,3,low,F,48,2213,1,Yes,100.0
2963,C,Ship,5,5,208,8,low,M,39,2905,1,Yes,100.0
2964,F,Ship,3,3,200,3,low,M,46,2460,1,Yes,100.0
2965,D,Ship,3,2,250,3,low,F,37,2736,1,Yes,100.0
2966,F,Ship,3,5,126,2,low,F,29,1192,1,Yes,99.9
2967,A,Ship,4,1,222,4,medium,F,42,2762,1,Yes,100.0
2968,B,Ship,6,2,236,4,low,F,61,3140,1,Yes,100.0
2969,C,Ship,4,3,165,3,low,M,4,1484,1,Yes,83.2
2970,F,Ship,3,4,162,3,low,M,17,1700,1,Yes,99.8
2971,D,Ship,4,3,184,3,low,F,37,3436,1,Yes,100.0
2972,F,Ship,5,3,145,2,medium,M,6,1965,1,Yes,79.2
2973,A,Ship,3,4,228,2,medium,M,46,3306,1,Yes,100.0
2974,B,Ship,5,3,213,2,high,F,27,2581,1,Yes,100.0
2975,C,Ship,2,3,146,3,medium,M,18,1289,1,Yes,99.8
2976,F,Ship,4,1,220,3,high,M,2,3886,1,Yes,92.4
2977,D,Ship,3,4,231,3,medium,M,39,3792,1,Yes,100.0
2978,F,Ship,3,4,212,8,low,F,34,2750,1,Yes,100.0
2979,A,Ship,4,5,202,3,low,F,38,2651,1,Yes,100.0
2980,B,Ship,5,2,208,8,low,M,62,3450,1,Yes,100.0
2981,C,Ship,3,3,200,3,low,M,4,3791,1,Yes,93.7
2982,F,Ship,3,1,250,3,low,F,8,3617,1,Yes,93.4
2983,D,Ship,3,5,126,2,low,F,63,1141,1,Yes,99.9
2984,F,Ship,4,3,222,4,medium,M,49,3697,1,Yes,100.0
2985,A,Ship,3,3,273,6,low,M,6,1771,1,Yes,53.7
2986,B,Ship,6,5,161,4,medium,F,20,1338,1,Yes,99.5
2987,C,Ship,5,1,236,3,medium,F,10,1347,1,Yes,82.2
2988,F,Road,6,3,281,5,medium,F,8,1864,1,No,46.0
2989,D,Road,5,3,168,4,low,M,7,1298,1,No,46.4
2990,F,Road,5,1,206,4,low,M,62,1137,1,Yes,99.5
2991,A,Road,4,1,144,4,high,M,5,1294,1,No,47.8
2992,B,Road,5,3,239,5,medium,F,19,2988,1,Yes,100.0
2993,C,Road,3,5,129,3,medium,F,52,1513,1,Yes,99.9
2994,F,Road,4,5,201,4,medium,M,46,3498,1,Yes,100.0
2995,D,Road,5,5,160,3,medium,M,55,1911,1,Yes,99.9
2996,F,Road,6,5,130,6,low,F,60,1971,1,Yes,99.5
2997,A,Road,3,1,132,4,medium,M,58,1067,1,Yes,99.7
2998,B,Road,4,2,185,4,medium,F,36,2583,1,Yes,100.0
2999,C,Road,5,1,271,4,low,F,4,2718,1,Yes,73.3
3000,F,Road,5,2,168,2,medium,M,20,1539,1,Yes,99.7
3001,D,Road,5,5,154,3,medium,F,50,1389,1,Yes,99.8
3002,F,Road,3,3,203,3,low,M,4,3114,1,Yes,93.7
3003,A,Road,3,1,274,3,low,M,4,2087,1,Yes,93.7
3004,B,Road,5,4,280,4,low,F,19,3298,1,Yes,100.0
3005,C,Road,4,5,196,2,low,M,51,3151,1,Yes,100.0
3006,F,Road,5,2,159,3,medium,F,63,1675,1,Yes,99.8
3007,D,Road,5,4,269,3,medium,M,15,2522,1,Yes,100.0
3008,F,Road,4,3,161,3,low,F,52,1199,1,Yes,99.8
3009,A,Road,3,1,159,2,medium,F,44,1806,1,Yes,99.8
3010,B,Flight,5,4,147,6,medium,F,21,1145,1,Yes,99.5
3011,C,Flight,3,3,214,2,medium,F,4,3754,1,Yes,92.7
3012,F,Flight,4,5,157,4,medium,F,12,1038,1,Yes,99.5
3013,D,Flight,5,5,147,2,medium,M,19,1936,1,Yes,99.8
3014,F,Flight,5,4,182,3,medium,F,11,3545,1,Yes,100.0
3015,A,Flight,3,5,188,2,low,F,12,2711,1,Yes,100.0
3016,B,Flight,3,1,104,2,low,M,1,1021,1,Yes,81.6
3017,C,Flight,5,5,195,3,low,M,55,2641,1,Yes,100.0
3018,F,Flight,4,1,235,2,high,M,64,2107,1,Yes,100.0
3019,D,Flight,4,5,219,2,medium,F,21,3830,1,Yes,100.0
3020,F,Flight,4,5,253,2,low,F,36,3389,1,Yes,100.0
3021,A,Flight,3,3,253,4,medium,F,57,2489,1,Yes,100.0
3022,B,Flight,4,1,167,3,low,M,42,1197,1,Yes,99.8
3023,C,Flight,4,2,211,2,low,F,39,2520,1,Yes,100.0
3024,F,Flight,3,4,155,3,medium,M,4,1548,1,Yes,85.3
3025,D,Flight,6,1,231,4,medium,F,23,2455,1,Yes,100.0
3026,F,Flight,5,4,182,4,low,M,61,3063,1,Yes,100.0
3027,A,Flight,3,5,212,2,medium,M,56,3547,1,Yes,100.0
3028,B,Flight,3,1,107,3,high,F,13,1861,1,Yes,99.9
3029,C,Flight,5,2,172,4,high,F,61,1161,1,Yes,99.5
3030,F,Flight,3,2,224,3,low,M,40,2180,1,Yes,100.0
3031,D,Flight,3,4,209,3,high,F,37,3650,1,Yes,100.0
3032,F,Ship,4,5,268,2,medium,M,46,3076,1,Yes,100.0
3033,A,Ship,3,2,141,4,low,M,9,1909,1,Yes,54.2
3034,B,Ship,4,4,260,2,low,M,17,3068,1,Yes,100.0
3035,C,Ship,5,4,151,4,medium,M,10,1441,1,No,45.9
3036,F,Ship,5,2,184,2,medium,M,27,3276,1,Yes,100.0
3037,D,Ship,5,1,270,3,high,M,52,3908,1,Yes,100.0
3038,F,Ship,5,4,135,2,medium,F,20,1908,1,Yes,99.8
3039,A,Ship,4,3,276,4,low,F,3,3889,1,Yes,73.5
3040,B,Ship,4,4,177,3,medium,M,23,1142,1,Yes,99.8
3041,C,Ship,3,2,149,3,medium,F,64,1920,1,Yes,99.9
3042,F,Ship,4,3,220,4,low,M,19,3602,1,Yes,100.0
3043,D,Ship,4,5,267,3,low,F,53,3742,1,Yes,100.0
3044,F,Ship,3,2,274,3,medium,F,50,3958,1,Yes,100.0
3045,A,Ship,4,4,243,3,low,M,10,3327,1,Yes,93.8
3046,B,Ship,5,1,166,2,low,M,44,1647,1,Yes,99.7
3047,C,Ship,5,2,225,3,medium,M,1,2049,1,Yes,92.7
3048,F,Ship,3,3,138,2,medium,F,40,1117,1,Yes,99.9
3049,D,Ship,4,3,141,4,medium,F,38,1599,1,Yes,99.5
3050,F,Ship,3,4,271,4,medium,F,16,2693,1,Yes,100.0
3051,A,Ship,6,5,243,3,medium,F,35,2374,1,Yes,99.8
3052,B,Ship,3,3,231,3,medium,M,53,2333,1,Yes,100.0
3053,C,Ship,5,4,168,3,low,M,34,1779,1,Yes,99.7
3054,F,Ship,5,3,264,2,low,F,61,2025,1,Yes,100.0
3055,D,Ship,4,3,233,3,medium,M,26,2624,1,Yes,100.0
3056,F,Ship,4,2,247,5,medium,F,17,3630,1,Yes,100.0
3057,A,Ship,3,4,176,3,low,F,4,1095,1,Yes,84.2
3058,B,Ship,5,5,257,4,medium,M,31,2040,1,Yes,100.0
3059,C,Ship,3,1,147,4,low,M,18,1613,1,Yes,99.7
3060,F,Ship,5,5,195,2,low,F,6,3936,1,Yes,93.0
3061,D,Ship,2,4,153,2,medium,F,57,1264,1,Yes,99.9
3062,F,Ship,3,5,237,4,low,M,28,3903,1,Yes,100.0
3063,A,Ship,6,4,217,5,low,F,7,3725,1,Yes,73.7
3064,B,Ship,5,1,140,4,medium,M,48,1322,1,Yes,99.5
3065,C,Ship,2,5,164,4,medium,M,2,1439,1,Yes,55.6
3066,F,Ship,3,3,243,3,medium,F,27,2052,1,Yes,100.0
3067,D,Ship,3,4,158,3,high,M,41,1137,1,Yes,99.9
3068,F,Ship,5,5,180,4,high,M,10,1200,1,No,46.3
3069,A,Ship,4,3,139,3,low,M,64,1814,1,Yes,99.8
3070,B,Ship,4,4,162,2,medium,M,8,1386,1,Yes,80.5
3071,C,Ship,5,3,206,4,low,M,18,3104,1,Yes,100.0
3072,F,Ship,3,2,238,2,low,M,19,2196,1,Yes,100.0
3073,D,Ship,5,3,254,2,medium,M,4,3297,1,Yes,92.8
3074,F,Ship,5,3,270,3,medium,M,38,3669,1,Yes,100.0
3075,A,Ship,3,2,255,2,low,M,18,3732,1,Yes,100.0
3076,B,Ship,4,4,182,2,low,F,13,3332,1,Yes,100.0
3077,C,Ship,3,3,149,2,medium,M,7,1145,1,Yes,83.2
3078,F,Ship,4,1,221,5,medium,M,22,3075,1,Yes,100.0
3079,D,Ship,4,5,135,2,low,M,60,1026,1,Yes,99.8
3080,F,Ship,3,1,188,2,low,F,14,2074,1,Yes,100.0
3081,A,Ship,5,5,194,3,low,M,47,2256,1,Yes,100.0
3082,B,Ship,4,3,134,2,medium,F,29,1010,1,Yes,99.8
3083,C,Ship,3,4,210,2,medium,M,29,3142,1,Yes,100.0
3084,F,Ship,4,2,169,2,low,M,22,1322,1,Yes,99.8
3085,D,Ship,3,3,147,2,low,F,52,1040,1,Yes,99.9
3086,F,Ship,4,1,213,3,low,F,21,3585,1,Yes,100.0
3087,A,Ship,3,2,223,2,low,M,64,3595,1,Yes,100.0
3088,B,Ship,4,1,233,2,medium,F,60,2671,1,Yes,100.0
3089,C,Ship,4,2,218,2,high,M,1,2990,1,Yes,92.1
3090,F,Ship,4,5,219,3,medium,M,27,3684,1,Yes,100.0
3091,D,Ship,3,2,145,2,low,F,44,1212,1,Yes,99.9
3092,F,Ship,3,3,257,3,low,M,44,3370,1,Yes,100.0
3093,A,Ship,3,1,238,6,medium,F,59,3375,1,Yes,100.0
3094,B,Ship,4,1,145,6,low,M,32,1673,1,Yes,99.0
3095,C,Ship,4,4,243,3,low,F,36,2111,1,Yes,100.0
3096,F,Ship,4,4,179,2,low,M,18,1369,1,Yes,99.8
3097,D,Ship,2,3,188,2,high,M,25,2033,1,Yes,100.0
3098,F,Ship,4,4,168,3,medium,M,53,1782,1,Yes,99.8
3099,A,Ship,5,4,157,4,low,M,58,1252,1,Yes,99.5
3100,B,Ship,3,4,172,3,low,M,32,1943,1,Yes,99.9
3101,C,Ship,5,1,195,3,low,M,37,3690,1,Yes,100.0
3102,F,Ship,3,2,225,3,low,F,59,3488,1,Yes,100.0
3103,D,Ship,3,3,227,2,medium,F,24,2749,1,Yes,100.0
3104,F,Ship,3,5,159,3,low,M,46,1857,1,Yes,99.9
3105,A,Ship,2,2,273,3,low,M,56,2633,1,Yes,100.0
3106,B,Ship,5,2,214,6,low,F,3,3234,1,Yes,74.3
3107,C,Ship,4,2,175,3,medium,F,34,1005,1,Yes,99.5
3108,F,Ship,3,5,213,2,low,F,39,2857,1,Yes,100.0
3109,D,Ship,4,3,190,4,medium,M,12,3115,1,Yes,100.0
3110,F,Ship,4,2,265,4,medium,F,40,2637,1,Yes,100.0
3111,A,Ship,4,4,146,4,low,M,12,1899,1,Yes,99.5
3112,B,Ship,5,4,229,2,medium,F,44,2419,1,Yes,100.0
3113,C,Ship,3,5,195,3,medium,F,47,2439,1,Yes,100.0
3114,F,Ship,2,5,151,3,low,M,34,1652,1,Yes,99.8
3115,D,Ship,4,2,217,3,low,M,1,3133,1,Yes,92.1
3116,F,Ship,4,4,134,3,low,F,14,1716,1,Yes,99.8
3117,A,Ship,3,5,195,2,low,F,42,3814,1,Yes,100.0
3118,B,Ship,4,3,142,4,low,M,29,1420,1,Yes,99.5
3119,C,Ship,2,4,182,4,medium,M,1,3624,1,Yes,75.6
3120,F,Ship,4,2,155,5,low,F,48,1043,1,Yes,99.0
3121,D,Ship,3,5,238,2,medium,F,34,2726,1,Yes,100.0
3122,F,Ship,4,1,182,3,medium,F,49,3198,1,Yes,100.0
3123,A,Ship,4,1,237,4,medium,F,22,2231,1,Yes,100.0
3124,B,Ship,4,4,222,3,low,F,24,3503,1,Yes,100.0
3125,C,Road,5,4,177,2,medium,F,45,1664,1,Yes,99.7
3126,F,Road,4,4,197,3,medium,F,41,3280,1,Yes,100.0
3127,D,Road,3,1,224,3,low,F,48,3672,1,Yes,100.0
3128,F,Road,3,3,193,2,low,M,19,3097,1,Yes,100.0
3129,A,Road,3,1,169,3,high,M,24,1740,1,Yes,99.8
3130,B,Road,3,4,248,2,medium,F,15,2983,1,Yes,100.0
3131,C,Road,6,5,246,4,medium,M,50,3618,1,Yes,100.0
3132,F,Road,4,1,232,3,medium,M,55,2686,1,Yes,100.0
3133,D,Road,3,5,251,3,low,F,21,2476,1,Yes,100.0
3134,F,Road,3,4,163,3,medium,M,58,1443,1,Yes,99.9
3135,A,Road,6,4,201,2,low,M,4,5916,1,No,43.9
3136,B,Road,6,5,141,3,medium,M,8,5031,0,No,45.2
3137,C,Road,3,3,219,3,low,M,4,5956,0,No,43.5
3138,F,Road,4,3,161,3,high,M,7,4245,0,No,44.7
3139,D,Road,4,5,225,4,medium,M,5,4622,0,No,40.8
3140,F,Road,5,3,277,3,medium,M,1,4186,1,No,47.3
3141,A,Road,3,3,256,4,medium,M,3,4732,0,No,41.9
3142,B,Road,6,2,153,5,low,F,1,4597,1,No,44.6
3143,C,Road,4,4,135,3,low,F,4,4651,1,No,43.4
3144,F,Road,3,3,253,3,medium,M,7,5085,0,No,43.5
3145,D,Road,4,5,139,3,low,M,5,5335,0,No,43.0
3146,F,Road,3,5,136,2,high,F,1,4971,0,No,44.7
3147,A,Flight,4,1,172,3,medium,M,7,4883,0,No,43.5
3148,B,Flight,4,2,272,3,high,F,6,4559,0,No,42.9
3149,C,Flight,3,3,207,3,high,M,1,5632,1,No,44.4
3150,F,Flight,2,3,134,3,low,M,4,5958,0,No,42.8
3151,D,Flight,3,3,238,8,medium,F,3,4943,0,No,43.5
3152,F,Flight,2,4,274,10,high,M,3,4167,1,No,43.5
3153,A,Flight,4,2,237,6,low,F,8,5695,0,No,43.4
3154,B,Flight,3,2,153,10,high,M,2,5455,0,No,40.9
3155,C,Flight,4,1,223,3,low,F,8,4974,1,No,43.5
3156,F,Flight,3,4,149,3,low,M,1,5040,1,No,45.0
3157,D,Flight,3,5,132,3,low,M,7,4013,1,Yes,68.2
3158,F,Flight,4,2,246,3,low,F,7,5616,0,No,43.5
3159,A,Flight,4,2,159,5,low,F,4,5547,1,No,41.3
3160,B,Flight,3,1,162,8,high,F,10,5429,0,No,41.6
3161,C,Flight,3,3,123,5,medium,F,5,4292,0,No,41.8
3162,F,Flight,5,1,231,7,high,F,9,5558,0,No,42.5
3163,D,Flight,3,1,213,10,medium,M,9,4862,0,No,41.8
3164,F,Flight,5,2,160,3,high,M,1,5834,0,No,46.7
3165,A,Flight,4,4,225,5,low,M,5,5060,1,No,41.5
3166,B,Flight,3,1,178,3,low,M,3,4811,0,No,43.6
3167,C,Flight,4,1,273,3,medium,M,5,5055,0,No,43.3
3168,F,Flight,3,2,129,3,high,M,9,4342,1,No,43.3
3169,D,Ship,3,1,273,6,low,F,9,1198,1,Yes,54.0
3170,F,Ship,6,3,161,4,medium,M,8,1247,0,No,46.3
3171,A,Ship,4,5,139,3,low,F,3,5824,1,No,43.4
3172,B,Ship,3,2,136,2,high,F,6,4002,1,Yes,69.2
3173,C,Ship,4,4,172,3,medium,F,1,4201,0,No,45.4
3174,F,Ship,4,2,272,3,high,M,7,5927,0,No,43.3
3175,D,Ship,3,2,207,3,high,F,3,4909,1,No,43.6
3176,F,Ship,2,3,134,3,low,M,6,4444,1,No,43.3
3177,A,Ship,3,2,238,8,medium,M,3,4388,1,No,43.2
3178,B,Ship,2,1,274,10,high,F,1,5622,0,No,34.3
3179,C,Ship,4,3,237,6,low,M,8,5588,0,No,42.6
3180,F,Ship,3,2,153,10,high,F,7,5305,0,No,43.9
3181,D,Ship,4,2,223,3,low,M,7,4026,1,Yes,57.4
3182,F,Ship,3,5,149,3,low,F,9,5412,0,No,43.4
3183,A,Ship,3,3,132,3,low,M,6,5721,1,No,44.2
3184,B,Ship,4,3,246,3,low,F,5,4710,0,No,43.3
3185,C,Ship,4,3,159,5,low,M,4,4666,1,No,41.4
3186,F,Ship,3,3,162,8,high,F,10,4842,0,No,41.2
3187,D,Ship,3,1,123,5,medium,F,10,4231,0,No,37.9
3188,F,Ship,5,5,231,7,high,M,6,5755,0,No,43.9
3189,A,Ship,3,3,213,10,medium,M,2,4847,0,No,40.8
3190,B,Ship,5,1,160,3,high,M,2,5141,1,No,45.4
3191,C,Ship,4,3,225,5,low,M,8,4195,0,No,40.8
3192,F,Ship,3,5,178,3,low,F,3,5540,0,No,43.3
3193,D,Ship,4,5,273,3,medium,M,2,4374,0,No,43.7
3194,F,Ship,3,3,129,3,high,M,7,5197,1,No,43.2
3195,A,Ship,3,1,273,6,low,M,1,1293,0,Yes,55.0
3196,B,Ship,6,4,161,4,medium,M,3,1747,1,No,48.1
3197,C,Ship,5,2,206,4,low,M,5,1149,0,No,46.4
3198,F,Ship,4,5,296,2,medium,M,1,1678,0,Yes,80.7
3199,D,Ship,3,2,249,5,medium,F,6,1887,0,Yes,52.9
3200,F,Ship,4,4,301,5,low,M,6,1931,0,No,46.1
3201,A,Ship,4,3,296,3,low,M,4,1991,0,Yes,80.0
3202,B,Ship,3,5,205,4,low,M,2,1648,0,Yes,56.0
3203,C,Ship,3,3,132,2,low,F,9,4355,1,No,42.4
3204,F,Ship,4,2,223,3,high,M,5,4282,0,No,44.2
3205,D,Ship,3,1,190,3,medium,F,2,4312,0,No,44.1
3206,F,Ship,5,3,194,3,low,F,1,4331,0,No,46.2
3207,A,Ship,2,4,176,2,medium,F,2,5138,0,No,40.9
3208,B,Ship,6,4,227,5,medium,F,8,4388,0,No,43.3
3209,C,Ship,5,1,149,2,low,M,9,5435,0,No,43.2
3210,F,Ship,5,2,173,2,low,M,7,5836,0,No,43.4
3211,D,Ship,3,2,181,2,low,F,6,5410,0,No,42.4
3212,F,Ship,3,5,251,2,low,M,4,4015,0,Yes,55.2
3213,A,Ship,4,5,243,3,low,F,2,4909,0,No,43.6
3214,B,Ship,3,4,210,3,low,M,10,4398,1,No,43.5
3215,C,Ship,5,2,145,4,medium,F,9,4028,0,Yes,51.3
3216,F,Ship,3,1,196,3,low,M,10,4546,0,No,42.9
3217,D,Ship,3,4,154,2,medium,M,5,5735,1,No,43.7
3218,F,Ship,4,1,164,4,low,M,6,4432,1,No,40.8
3219,A,Ship,4,2,210,3,medium,F,1,4379,1,No,44.5
3220,B,Ship,5,3,212,2,low,F,7,5219,0,No,44.4
3221,C,Ship,3,1,263,2,medium,M,9,4868,1,No,42.3
3222,F,Ship,3,4,155,2,low,M,3,5481,1,No,42.7
3223,D,Ship,3,4,223,2,low,M,9,4211,0,No,42.0
3224,F,Ship,5,4,269,3,low,F,3,4489,0,No,45.6
3225,A,Ship,3,4,117,3,low,F,6,4046,0,Yes,54.7
3226,B,Ship,4,4,151,2,low,M,3,4105,1,Yes,50.8
3227,C,Ship,4,2,271,3,medium,M,4,4743,1,No,43.4
3228,F,Ship,3,3,205,3,low,M,10,5714,0,No,43.4
3229,D,Ship,5,3,210,5,medium,M,9,5431,1,No,42.0
3230,F,Ship,4,1,133,2,medium,M,8,4277,0,No,43.3
3231,A,Ship,5,2,215,6,medium,F,5,5195,1,No,42.6
3232,B,Ship,2,3,140,3,low,F,2,4691,0,No,41.1
3233,C,Ship,3,3,255,2,low,M,8,5955,1,No,42.7
3234,F,Ship,2,5,159,3,low,M,5,4190,0,No,43.7
3235,D,Ship,5,3,169,2,low,M,8,5352,1,No,44.0
3236,F,Ship,5,4,182,2,medium,M,2,4554,1,No,44.7
3237,A,Ship,2,5,231,2,low,F,10,4406,1,No,44.0
3238,B,Ship,3,4,177,3,low,F,6,4445,0,No,43.9
3239,C,Ship,4,3,250,3,medium,F,3,5055,1,No,43.5
3240,F,Ship,4,2,145,3,medium,F,4,5122,1,No,43.4
3241,D,Ship,2,5,117,3,high,F,2,4268,1,No,43.9
3242,F,Ship,3,4,170,3,low,M,5,4716,1,No,43.8
3243,A,Ship,4,4,173,3,high,F,9,5382,1,No,43.4
3244,B,Ship,4,2,232,3,medium,M,8,4658,1,No,43.6
3245,C,Ship,3,2,231,4,medium,M,4,5510,0,No,41.5
3246,F,Ship,3,4,136,3,medium,M,2,4524,1,No,43.6
3247,D,Ship,4,1,189,3,medium,M,5,4496,1,No,43.4
3248,F,Ship,5,4,222,3,low,M,7,5340,0,No,45.4
3249,A,Ship,4,3,148,3,high,F,7,5034,1,No,43.5
3250,B,Ship,5,2,265,2,medium,F,7,5464,1,No,44.4
3251,C,Ship,4,1,181,2,low,F,3,5877,0,No,42.6
3252,F,Ship,6,5,189,2,high,M,4,5898,1,No,43.6
3253,D,Ship,3,2,160,3,medium,F,6,4808,1,No,43.4
3254,F,Ship,3,3,235,3,medium,F,10,4186,0,No,42.8
3255,A,Ship,3,4,100,3,medium,M,4,4191,0,No,44.1
3256,B,Ship,5,5,135,4,medium,F,7,5765,1,No,43.6
3257,C,Ship,5,2,137,3,low,M,6,4883,0,No,45.4
3258,F,Ship,4,2,222,3,high,F,9,5337,0,No,43.4
3259,D,Ship,5,1,246,3,medium,F,10,4078,1,Yes,52.3
3260,F,Ship,3,3,202,3,medium,F,8,5486,1,No,43.6
3261,A,Ship,4,5,273,3,low,F,1,5043,1,No,44.7
3262,B,Road,5,1,248,2,low,F,9,5881,1,No,42.8
3263,C,Road,4,4,199,4,medium,F,5,4194,0,No,40.9
3264,F,Road,4,3,209,3,medium,M,7,4104,1,Yes,52.9
3265,D,Road,4,5,216,2,low,M,2,4905,0,No,43.3
3266,F,Road,4,2,227,3,low,M,2,4318,1,No,44.5
3267,A,Road,3,1,216,4,medium,F,4,4416,0,No,41.5
3268,B,Road,2,3,242,2,medium,F,1,5892,1,No,45.7
3269,C,Road,5,4,217,3,medium,F,8,4949,1,No,45.0
3270,F,Road,2,2,160,3,medium,F,9,4613,0,No,41.9
3271,D,Road,5,3,141,2,medium,M,4,5257,0,No,44.3
3272,F,Road,5,4,263,2,medium,F,5,4595,0,No,43.7
3273,A,Road,5,4,171,4,low,M,7,5359,1,No,42.6
3274,B,Road,3,5,195,2,low,F,4,4864,0,No,42.9
3275,C,Road,3,5,237,3,low,M,4,5561,1,No,43.3
3276,F,Road,2,5,241,4,low,F,4,5693,1,No,40.3
3277,D,Road,3,4,134,3,medium,F,9,4230,1,No,43.5
3278,F,Road,5,5,156,3,low,F,5,5398,1,No,44.8
3279,A,Road,3,4,211,2,low,M,6,6000,0,No,44.9
3280,B,Road,3,2,243,2,low,F,5,4769,0,No,43.1
3281,C,Road,4,3,196,2,medium,F,7,4116,1,Yes,53.6
3282,F,Road,3,3,242,2,medium,F,7,4960,0,No,42.7
3283,D,Road,3,4,175,3,low,F,3,4449,0,No,43.7
3284,F,Flight,2,2,155,3,low,M,1,5154,0,No,42.2
3285,A,Flight,4,1,200,2,low,F,9,4808,1,No,42.4
3286,B,Flight,3,3,191,3,low,M,4,4586,0,No,43.1
3287,C,Flight,4,5,221,3,low,F,6,5895,0,No,43.7
3288,F,Flight,3,1,135,3,low,M,9,4511,0,No,43.0
3289,D,Flight,3,2,152,4,medium,F,7,5943,1,No,46.1
3290,F,Flight,2,5,172,2,low,M,7,4649,0,No,40.5
3291,A,Flight,5,2,253,2,high,F,2,5643,1,No,44.3
3292,B,Flight,5,1,270,2,high,M,10,5360,0,No,43.2
3293,C,Flight,2,4,139,4,high,M,3,5041,0,No,40.1
3294,F,Flight,5,2,257,4,medium,M,9,5088,0,No,41.7
3295,D,Flight,4,1,155,3,low,F,5,4283,1,No,44.2
3296,F,Flight,3,5,125,2,low,M,5,4933,1,No,43.0
3297,A,Flight,5,4,233,2,low,F,7,4597,1,No,44.3
3298,B,Flight,3,3,205,2,medium,M,6,4989,1,No,42.6
3299,C,Flight,5,4,243,3,medium,M,4,4420,1,No,45.8
3300,F,Flight,4,4,208,3,low,F,10,4919,0,No,43.1
3301,D,Flight,3,1,230,3,medium,F,6,4392,0,No,43.9
3302,F,Flight,4,5,205,3,medium,M,5,4949,1,No,43.3
3303,A,Flight,3,4,170,2,low,F,2,5664,0,No,43.0
3304,B,Flight,4,2,222,2,medium,M,5,4268,0,No,43.4
3305,C,Flight,5,4,186,2,low,M,3,4213,0,No,44.8
3306,F,Ship,5,1,208,2,low,F,8,5218,0,No,44.0
3307,D,Ship,4,3,223,3,medium,F,9,5897,0,No,43.0
3308,F,Ship,5,3,154,2,medium,M,8,4006,0,Yes,66.6
3309,A,Ship,5,3,235,4,medium,F,10,4011,0,Yes,57.4
3310,B,Ship,4,3,271,3,medium,M,1,4137,0,No,43.1
3311,C,Ship,4,5,250,3,low,F,2,5206,0,No,43.3
3312,F,Ship,4,2,206,2,medium,M,4,5159,0,No,42.8
3313,D,Ship,3,1,153,3,low,M,10,5121,1,No,43.2
3314,F,Ship,4,4,212,2,medium,F,6,4117,1,Yes,54.0
3315,A,Ship,6,4,168,2,high,M,6,5686,0,No,44.2
3316,B,Ship,3,1,171,2,low,M,10,5379,1,No,42.3
3317,C,Ship,3,5,132,2,low,M,10,4462,1,No,42.3
3318,F,Ship,5,3,141,3,low,M,9,4857,0,No,44.8
3319,D,Ship,3,2,254,2,low,M,1,4334,0,No,44.3
3320,F,Ship,4,4,159,2,medium,F,6,5221,0,No,42.6
3321,A,Ship,2,4,194,2,low,F,4,4803,1,No,41.1
3322,B,Ship,4,3,178,6,low,M,6,4203,0,No,40.5
3323,C,Ship,3,4,151,3,low,M,2,5712,1,No,44.4
3324,F,Ship,5,1,244,2,low,F,5,4125,1,No,49.1
3325,D,Ship,3,2,237,3,low,M,8,5287,1,No,43.6
3326,F,Ship,3,1,241,3,medium,M,9,5184,0,No,43.1
3327,A,Ship,4,2,156,3,low,M,3,5923,0,No,43.6
3328,B,Ship,4,3,243,3,medium,M,1,5021,0,No,44.7
3329,C,Ship,5,5,219,2,medium,M,4,4289,0,No,44.7
3330,F,Ship,4,5,168,2,high,M,2,5776,0,No,46.1
3331,D,Ship,6,3,224,6,high,M,8,5661,0,No,44.0
3332,F,Ship,4,4,216,2,medium,M,2,5840,1,No,44.3
3333,A,Ship,3,1,187,5,low,F,6,4698,0,No,40.9
3334,B,Ship,5,3,204,3,high,F,1,4037,1,Yes,54.9
3335,C,Ship,6,5,266,5,low,M,10,4140,0,No,39.5
3336,F,Ship,3,4,179,2,low,F,2,4931,1,No,43.4
3337,D,Ship,3,4,184,3,low,M,10,4776,0,No,43.1
3338,F,Ship,6,2,204,4,medium,F,2,4431,0,No,42.5
3339,A,Ship,3,4,255,2,medium,F,7,4332,1,No,42.9
3340,B,Ship,4,1,272,2,medium,F,5,5252,0,No,42.5
3341,C,Ship,4,3,186,2,low,M,7,4947,1,No,42.7
3342,F,Ship,5,4,147,4,medium,M,6,4369,0,No,41.7
3343,D,Ship,3,4,145,3,medium,M,4,5361,1,No,43.3
3344,F,Ship,5,1,255,3,medium,F,6,5715,0,No,45.3
3345,A,Ship,3,4,133,2,low,F,7,4663,0,No,42.8
3346,B,Ship,4,1,155,4,low,F,1,4985,0,No,42.1
3347,C,Ship,4,5,151,4,medium,M,10,4796,0,No,40.6
3348,F,Ship,4,2,270,2,high,F,3,4914,1,No,42.9
3349,D,Ship,3,1,234,4,high,M,6,4942,0,No,41.1
3350,F,Ship,3,5,186,2,medium,M,4,4352,0,No,43.1
3351,A,Ship,4,5,157,2,medium,M,6,5937,0,No,42.9
3352,B,Ship,4,4,268,3,low,M,7,5947,0,No,43.1
3353,C,Ship,4,3,244,2,low,M,10,4486,1,No,42.1
3354,F,Ship,4,5,190,3,low,M,2,4554,0,No,43.3
3355,D,Ship,4,4,161,4,low,M,5,5038,0,No,41.3
3356,F,Ship,2,4,162,3,high,F,2,5893,1,No,42.8
3357,A,Ship,4,3,163,8,medium,F,6,5739,0,No,44.3
3358,B,Ship,3,3,211,6,low,M,5,5777,1,No,44.4
3359,C,Ship,3,4,205,8,medium,M,1,4977,1,No,42.4
3360,F,Ship,3,5,150,3,medium,F,4,4442,1,No,43.8
3361,D,Ship,2,5,209,5,medium,F,10,4623,1,No,39.3
3362,F,Ship,5,2,250,3,medium,F,6,5298,0,No,45.0
3363,A,Ship,3,2,206,3,high,F,1,4431,1,No,44.8
3364,B,Ship,5,2,244,3,low,M,2,4198,0,No,46.4
3365,C,Ship,2,1,180,3,low,M,2,4615,1,No,40.8
3366,F,Ship,4,4,256,3,medium,M,1,5784,1,No,47.3
3367,D,Ship,5,4,273,3,medium,F,2,5672,1,No,45.0
3368,F,Ship,4,1,178,8,medium,F,6,4872,0,No,42.9
3369,A,Ship,4,2,296,2,medium,F,2,1233,0,Yes,80.9
3370,B,Ship,3,3,249,5,medium,F,9,1752,0,Yes,53.3
3371,C,Ship,4,5,151,4,medium,M,3,5470,0,No,41.1
3372,F,Ship,4,3,270,2,high,F,5,5346,0,No,42.3
3373,D,Ship,3,2,234,4,high,F,7,4568,1,No,41.8
3374,F,Ship,3,4,186,2,medium,F,9,5841,0,No,41.5
3375,A,Ship,4,1,157,2,medium,M,3,5801,0,No,44.6
3376,B,Ship,4,2,268,3,low,F,3,5488,1,No,43.2
3377,C,Ship,4,1,244,2,low,F,3,4644,1,No,42.9
3378,F,Ship,4,4,190,3,low,M,2,4800,0,No,43.6
3379,D,Ship,4,2,161,4,low,F,10,5322,0,No,40.7
3380,F,Ship,2,2,162,3,high,M,10,4489,1,No,43.2
3381,A,Ship,4,1,163,8,medium,F,9,5489,1,No,43.8
3382,B,Ship,3,2,211,6,low,F,2,4417,0,No,41.4
3383,C,Ship,3,4,205,8,medium,F,5,4869,1,No,44.3
3384,F,Ship,3,3,150,3,medium,M,4,5536,0,No,43.3
3385,D,Ship,2,5,209,5,medium,F,9,5565,0,No,41.8
3386,F,Ship,5,3,250,3,medium,M,4,4343,0,No,45.5
3387,A,Ship,3,1,206,3,high,F,8,4763,1,No,43.6
3388,B,Ship,5,5,244,3,low,M,9,5695,0,No,44.6
3389,C,Ship,2,2,180,3,low,M,2,5033,1,No,41.3
3390,F,Ship,4,5,256,3,medium,M,10,4504,1,No,42.9
3391,D,Ship,5,4,273,3,medium,M,6,4044,1,Yes,56.3
3392,F,Ship,4,2,178,8,medium,M,5,4120,1,Yes,54.7
3393,A,Ship,4,3,296,2,medium,F,9,1523,1,Yes,80.3
3394,B,Ship,4,2,275,6,medium,M,2,1712,1,No,49.2
3395,C,Ship,5,5,270,3,low,M,2,4351,1,No,46.0
3396,F,Ship,6,5,224,4,medium,M,6,4616,0,No,41.5
3397,D,Ship,2,4,172,5,low,M,4,4668,0,No,40.5
3398,F,Ship,4,4,176,3,low,F,1,4774,0,No,44.6
3399,A,Road,6,2,240,4,low,M,9,4099,0,No,45.3
3400,B,Road,3,4,213,3,low,F,5,4535,1,No,43.4
3401,C,Road,4,2,197,3,low,F,2,5707,0,No,44.2
3402,F,Road,4,5,167,2,low,F,7,4289,1,No,43.8
3403,D,Road,5,1,180,3,low,F,2,5013,1,No,45.4
3404,F,Road,3,1,119,2,low,F,10,4146,1,No,40.7
3405,A,Road,5,5,232,4,low,M,3,5447,0,No,41.9
3406,B,Road,3,5,139,2,medium,M,7,5536,0,No,42.6
3407,C,Road,3,2,272,3,low,M,2,4459,1,No,43.9
3408,F,Road,3,2,253,3,low,F,7,4915,0,No,43.5
3409,D,Road,3,2,188,3,low,M,4,5376,0,No,43.3
3410,F,Road,3,4,202,3,medium,M,5,5169,0,No,43.4
3411,A,Road,3,1,134,3,low,F,7,5802,1,No,44.6
3412,B,Road,3,5,110,3,medium,M,3,4252,1,No,43.6
3413,C,Road,3,2,172,2,low,F,9,4532,1,No,42.0
3414,F,Road,3,1,188,3,low,M,3,4222,0,No,44.1
3415,D,Road,3,1,258,4,medium,F,6,5365,1,No,41.2
3416,F,Road,5,3,234,3,low,M,10,5673,0,No,44.1
3417,A,Road,3,4,148,4,medium,F,9,5301,0,No,41.8
3418,B,Road,5,3,194,4,low,F,2,5396,0,No,42.2
3419,C,Road,4,4,266,3,medium,F,2,5413,1,No,43.3
3420,F,Road,5,5,158,3,medium,M,7,5559,1,No,45.4
3421,D,Flight,5,1,228,2,high,M,6,4984,1,No,44.2
3422,F,Flight,4,5,159,2,low,M,1,5671,0,No,43.6
3423,A,Flight,3,4,255,4,low,M,10,4107,0,No,44.4
3424,B,Flight,3,4,213,3,low,F,4,5481,1,No,43.3
3425,C,Flight,3,4,148,2,low,F,5,4693,1,No,43.1
3426,F,Flight,4,5,219,3,medium,M,6,5957,1,No,43.1
3427,D,Flight,3,5,168,5,medium,M,9,5731,1,No,43.4
3428,F,Flight,4,3,148,5,medium,F,6,4802,0,No,41.0
3429,A,Flight,3,4,149,3,low,F,5,5467,0,No,43.2
3430,B,Flight,3,5,245,6,high,M,9,4793,0,No,42.1
3431,C,Flight,3,1,200,2,medium,M,10,5178,1,No,42.1
3432,F,Flight,3,1,228,3,medium,M,9,5530,0,No,43.1
3433,D,Flight,4,1,175,4,low,M,2,4053,0,No,46.9
3434,F,Flight,3,3,201,3,low,M,9,5895,1,No,43.3
3435,A,Flight,4,3,267,4,low,M,7,5140,0,No,41.9
3436,B,Flight,3,4,217,2,medium,F,9,5450,0,No,42.3
3437,C,Flight,2,3,160,2,high,M,3,4409,0,No,42.6
3438,F,Flight,4,4,264,3,low,F,2,4279,1,No,43.6
3439,D,Flight,3,1,179,3,high,M,5,5898,1,No,43.6
3440,F,Flight,4,5,259,3,medium,M,10,4921,1,No,43.1
3441,A,Flight,4,5,178,2,high,M,5,5403,0,No,42.3
3442,B,Flight,3,2,242,5,medium,M,6,4694,0,No,40.9
3443,C,Ship,4,4,235,2,low,M,4,5671,0,No,42.4
3444,F,Ship,4,1,247,2,medium,F,7,5098,0,No,42.7
3445,D,Ship,2,2,240,5,low,M,7,4138,1,No,42.8
3446,F,Ship,3,1,252,2,low,M,4,5559,0,No,42.7
3447,A,Ship,5,4,237,2,low,M,8,5600,1,No,44.0
3448,B,Ship,4,2,161,3,low,F,4,5947,0,No,43.2
3449,C,Ship,2,3,144,4,low,F,10,4075,0,No,42.6
3450,F,Ship,4,1,163,4,medium,M,2,5432,1,No,41.4
3451,D,Ship,4,3,246,3,low,F,5,5118,0,No,43.3
3452,F,Ship,3,2,213,3,medium,M,10,5993,1,No,50.0
3453,A,Ship,5,1,123,2,low,F,9,5497,0,No,43.6
3454,B,Ship,4,3,192,3,low,M,1,4045,1,Yes,53.9
3455,C,Ship,4,4,149,3,low,F,8,5658,1,No,43.6
3456,F,Ship,5,3,206,4,high,F,1,4583,0,No,43.0
3457,D,Ship,6,4,243,6,low,M,8,5218,0,No,43.3
3458,F,Ship,4,5,136,3,low,F,1,4585,1,No,44.2
3459,A,Ship,4,1,170,2,medium,F,5,5182,0,No,42.3
3460,B,Ship,2,4,180,2,low,F,8,4321,1,No,43.9
3461,C,Ship,3,5,220,2,low,F,1,5663,0,No,43.9
3462,F,Ship,3,3,144,2,low,M,6,5994,1,No,48.6
3463,D,Ship,3,4,271,2,medium,M,6,4218,0,No,43.5
3464,F,Ship,4,4,186,2,medium,F,9,4887,1,No,42.4
3465,A,Ship,2,5,247,4,medium,M,4,5255,1,No,40.0
3466,B,Ship,4,4,202,3,medium,M,2,4299,1,No,43.6
3467,C,Ship,4,3,143,3,medium,F,3,5062,1,No,43.5
3468,F,Ship,3,1,180,3,low,F,10,5633,0,No,43.2
3469,D,Ship,4,5,221,3,medium,F,3,4430,1,No,43.6
3470,F,Ship,4,3,173,3,low,F,7,4810,1,No,43.5
3471,A,Ship,2,5,107,3,medium,M,2,4853,0,No,41.1
3472,B,Ship,3,4,259,2,medium,F,3,4154,1,No,42.8
3473,C,Ship,5,4,134,3,medium,M,4,4908,0,No,45.1
3474,F,Ship,3,2,204,4,low,M,4,4745,0,No,41.9
3475,D,Ship,2,2,161,5,medium,M,3,4138,0,No,42.8
3476,F,Ship,6,4,100,5,low,F,7,5668,1,No,44.0
3477,A,Ship,5,2,260,4,medium,F,3,5890,0,No,42.4
3478,B,Ship,5,2,196,3,low,F,4,4271,0,No,45.9
3479,C,Ship,5,2,260,3,low,M,1,4799,1,No,46.9
3480,F,Ship,3,1,193,4,low,M,5,4700,0,No,41.5
3481,D,Ship,4,1,258,3,medium,M,7,4159,0,No,43.8
3482,F,Ship,4,3,254,4,low,M,9,4492,0,No,40.9
3483,A,Ship,3,5,216,4,low,F,3,4934,0,No,41.6
3484,B,Ship,4,1,273,3,low,F,5,5323,0,No,43.0
3485,C,Ship,4,4,223,4,low,M,1,4219,0,No,42.2
3486,F,Ship,4,1,182,2,medium,F,10,5638,0,No,42.4
3487,D,Ship,3,4,201,3,low,F,6,5722,1,No,44.2
3488,F,Ship,4,3,249,3,medium,F,6,5657,1,No,43.2
3489,A,Ship,5,4,152,3,low,M,1,5314,1,No,46.1
3490,B,Ship,3,1,244,4,medium,M,6,4734,1,No,41.4
3491,C,Ship,3,1,256,4,medium,F,3,4398,1,No,41.8
3492,F,Ship,4,2,223,3,medium,M,3,5121,0,No,43.5
3493,D,Ship,3,2,185,2,high,F,3,4816,1,No,43.0
3494,F,Ship,3,1,166,3,medium,M,9,4410,0,No,43.6
3495,A,Ship,3,4,113,3,medium,M,1,5765,1,No,47.6
3496,B,Ship,4,1,134,2,medium,F,7,5967,0,No,42.1
3497,C,Ship,4,3,228,2,high,F,4,4719,1,No,42.9
3498,F,Ship,3,4,204,2,low,F,10,5844,1,No,40.7
3499,D,Ship,3,1,152,2,medium,F,2,4136,0,No,41.2
3500,F,Ship,3,2,195,2,medium,M,9,5779,1,No,43.9
3501,A,Ship,4,2,192,6,high,F,3,5173,0,No,41.7
3502,B,Ship,4,2,247,3,medium,M,8,4977,0,No,43.5
3503,C,Ship,3,1,135,2,medium,M,2,4163,0,No,43.7
3504,F,Ship,4,2,209,2,medium,F,1,5337,0,No,44.3
3505,D,Ship,2,4,173,2,low,M,1,4721,0,No,41.3
3506,F,Ship,4,4,222,2,low,M,5,5660,0,No,42.4
3507,A,Ship,4,3,192,3,medium,F,10,4086,1,Yes,50.7
3508,B,Ship,3,5,206,3,medium,F,6,5618,0,No,43.2
3509,C,Ship,3,3,275,4,medium,M,6,4687,1,No,40.7
3510,F,Ship,2,3,192,3,medium,F,8,5787,1,No,43.2
3511,D,Ship,6,3,121,3,medium,F,10,5208,0,No,44.0
3512,F,Ship,4,2,177,3,low,M,8,4904,0,No,43.5
3513,A,Ship,3,1,243,3,low,F,2,4989,0,No,43.8
3514,B,Ship,3,2,262,4,low,M,1,4745,1,No,42.7
3515,C,Ship,2,4,189,3,low,M,3,5897,1,No,43.3
3516,F,Ship,5,4,178,2,low,F,4,5307,0,No,44.1
3517,D,Ship,3,4,232,3,medium,F,1,4228,1,No,46.2
3518,F,Ship,4,5,254,3,low,M,1,4377,1,No,44.5
3519,A,Ship,3,1,148,2,medium,M,5,4082,1,Yes,50.6
3520,B,Ship,4,3,253,4,high,M,4,4868,1,No,41.3
3521,C,Ship,4,5,223,3,medium,F,9,5279,1,No,43.4
3522,F,Ship,2,2,190,2,medium,M,7,4075,0,Yes,50.5
3523,D,Ship,5,3,181,4,low,F,2,5332,0,No,42.2
3524,F,Ship,2,3,226,3,low,M,8,5119,0,No,42.0
3525,A,Ship,3,4,182,2,medium,M,8,4883,0,No,42.7
3526,B,Ship,2,4,191,3,medium,F,6,4119,0,Yes,52.8
3527,C,Ship,3,1,223,4,low,M,1,4195,0,No,42.9
3528,F,Ship,4,5,274,3,medium,M,4,4521,0,No,43.0
3529,D,Ship,4,4,218,2,low,M,9,5637,0,No,42.4
3530,F,Ship,3,5,197,3,low,M,3,5658,0,No,43.2
3531,A,Ship,4,2,137,3,low,F,6,5271,0,No,43.3
3532,B,Ship,2,1,163,3,low,F,3,5873,1,No,40.4
3533,C,Ship,4,4,218,4,low,M,6,4377,1,No,41.1
3534,F,Ship,5,1,245,3,low,M,6,4343,1,No,46.2
3535,D,Ship,3,5,181,2,medium,M,2,4089,0,Yes,50.1
3536,F,Road,6,3,222,5,high,F,2,4612,0,No,42.7
3537,A,Road,4,5,259,2,low,M,7,4390,1,No,43.2
3538,B,Road,3,4,157,3,medium,F,6,5398,1,No,43.2
3539,C,Road,4,3,137,3,medium,F,10,4820,1,No,43.2
3540,F,Road,3,3,242,3,low,F,8,4199,0,No,44.3
3541,D,Road,4,5,154,4,medium,M,7,4938,0,No,41.8
3542,F,Road,3,2,150,2,low,F,3,4174,0,No,43.2
3543,A,Road,5,3,174,3,medium,F,7,5510,1,No,45.4
3544,B,Road,5,5,265,3,high,F,3,5837,1,No,45.1
3545,C,Road,3,4,248,4,medium,M,8,4540,0,No,41.6
3546,F,Road,4,3,186,3,low,M,7,5156,1,No,43.5
3547,D,Road,4,2,152,3,medium,M,6,5764,1,No,45.2
3548,F,Road,3,3,163,3,medium,M,2,5791,1,No,46.2
3549,A,Road,4,5,168,4,medium,M,5,5735,1,No,42.3
3550,B,Road,4,3,102,3,medium,F,3,4845,1,No,43.5
3551,C,Road,3,1,169,2,medium,F,1,4783,1,No,44.8
3552,F,Road,6,1,163,4,high,M,3,4031,1,Yes,52.4
3553,D,Road,2,1,154,3,medium,F,4,5100,0,No,41.9
3554,F,Road,3,5,271,2,low,F,3,4878,0,No,43.0
3555,A,Road,3,4,182,3,medium,F,7,5409,1,No,43.5
3556,B,Road,4,1,173,3,low,F,5,5232,0,No,43.2
3557,C,Road,5,2,244,2,low,M,10,5696,0,No,43.3
3558,F,Flight,4,5,214,2,low,M,8,4512,0,No,42.2
3559,D,Flight,4,4,210,2,high,M,6,4076,0,Yes,50.8
3560,F,Flight,5,3,194,7,medium,F,10,5700,0,No,42.2
3561,A,Flight,4,3,185,10,high,F,7,4818,1,No,44.0
3562,B,Flight,3,3,121,2,low,M,10,5130,1,No,42.3
3563,C,Flight,3,1,203,3,medium,F,3,4137,0,No,42.2
3564,F,Flight,2,5,134,10,high,M,8,5472,0,No,41.2
3565,D,Flight,3,3,263,3,medium,F,9,5665,1,No,43.4
3566,F,Flight,5,1,279,8,low,F,6,5888,1,No,44.0
3567,A,Flight,4,5,222,3,low,F,5,5584,0,No,43.0
3568,B,Flight,4,1,233,2,low,M,9,4799,1,No,42.4
3569,C,Flight,4,4,271,3,low,M,3,4152,0,No,43.5
3570,F,Flight,3,4,118,4,low,M,6,5964,0,No,44.4
3571,D,Flight,3,4,183,2,low,M,5,4261,1,No,43.6
3572,F,Flight,3,4,217,3,low,F,5,4077,0,Yes,50.8
3573,A,Flight,3,5,245,10,medium,M,8,4909,1,No,43.1
3574,B,Flight,3,4,143,4,medium,M,5,5545,1,No,41.4
3575,C,Flight,3,3,149,3,medium,F,3,4189,0,No,44.0
3576,F,Flight,4,5,275,6,medium,M,10,1400,1,No,48.0
3577,D,Flight,4,5,168,4,medium,F,4,4776,1,No,41.5
3578,F,Flight,4,1,102,3,medium,M,3,4179,0,No,44.2
3579,A,Flight,3,2,169,2,medium,F,10,4038,1,Yes,54.2
3580,B,Ship,6,5,163,4,high,M,3,5118,1,No,42.6
3581,C,Ship,2,3,154,3,medium,M,3,4478,0,No,42.4
3582,F,Ship,3,3,271,2,low,F,8,4444,1,No,42.8
3583,D,Ship,3,4,182,3,medium,F,2,5281,1,No,43.7
3584,F,Ship,4,5,173,3,low,F,7,4410,0,No,44.2
3585,A,Ship,5,5,244,2,low,M,10,5794,0,No,43.8
3586,B,Ship,4,5,214,2,low,M,3,5546,0,No,42.7
3587,C,Ship,4,2,210,2,high,F,3,5876,1,No,42.6
3588,F,Ship,5,1,194,7,medium,M,8,4770,0,No,43.8
3589,D,Ship,4,3,185,10,high,M,1,4973,0,No,39.1
3590,F,Ship,3,1,121,2,low,M,2,5210,1,No,43.1
3591,A,Ship,3,4,203,3,medium,M,1,5543,0,No,44.6
3592,B,Ship,2,3,134,10,high,F,1,5632,0,No,34.3
3593,C,Ship,3,2,263,3,medium,M,8,5447,1,No,43.6
3594,F,Ship,5,2,279,8,low,M,5,4785,0,No,44.1
3595,D,Ship,4,2,222,3,low,F,3,5130,0,No,43.5
3596,F,Ship,4,2,233,2,low,F,5,4668,0,No,42.6
3597,A,Ship,4,2,271,3,low,M,9,4085,0,Yes,50.8
3598,B,Ship,3,5,118,4,low,F,10,5699,1,No,41.5
3599,C,Ship,3,4,183,2,low,M,3,4179,1,No,43.4
3600,F,Ship,3,4,217,3,low,F,5,4883,1,No,43.8
3601,D,Ship,3,4,245,10,medium,M,1,5363,0,No,39.1
3602,F,Ship,3,2,143,4,medium,F,7,4486,0,No,42.1
3603,A,Ship,3,2,149,3,medium,F,7,4049,1,Yes,54.0
3604,B,Ship,4,2,275,6,medium,M,9,1890,0,No,46.8
3605,C,Ship,7,4,282,5,low,M,5,1149,0,No,46.2
3606,F,Ship,4,1,276,2,medium,M,3,1966,0,Yes,79.8
3607,D,Ship,4,5,244,3,low,M,6,1360,1,Yes,83.4
3608,F,Ship,5,5,258,4,medium,M,7,5478,0,No,42.6
3609,A,Ship,3,5,257,3,low,M,5,5657,0,No,43.2
3610,B,Ship,4,2,195,5,medium,M,9,5178,1,No,41.7
3611,C,Ship,2,2,152,4,low,M,6,4606,1,No,39.0
3612,F,Ship,2,1,100,3,low,M,1,5776,1,No,45.9
3613,D,Ship,4,1,248,2,medium,M,4,5783,0,No,44.5
3614,F,Ship,4,5,274,2,low,F,2,4492,1,No,43.2
3615,A,Ship,3,3,203,2,low,M,1,5244,0,No,44.8
3616,B,Ship,6,5,194,5,low,F,8,4777,0,No,43.1
3617,C,Ship,3,3,142,3,low,F,7,4439,0,No,44.2
3618,F,Ship,4,5,208,5,low,F,7,5833,0,No,41.6
3619,D,Ship,4,5,237,2,medium,F,6,5954,0,No,42.7
3620,F,Ship,3,1,210,2,low,M,9,4580,0,No,42.0
3621,A,Ship,3,3,158,2,low,M,10,4061,1,Yes,52.7
3622,B,Ship,3,3,148,3,low,M,1,5700,0,No,45.9
3623,C,Ship,3,2,146,3,high,F,4,5846,1,No,42.6
3624,F,Ship,3,3,155,3,low,F,3,5768,0,No,45.6
3625,D,Ship,2,5,233,3,medium,M,10,5211,1,No,42.6
3626,F,Ship,3,4,165,2,medium,F,8,4280,1,No,43.4
3627,A,Ship,4,3,227,3,medium,F,10,5491,1,No,43.6
3628,B,Ship,5,3,197,4,low,F,6,4184,0,No,41.0
3629,C,Ship,4,1,134,3,medium,M,2,4983,0,No,43.6
3630,F,Ship,5,2,134,2,low,M,9,5045,0,No,43.2
3631,D,Ship,4,5,194,2,low,M,3,4724,1,No,42.9
3632,F,Ship,3,4,172,3,low,F,4,4337,0,No,43.5
3633,A,Ship,3,1,205,2,medium,F,2,5322,0,No,43.2
3634,B,Ship,3,1,191,5,low,F,9,5196,1,No,41.9
3635,C,Ship,3,3,225,4,low,M,10,5690,0,No,40.2
3636,F,Ship,5,5,152,6,medium,M,2,4915,1,No,41.9
3637,D,Ship,5,3,249,3,medium,M,10,5001,1,No,44.1
3638,F,Ship,5,5,136,3,low,M,4,4218,1,No,45.9
3639,A,Ship,3,5,146,5,high,F,7,4538,0,No,42.1
3640,B,Ship,5,2,259,2,medium,M,1,4607,0,No,45.7
3641,C,Ship,3,2,159,3,medium,M,4,5577,1,No,43.3
3642,F,Ship,5,1,162,3,medium,M,5,4064,1,Yes,55.4
3643,D,Ship,4,4,205,4,low,F,6,5064,0,No,40.9
3644,F,Ship,5,5,155,3,medium,F,6,4109,1,Yes,54.0
3645,A,Ship,4,5,171,4,medium,F,4,4151,0,No,41.0
3646,B,Ship,3,1,244,3,medium,F,1,5695,1,No,45.9
3647,C,Ship,5,5,135,3,medium,M,2,5849,1,No,45.1
3648,F,Ship,4,2,147,3,low,F,5,5174,0,No,43.0
3649,D,Ship,3,2,245,2,low,F,4,4514,1,No,42.5
3650,F,Ship,5,4,266,6,low,F,5,5481,0,No,42.4
3651,A,Ship,3,5,165,3,low,M,3,5409,0,No,43.3
3652,B,Ship,4,3,226,3,medium,M,1,5433,1,No,44.4
3653,C,Ship,5,4,185,3,medium,F,1,4925,0,No,46.2
3654,F,Ship,5,3,267,3,low,M,9,5258,1,No,44.5
3655,D,Ship,5,3,169,3,low,F,9,4289,1,No,46.2
3656,F,Ship,4,1,191,3,high,F,6,5335,1,No,43.1
3657,A,Ship,3,1,187,3,medium,M,2,5154,1,No,43.8
3658,B,Ship,3,2,265,6,low,M,9,5936,0,No,44.1
3659,C,Ship,3,2,243,3,medium,F,8,4093,0,Yes,52.4
3660,F,Ship,6,3,166,3,low,F,2,5559,0,No,45.0
3661,D,Ship,5,3,249,2,medium,M,3,4440,0,No,44.8
3662,F,Ship,4,1,271,2,low,F,1,4866,0,No,44.5
3663,A,Ship,4,3,272,2,medium,F,5,4681,1,No,42.6
3664,B,Ship,4,3,226,2,low,F,8,4526,0,No,42.2
3665,C,Ship,3,3,250,5,medium,M,8,5762,1,No,44.4
3666,F,Ship,2,5,135,6,medium,F,9,5777,1,No,43.9
3667,D,Ship,4,4,274,3,high,F,3,4202,1,No,44.0
3668,F,Ship,4,4,184,3,medium,F,2,4124,1,No,47.5
3669,A,Ship,2,1,139,2,medium,F,2,4520,1,No,40.2
3670,B,Ship,3,3,198,2,low,M,8,4620,1,No,42.4
3671,C,Ship,4,2,168,2,medium,M,1,5154,0,No,44.6
3672,F,Ship,4,4,245,4,medium,M,4,5203,1,No,41.3
3673,D,Road,4,1,251,3,low,F,4,4374,1,No,43.6
3674,F,Road,4,1,153,2,medium,M,9,4359,0,No,42.6
3675,A,Road,5,1,142,4,medium,F,2,4735,1,No,42.8
3676,B,Road,4,5,148,3,low,M,5,4913,0,No,43.3
3677,C,Road,4,2,273,5,low,F,1,5012,0,No,42.3
3678,F,Road,3,1,180,6,low,M,5,4802,1,No,42.9
3679,D,Road,3,3,158,3,low,F,2,5205,1,No,43.5
3680,F,Road,4,3,240,2,medium,F,2,5588,0,No,43.0
3681,A,Road,4,1,174,3,low,M,7,4813,1,No,43.5
3682,B,Road,4,2,186,3,low,M,6,4524,0,No,42.9
3683,C,Road,5,5,174,3,high,F,9,5969,1,No,43.6
3684,F,Road,4,1,260,4,low,M,10,4072,1,No,46.5
3685,D,Road,4,3,258,2,low,F,2,4308,0,No,43.7
3686,F,Road,4,2,262,2,medium,M,3,4090,1,Yes,50.0
3687,A,Road,4,2,197,3,low,M,4,5800,0,No,44.7
3688,B,Road,4,1,238,3,low,M,4,5449,1,No,43.1
3689,C,Road,3,3,168,2,low,F,9,4608,0,No,41.7
3690,F,Road,4,3,266,3,low,M,9,5621,1,No,43.4
3691,D,Road,4,4,251,3,high,F,5,5460,0,No,43.0
3692,F,Road,3,5,272,2,low,M,3,5638,1,No,42.6
3693,A,Road,5,3,203,2,medium,M,4,4311,1,No,44.7
3694,B,Road,5,5,168,3,low,M,6,4096,0,Yes,54.3
3695,C,Flight,3,1,138,3,medium,F,7,5534,0,No,43.5
3696,F,Flight,3,1,129,3,medium,M,9,5296,1,No,43.4
3697,D,Flight,4,4,178,6,low,F,9,5279,1,No,42.2
3698,F,Flight,5,1,211,2,medium,M,1,5913,1,No,48.4
3699,A,Flight,3,5,169,3,high,F,5,5750,0,No,44.2
3700,B,Flight,3,2,267,3,low,M,8,5922,0,No,43.5
3701,C,Flight,3,4,183,3,low,F,1,5959,1,No,46.1
3702,F,Flight,3,1,194,2,low,M,8,4335,1,No,42.5
3703,D,Flight,5,3,151,2,low,M,8,4749,0,No,44.4
3704,F,Flight,6,3,225,4,low,M,5,4184,1,No,42.3
3705,A,Flight,5,2,184,4,low,M,6,4155,1,No,40.8
3706,B,Flight,3,2,269,2,medium,F,1,4978,0,No,44.7
3707,C,Flight,3,2,274,2,medium,M,5,5161,0,No,42.6
3708,F,Flight,5,4,142,2,high,M,7,5341,0,No,44.4
3709,D,Flight,4,1,140,4,low,M,6,5067,0,No,40.9
3710,F,Flight,4,1,219,5,medium,M,5,5253,0,No,41.5
3711,A,Flight,2,3,237,3,medium,M,2,5331,0,No,41.1
3712,B,Flight,3,5,140,5,low,M,7,4370,1,No,42.6
3713,C,Flight,5,5,105,5,low,F,10,5418,1,No,41.4
3714,F,Flight,3,1,192,2,low,M,6,4056,0,Yes,53.5
3715,D,Flight,3,4,154,3,low,F,2,4990,1,No,43.8
3716,F,Flight,5,5,165,2,low,M,3,4005,1,Yes,61.1
3717,A,Ship,5,1,197,4,low,F,2,5594,1,No,42.2
3718,B,Ship,3,5,274,3,low,F,3,5156,0,No,43.6
3719,C,Ship,3,5,193,3,high,F,10,5991,1,No,48.2
3720,F,Ship,3,1,252,4,high,M,4,4303,0,No,41.4
3721,D,Ship,4,5,224,2,low,M,6,4994,0,No,42.6
3722,F,Ship,5,2,230,4,low,F,4,4782,1,No,42.0
3723,A,Ship,4,2,174,3,medium,F,10,4318,0,No,44.4
3724,B,Ship,3,2,226,3,medium,M,3,4940,1,No,43.6
3725,C,Ship,5,1,245,3,medium,M,9,5690,0,No,43.9
3726,F,Ship,5,1,206,5,medium,M,2,5766,0,No,45.3
3727,D,Ship,3,5,241,3,low,M,2,4976,1,No,43.8
3728,F,Ship,3,4,148,4,high,F,1,4249,0,No,42.4
3729,A,Ship,5,2,181,3,low,M,7,5875,0,No,43.8
3730,B,Ship,4,3,146,3,low,F,8,5673,1,No,43.6
3731,C,Ship,3,3,115,6,high,F,6,5636,0,No,41.9
3732,F,Ship,4,5,201,3,low,F,10,4530,1,No,42.9
3733,D,Ship,5,5,273,4,low,M,1,5225,1,No,42.9
3734,F,Ship,5,5,228,5,low,F,6,4506,0,No,41.1
3735,A,Ship,4,5,185,3,low,F,2,4336,1,No,43.4
3736,B,Ship,6,1,170,3,low,F,10,4858,0,No,44.5
3737,C,Ship,4,4,156,2,low,M,7,5017,0,No,42.7
3738,F,Ship,4,4,159,3,medium,M,3,5545,0,No,43.2
3739,D,Ship,5,4,263,2,high,F,8,4914,0,No,43.9
3740,F,Ship,3,5,159,3,medium,F,1,4314,1,No,45.1
3741,A,Ship,5,2,241,3,low,F,10,4244,1,No,45.6
3742,B,Ship,5,1,167,3,medium,M,3,4267,1,No,46.0
3743,C,Ship,4,5,231,3,low,M,4,5089,1,No,43.4
3744,F,Ship,4,2,233,2,low,F,5,4817,0,No,42.6
3745,D,Ship,6,4,256,4,high,M,2,5021,0,No,42.4
3746,F,Ship,3,1,205,4,high,F,3,4426,0,No,41.5
3747,A,Ship,2,2,180,2,high,M,1,4407,0,No,43.0
3748,B,Ship,2,3,187,2,medium,F,10,5957,0,No,42.2
3749,C,Ship,3,4,250,2,medium,M,1,4922,1,No,44.7
3750,F,Ship,4,4,273,2,low,M,9,5151,0,No,42.4
3751,D,Ship,3,5,224,2,low,F,10,4445,0,No,42.4
3752,F,Ship,3,2,195,2,medium,M,8,4365,0,No,42.8
3753,A,Ship,4,2,148,2,low,M,9,4334,0,No,42.3
3754,B,Ship,3,4,181,2,medium,F,4,4629,0,No,42.8
3755,C,Ship,5,1,111,4,high,F,2,5978,1,No,46.1
3756,F,Ship,3,2,181,3,medium,F,9,4163,0,No,42.7
3757,D,Ship,3,2,108,4,low,F,5,4787,0,No,41.9
3758,F,Ship,4,5,188,5,low,F,1,5999,1,Yes,53.8
3759,A,Ship,6,3,231,4,low,F,7,4553,1,No,42.7
3760,B,Ship,2,3,230,3,low,F,4,5127,0,No,41.9
3761,C,Ship,4,3,197,2,low,M,7,5449,0,No,42.7
3762,F,Ship,3,1,252,3,high,F,6,5101,0,No,43.4
3763,D,Ship,6,4,237,5,medium,F,2,5437,1,No,42.5
3764,F,Ship,4,4,182,3,medium,F,8,5453,1,No,43.6
3765,A,Ship,5,4,241,3,high,M,6,4157,0,No,45.8
3766,B,Ship,4,4,247,2,medium,F,6,5833,1,No,42.0
3767,C,Ship,5,2,156,4,low,M,8,5014,0,No,42.5
3768,F,Ship,5,4,189,3,low,M,7,4741,1,No,45.8
3769,D,Ship,4,1,240,4,low,M,9,4471,1,No,41.1
3770,F,Ship,3,1,196,3,medium,M,8,4516,0,No,43.1
3771,A,Ship,3,5,157,3,low,M,7,5100,0,No,43.5
3772,B,Ship,2,2,203,4,medium,M,10,5764,0,No,39.8
3773,C,Ship,3,5,156,8,medium,F,9,4733,1,No,43.0
3774,F,Ship,3,3,172,6,medium,F,5,5366,1,No,42.4
3775,D,Ship,4,2,204,2,low,F,1,4533,0,No,44.1
3776,F,Ship,4,2,283,7,high,F,9,5252,1,No,42.9
3777,A,Ship,4,4,257,10,medium,M,4,4710,0,No,42.9
3778,B,Ship,2,4,147,2,medium,M,3,5136,1,No,41.3
3779,C,Ship,4,2,229,3,low,F,6,5691,1,No,42.2
3780,F,Ship,2,1,111,2,low,F,1,4296,1,No,44.3
3781,D,Ship,3,3,231,2,high,F,8,5021,0,No,42.7
3782,F,Ship,4,1,197,3,low,F,6,5032,0,No,43.4
3783,A,Ship,4,1,157,2,medium,F,5,5647,0,No,42.4
3784,B,Ship,3,3,201,10,high,M,10,5281,0,No,41.0
3785,C,Ship,4,3,247,10,high,M,10,5644,0,No,42.7
3786,F,Ship,5,5,184,3,low,F,5,5045,0,No,45.1
3787,D,Ship,3,2,144,10,high,F,3,5000,0,No,42.4
3788,F,Ship,3,4,245,4,low,M,9,4139,0,No,39.7
3789,A,Ship,3,3,163,3,low,M,5,5638,0,No,43.2
3790,B,Ship,3,1,154,10,medium,F,3,4524,0,No,41.0
3791,C,Ship,4,2,245,2,low,M,8,5871,1,No,41.4
3792,F,Ship,3,3,268,10,medium,M,2,5626,1,No,41.0
3793,D,Ship,4,1,180,3,low,F,1,5677,0,No,43.3
3794,F,Ship,2,2,230,3,low,F,7,4889,0,No,41.7
3795,A,Ship,4,1,197,2,low,F,2,5685,0,No,41.7
3796,B,Ship,3,5,252,3,high,F,4,4248,0,No,43.7
3797,C,Ship,6,4,237,5,medium,F,10,5434,0,No,41.6
3798,F,Ship,4,2,182,3,medium,M,7,4710,1,No,43.5
3799,D,Ship,5,1,241,3,high,M,8,5306,1,No,45.1
3800,F,Ship,4,3,247,2,medium,F,3,4862,1,No,42.9
3801,A,Ship,5,4,156,4,low,M,1,5533,1,No,42.8
3802,B,Ship,5,2,189,3,low,F,1,5965,0,No,44.9
3803,C,Ship,4,1,240,4,low,F,7,5905,1,No,45.0
3804,F,Ship,3,4,196,3,medium,M,8,5204,0,No,43.3
3805,D,Ship,3,3,157,3,low,M,9,5807,1,No,44.5
3806,F,Ship,2,1,203,4,medium,F,4,4145,0,No,40.3
3807,A,Ship,3,2,156,8,medium,M,6,5637,1,No,43.4
3808,B,Ship,3,4,172,6,medium,F,1,4618,0,No,41.2
3809,C,Ship,4,1,204,2,low,M,7,5795,0,No,43.8
3810,F,Road,4,3,283,7,high,F,1,4216,1,No,41.3
3811,D,Road,4,3,257,10,medium,F,3,5881,1,No,43.3
3812,F,Road,2,5,147,2,medium,F,8,5499,0,No,41.0
3813,A,Road,4,3,229,3,low,M,5,5225,1,No,43.2
3814,B,Road,2,5,111,2,low,M,4,4473,1,No,42.0
3815,C,Road,3,4,231,2,high,F,6,4452,0,No,42.8
3816,F,Road,4,2,197,3,low,M,2,4113,1,Yes,51.2
3817,D,Road,4,4,157,2,medium,M,8,5398,0,No,42.7
3818,F,Road,3,4,201,10,high,F,7,4699,0,No,42.8
3819,A,Road,4,3,247,10,high,M,10,5882,0,No,40.6
3820,B,Road,5,5,184,3,low,F,2,5800,0,No,47.5
3821,C,Road,3,4,144,10,high,M,8,4440,0,No,41.9
3822,F,Road,3,4,245,4,low,M,4,5186,1,No,41.7
3823,D,Road,3,5,163,3,low,M,5,4570,0,No,43.4
3824,F,Road,3,3,154,10,medium,F,1,5235,1,No,39.3
3825,A,Road,4,2,245,2,low,M,1,5978,0,No,44.3
3826,B,Road,3,2,268,10,medium,M,9,4483,0,No,40.7
3827,C,Road,4,3,180,3,low,M,7,5718,0,No,44.2
3828,F,Road,3,3,182,4,low,M,10,1690,1,Yes,54.6
3829,D,Road,4,2,164,2,low,F,7,1116,0,Yes,80.5
3830,F,Road,6,4,136,3,low,M,2,1187,0,Yes,73.2
3831,A,Road,6,2,290,5,medium,M,8,1512,1,No,46.1
3832,B,Flight,6,1,134,3,medium,M,10,1278,1,Yes,77.8
3833,C,Flight,4,1,215,3,low,F,2,5563,1,No,43.3
3834,F,Flight,4,4,213,4,low,M,2,5857,1,No,42.7
3835,D,Flight,5,2,132,3,medium,F,4,4475,1,No,45.5
3836,F,Flight,3,5,220,4,low,M,2,4313,0,No,41.6
3837,A,Flight,3,4,215,2,low,F,8,5683,0,No,41.6
3838,B,Flight,6,5,212,2,low,F,5,4804,1,No,44.9
3839,C,Flight,4,1,190,4,medium,F,5,5570,1,No,41.1
3840,F,Flight,5,2,171,3,low,M,3,4749,1,No,45.4
3841,D,Flight,4,2,153,2,medium,F,4,4069,1,Yes,51.5
3842,F,Flight,3,1,164,3,medium,M,2,5488,0,No,43.6
3843,A,Flight,5,4,172,2,low,M,5,4554,1,No,44.0
3844,B,Flight,3,1,199,6,medium,F,7,4805,0,No,42.7
3845,C,Flight,3,2,163,3,medium,M,6,4323,0,No,43.6
3846,F,Flight,5,2,263,3,low,M,9,4699,1,No,44.9
3847,D,Flight,3,4,156,3,medium,M,7,4636,0,No,43.5
3848,F,Flight,4,3,206,4,low,M,1,4596,1,No,41.8
3849,A,Flight,3,4,224,2,low,M,8,4162,0,No,42.5
3850,B,Flight,3,3,221,2,medium,F,5,4205,1,No,43.8
3851,C,Flight,4,3,221,4,low,F,1,4865,0,No,42.1
3852,F,Flight,2,3,263,3,medium,F,10,4779,0,No,42.4
3853,D,Flight,6,4,148,4,low,F,10,5088,0,No,41.4
3854,F,Ship,3,3,232,3,low,F,9,5016,1,No,43.2
3855,A,Ship,3,1,139,3,medium,F,3,5847,1,No,42.9
3856,B,Ship,3,3,185,4,low,F,6,4015,0,Yes,55.9
3857,C,Ship,3,2,183,3,medium,M,9,4282,0,No,44.0
3858,F,Ship,5,1,245,2,medium,F,2,4882,1,No,44.8
3859,D,Ship,3,3,159,4,medium,M,9,4214,0,No,39.7
3860,F,Ship,5,2,249,3,medium,M,6,5212,0,No,44.9
3861,A,Ship,4,5,233,2,medium,M,10,5865,1,No,40.4
3862,B,Ship,4,5,226,2,high,M,2,5881,1,No,44.0
3863,C,Ship,5,1,152,3,medium,F,6,4735,0,No,45.5
3864,F,Ship,2,4,143,6,medium,F,1,5514,0,No,37.6
3865,D,Ship,6,2,218,6,medium,M,1,4558,1,No,43.1
3866,F,Ship,3,4,209,3,medium,M,2,4976,0,No,43.8
3867,A,Ship,2,2,157,2,medium,M,9,5875,0,No,40.1
3868,B,Ship,4,3,218,2,medium,M,6,4414,1,No,42.9
3869,C,Ship,4,3,235,3,high,F,10,4172,0,No,42.7
3870,F,Ship,5,5,253,2,medium,F,2,4364,0,No,45.0
3871,D,Ship,3,2,211,3,high,M,7,4145,1,No,43.7
3872,F,Ship,4,2,265,4,medium,M,3,4283,1,No,41.3
3873,A,Ship,4,2,201,3,medium,M,7,5967,1,No,42.7
3874,B,Ship,4,5,216,3,medium,M,1,5167,1,No,44.7
3875,C,Ship,2,5,176,3,low,F,4,5463,0,No,41.7
3876,F,Ship,4,5,155,3,medium,M,8,4924,0,No,43.5
3877,D,Ship,4,4,266,2,low,F,2,4290,0,No,43.2
3878,F,Ship,4,3,250,6,medium,M,7,5115,1,No,42.4
3879,A,Ship,5,2,205,4,low,M,6,5486,0,No,41.3
3880,B,Ship,5,2,175,3,low,M,1,4019,0,Yes,54.3
3881,C,Ship,3,2,260,4,high,F,3,4423,0,No,41.5
3882,F,Ship,3,2,157,3,high,F,1,5398,0,No,44.8
3883,D,Ship,5,3,282,3,medium,M,5,4644,1,No,45.2
3884,F,Ship,3,4,238,3,medium,F,8,5337,1,No,43.6
3885,A,Ship,3,4,187,2,medium,M,4,5139,1,No,42.9
3886,B,Ship,3,3,104,5,low,F,5,4643,0,No,41.9
3887,C,Ship,5,4,230,3,low,M,1,4727,0,No,46.4
3888,F,Ship,4,3,174,2,low,M,10,5554,0,No,42.1
3889,D,Ship,5,3,237,2,medium,M,3,5113,0,No,44.4
3890,F,Ship,3,1,202,2,medium,F,7,4506,1,No,42.5
3891,A,Ship,3,1,204,3,medium,M,4,5900,1,No,43.8
3892,B,Ship,3,4,243,2,high,M,7,4024,0,Yes,57.4
3893,C,Ship,4,1,165,2,medium,F,5,5014,1,No,42.6
3894,F,Ship,2,4,169,4,low,F,3,4968,1,No,40.1
3895,D,Ship,2,3,197,3,low,F,7,4632,0,No,41.6
3896,F,Ship,5,5,263,2,medium,M,8,4350,0,No,44.5
3897,A,Ship,4,1,247,2,low,M,3,4113,0,Yes,50.7
3898,B,Ship,4,4,207,3,low,M,9,4314,0,No,44.0
3899,C,Ship,4,4,155,2,medium,F,9,4932,1,No,42.3
3900,F,Ship,4,5,174,2,low,M,10,5764,0,No,44.1
3901,D,Ship,3,2,220,3,medium,M,8,4148,0,No,43.3
3902,F,Ship,5,5,192,3,medium,M,5,4942,1,No,45.0
3903,A,Ship,5,3,231,3,medium,F,2,4735,0,No,45.6
3904,B,Ship,4,1,237,3,low,F,10,5381,0,No,43.2
3905,C,Ship,4,1,187,3,medium,M,8,5872,0,No,42.1
3906,F,Ship,5,4,141,4,high,F,5,5444,1,No,41.6
3907,D,Ship,4,4,272,5,low,F,3,5243,0,No,41.5
3908,F,Ship,3,1,229,3,low,M,5,4971,1,No,43.8
3909,A,Ship,4,2,173,2,medium,M,9,4307,0,No,42.7
3910,B,Ship,2,1,271,2,low,M,7,5875,0,No,39.5
3911,C,Ship,4,5,246,3,medium,F,7,4956,0,No,43.4
3912,F,Ship,4,3,104,4,medium,M,3,4548,0,No,41.0
3913,D,Ship,4,4,121,5,low,F,8,4233,1,No,41.5
3914,F,Ship,3,3,212,3,medium,F,10,5935,0,No,41.9
3915,A,Ship,3,1,139,5,medium,F,5,4572,0,No,41.8
3916,B,Ship,3,4,250,3,low,M,10,5688,0,No,42.4
3917,C,Ship,4,4,272,2,low,M,10,4826,1,No,42.4
3918,F,Ship,6,1,160,5,medium,M,8,5982,0,No,41.6
3919,D,Ship,5,1,170,4,low,F,4,4855,1,No,41.8
3920,F,Ship,4,1,260,2,low,F,1,5001,1,No,44.6
3921,A,Ship,2,1,168,3,low,F,7,4008,0,Yes,64.0
3922,B,Ship,4,2,261,2,medium,M,7,5764,0,No,44.5
3923,C,Ship,5,4,117,3,medium,F,4,5332,0,No,44.9
3924,F,Ship,4,2,151,4,medium,F,5,5469,0,No,41.1
3925,D,Ship,5,1,181,2,medium,F,4,5578,1,No,44.1
3926,F,Ship,6,1,251,4,low,M,2,5656,0,No,43.0
3927,A,Ship,2,3,178,3,medium,F,8,4451,1,No,43.4
3928,B,Ship,3,1,227,3,low,M,10,4305,1,No,43.8
3929,C,Ship,4,3,206,4,medium,M,1,4812,1,No,42.1
3930,F,Ship,4,4,181,4,low,M,4,5767,0,No,42.9
3931,D,Ship,4,5,117,5,medium,F,1,4378,0,No,42.6
3932,F,Ship,2,4,187,6,medium,F,9,4388,0,No,42.7
3933,A,Ship,5,3,219,4,medium,M,5,4096,0,No,48.7
3934,B,Ship,6,3,280,3,low,M,7,4620,1,No,45.7
3935,C,Ship,6,5,178,3,low,F,5,4096,0,Yes,51.7
3936,F,Ship,3,1,139,2,medium,M,3,4226,0,No,43.4
3937,D,Ship,3,5,137,2,low,F,6,5709,1,No,43.1
3938,F,Ship,5,3,248,2,low,F,6,5863,1,No,42.8
3939,A,Ship,3,5,259,3,low,F,10,5978,0,No,41.5
3940,B,Ship,4,5,139,3,medium,M,5,5126,0,No,43.3
3941,C,Ship,3,5,267,2,medium,M,4,4703,0,No,42.9
3942,F,Ship,3,5,271,4,medium,M,1,5852,1,No,43.4
3943,D,Ship,5,1,181,4,medium,F,4,5505,0,No,41.6
3944,F,Ship,4,5,222,2,medium,M,2,4425,0,No,43.3
3945,A,Ship,3,5,159,2,medium,M,6,5804,0,No,43.9
3946,B,Ship,3,4,238,2,medium,M,3,4930,0,No,43.0
3947,C,Road,5,3,256,6,medium,F,5,5614,1,No,42.4
3948,F,Road,4,2,202,3,low,M,9,4955,0,No,43.2
3949,D,Road,4,1,258,3,medium,M,2,4188,0,No,44.7
3950,F,Road,4,5,174,3,medium,F,8,5576,0,No,43.6
3951,A,Road,4,3,270,2,low,M,7,5814,0,No,42.4
3952,B,Road,4,1,215,3,low,M,9,4551,0,No,43.0
3953,C,Road,3,1,254,4,medium,M,9,4571,0,No,41.2
3954,F,Road,6,4,253,2,low,F,9,5972,0,No,41.5
3955,D,Road,3,2,269,4,medium,M,1,5797,0,No,44.9
3956,F,Road,4,1,224,5,low,F,7,5738,0,No,43.2
3957,A,Road,3,1,157,3,medium,M,1,4391,0,No,44.8
3958,B,Road,3,3,250,3,low,F,5,4625,0,No,43.7
3959,C,Road,6,1,132,4,medium,M,5,5235,1,No,42.3
3960,F,Road,5,2,256,3,medium,M,6,5604,1,No,44.9
3961,D,Road,4,2,237,3,low,M,1,5114,0,No,44.7
3962,F,Road,5,1,199,2,medium,M,7,4660,1,No,44.8
3963,A,Road,3,4,186,3,medium,M,7,4536,0,No,43.3
3964,B,Road,4,5,213,3,medium,F,7,4114,0,Yes,52.7
3965,C,Road,3,1,260,2,medium,F,6,4332,0,No,42.6
3966,F,Road,6,1,247,3,low,M,1,4637,1,No,47.1
3967,D,Road,4,3,178,2,medium,F,9,4322,1,No,43.1
3968,F,Road,3,1,135,2,low,M,7,5682,0,No,41.9
3969,A,Flight,3,3,234,3,medium,F,3,4187,1,No,44.3
3970,B,Flight,4,5,214,3,high,F,1,4004,0,Yes,58.5
3971,C,Flight,4,1,174,3,low,F,8,5549,0,No,43.6
3972,F,Flight,5,5,262,2,medium,M,8,4283,0,No,45.2
3973,D,Flight,4,1,180,3,high,F,5,4346,0,No,43.4
3974,F,Flight,5,2,165,2,medium,F,6,4819,1,No,44.4
3975,A,Flight,4,1,150,3,low,F,10,4470,0,No,43.3
3976,B,Flight,5,4,227,2,low,F,9,5706,1,No,43.5
3977,C,Flight,5,1,220,3,medium,M,8,5727,1,No,45.7
3978,F,Flight,5,5,255,2,medium,M,1,4604,1,No,45.7
3979,D,Flight,3,2,202,2,medium,M,5,5135,1,No,42.6
3980,F,Flight,4,4,261,3,medium,M,2,4140,0,No,42.1
3981,A,Flight,5,3,244,2,low,M,5,4713,0,No,44.3
3982,B,Flight,4,2,173,3,medium,F,1,5128,0,No,44.7
3983,C,Flight,3,2,224,3,medium,M,1,5343,1,No,44.8
3984,F,Flight,4,4,263,2,medium,M,2,5797,1,No,45.7
3985,D,Flight,5,1,160,5,low,F,1,4672,0,No,43.1
3986,F,Flight,6,2,106,5,low,M,9,4038,1,Yes,50.6
3987,A,Flight,3,2,227,2,medium,M,9,4659,0,No,42.3
3988,B,Flight,3,5,257,2,low,M,2,5251,1,No,43.4
3989,C,Flight,3,1,155,3,medium,F,6,5113,1,No,43.4
3990,F,Flight,3,4,212,3,low,F,8,5214,0,No,43.6
3991,D,Ship,6,3,205,3,low,M,10,4996,0,No,44.1
3992,F,Ship,3,4,211,3,low,F,6,5890,0,No,42.6
3993,A,Ship,5,4,178,5,low,F,9,4729,1,No,42.2
3994,B,Ship,3,3,221,3,high,M,5,4568,1,No,43.4
3995,C,Ship,3,3,253,4,low,F,9,4682,1,No,41.3
3996,F,Ship,3,1,185,2,medium,M,8,5430,1,No,42.7
3997,D,Ship,3,3,160,2,high,M,6,5667,0,No,42.4
3998,F,Ship,3,4,173,2,low,M,5,4402,0,No,43.3
3999,A,Ship,3,3,256,3,medium,M,8,4070,0,Yes,51.3
4000,B,Ship,3,4,134,3,high,F,6,5680,0,No,42.4
4001,C,Ship,4,5,160,6,low,F,4,4684,1,No,41.8
4002,F,Ship,2,3,205,3,low,M,1,5137,0,No,42.2
4003,D,Ship,4,1,202,3,low,M,4,4029,0,Yes,53.4
4004,F,Ship,2,2,158,3,medium,F,2,4153,0,No,43.1
4005,A,Ship,4,3,233,3,medium,M,4,5259,0,No,43.3
4006,B,Ship,3,3,163,2,high,F,10,5364,1,No,42.3
4007,C,Ship,4,4,202,4,medium,M,4,4053,0,No,46.0
4008,F,Ship,5,2,229,3,low,M,1,5189,1,No,46.1
4009,D,Ship,5,4,120,4,high,M,1,4183,0,No,43.5
4010,F,Ship,5,1,185,2,medium,F,10,5973,1,No,41.8
4011,A,Ship,2,5,154,3,medium,F,1,4377,0,No,42.0
4012,B,Ship,2,4,238,3,medium,M,4,5782,1,No,43.2
4013,C,Ship,4,2,179,3,low,M,3,5284,0,No,43.3
4014,F,Ship,4,5,237,2,medium,F,10,4963,0,No,42.3
4015,D,Ship,4,1,234,3,low,F,8,4996,0,No,43.5
4016,F,Ship,2,5,116,3,low,F,1,4091,1,Yes,54.1
4017,A,Ship,4,5,157,4,low,F,8,4344,1,No,41.8
4018,B,Ship,4,2,151,3,medium,M,8,4390,1,No,43.9
4019,C,Ship,3,5,160,3,medium,F,1,5062,0,No,45.0
4020,F,Ship,3,5,226,3,low,M,8,5203,1,No,43.3
4021,D,Ship,2,5,254,3,low,M,6,5684,0,No,40.5
4022,F,Ship,3,5,194,3,low,M,8,5726,1,No,44.4
4023,A,Ship,5,5,194,4,medium,F,4,4003,0,Yes,62.1
4024,B,Ship,3,4,175,3,low,M,6,5503,0,No,43.2
4025,C,Ship,4,1,228,2,medium,F,9,4091,0,Yes,50.6
4026,F,Ship,3,3,240,3,low,F,4,5056,1,No,43.5
4027,D,Ship,2,1,166,3,medium,F,8,4255,1,No,43.5
4028,F,Ship,4,5,249,2,medium,F,10,4562,0,No,42.1
4029,A,Ship,4,1,261,3,medium,M,7,4314,1,No,44.6
4030,B,Ship,4,1,209,2,low,F,10,5066,0,No,42.3
4031,C,Ship,3,2,154,2,medium,M,4,5864,0,No,41.5
4032,F,Ship,6,5,98,3,low,F,8,5946,0,No,43.9
4033,D,Ship,3,5,193,3,medium,M,2,4784,0,No,43.9
4034,F,Ship,3,5,169,3,low,F,6,5397,0,No,43.2
4035,A,Ship,5,4,227,2,medium,M,3,5904,0,No,44.7
4036,B,Ship,3,3,150,2,medium,M,6,4170,1,No,43.1
4037,C,Ship,5,4,260,6,medium,M,8,5440,1,No,43.0
4038,F,Ship,5,5,243,6,medium,F,9,4587,0,No,41.6
4039,D,Ship,2,4,271,8,medium,F,10,4183,0,No,37.5
4040,F,Ship,4,3,129,6,medium,F,5,5626,0,No,42.1
4041,A,Ship,3,2,228,3,medium,F,4,4208,0,No,44.1
4042,B,Ship,5,5,243,2,low,M,9,4669,1,No,43.7
4043,C,Ship,2,3,187,3,medium,F,6,5547,0,No,41.6
4044,F,Ship,3,3,185,3,medium,F,10,4387,0,No,43.5
4045,D,Ship,2,1,228,3,high,F,1,5500,1,No,42.0
4046,F,Ship,5,1,248,8,low,F,2,4023,1,Yes,64.1
4047,A,Ship,4,5,233,4,low,F,6,4652,0,No,40.7
4048,B,Ship,4,3,151,3,medium,F,8,4025,1,Yes,57.2
4049,C,Ship,5,2,160,3,high,M,3,4599,0,No,44.9
4050,F,Ship,3,5,265,3,medium,M,4,4268,1,No,44.1
4051,D,Ship,3,3,229,7,high,F,4,5075,1,No,43.5
4052,F,Ship,6,3,144,7,high,F,8,5646,1,No,44.3
4053,A,Ship,3,5,172,10,high,F,1,4929,1,No,39.2
4054,B,Ship,3,5,273,10,medium,F,5,4608,0,No,42.5
4055,C,Ship,3,3,182,4,low,M,7,1869,1,Yes,54.1
4056,F,Ship,4,3,164,2,low,F,3,1376,0,Yes,80.4
4057,D,Ship,3,1,240,3,low,F,4,5484,1,No,43.3
4058,F,Ship,2,1,166,3,medium,M,6,4280,0,No,43.7
4059,A,Ship,4,2,249,2,medium,F,7,5876,1,No,41.7
4060,B,Ship,4,3,261,3,medium,M,1,4590,0,No,44.0
4061,C,Ship,4,5,209,2,low,F,8,4047,0,Yes,54.5
4062,F,Ship,3,5,154,2,medium,M,6,4744,0,No,42.6
4063,D,Ship,6,3,98,3,low,F,8,4651,1,No,45.6
4064,F,Ship,3,5,193,3,medium,F,9,4982,0,No,43.2
4065,A,Ship,3,1,169,3,low,F,6,4081,1,Yes,51.1
4066,B,Ship,5,4,227,2,medium,M,10,4734,0,No,43.7
4067,C,Ship,3,5,150,2,medium,M,10,5944,0,No,41.8
4068,F,Ship,5,3,260,6,medium,F,10,4986,0,No,41.7
4069,D,Ship,5,4,243,6,medium,F,1,4170,1,No,43.8
4070,F,Ship,2,1,271,8,medium,F,5,4924,0,No,42.7
4071,A,Ship,4,4,129,6,medium,F,7,4873,1,No,42.4
4072,B,Ship,3,3,228,3,medium,F,8,4927,0,No,43.5
4073,C,Ship,5,3,243,2,low,F,9,4828,1,No,43.6
4074,F,Ship,2,1,187,3,medium,F,3,5922,0,No,43.0
4075,D,Ship,3,3,185,3,medium,M,4,4111,1,Yes,50.9
4076,F,Ship,2,3,228,3,high,M,5,4663,0,No,42.0
4077,A,Ship,5,2,248,8,low,F,10,4583,0,No,41.4
4078,B,Ship,4,5,233,4,low,F,6,4705,1,No,40.4
4079,C,Ship,4,5,151,3,medium,F,10,5275,0,No,43.2
4080,F,Ship,5,4,160,3,high,M,2,5876,0,No,44.9
4081,D,Ship,3,4,265,3,medium,F,7,5113,0,No,43.5
4082,F,Ship,3,2,229,7,high,M,3,5584,0,No,43.0
4083,A,Ship,6,2,144,7,high,M,1,5501,0,No,43.6
4084,B,Road,3,4,172,10,high,M,9,4883,0,No,41.8
4085,C,Road,3,3,273,10,medium,F,10,5574,1,No,40.7
4086,F,Road,3,5,182,4,low,M,6,1272,1,Yes,53.4
4087,D,Road,4,4,164,2,low,F,9,1949,1,Yes,81.1
4088,F,Road,3,5,268,2,medium,M,5,1707,0,Yes,83.1
4089,A,Road,3,3,218,4,medium,F,4,1678,1,Yes,54.4
4090,B,Road,5,3,236,2,medium,M,6,1329,1,Yes,79.0
4091,C,Road,3,4,188,4,low,M,2,1059,1,Yes,55.7
4092,F,Road,4,2,277,5,medium,F,8,1335,0,No,47.0
4093,D,Road,6,1,127,3,low,F,8,5976,1,No,43.1
4094,F,Road,5,1,143,3,low,M,5,5146,1,No,45.1
4095,A,Road,6,1,192,6,medium,M,7,4014,1,Yes,64.3
4096,B,Road,4,2,239,2,medium,F,9,4360,0,No,42.6
4097,C,Road,3,5,215,3,low,M,4,4828,1,No,43.6
4098,F,Road,6,1,139,5,medium,M,1,4243,0,No,44.8
4099,D,Road,3,2,250,3,medium,F,4,5361,0,No,43.3
4100,F,Road,3,1,187,3,medium,F,1,5541,0,No,44.6
4101,A,Road,2,1,151,3,low,F,5,5982,1,No,44.0
4102,B,Road,3,5,181,3,medium,M,9,4191,0,No,42.9
4103,C,Road,4,4,170,5,low,M,5,4823,1,No,41.5
4104,F,Road,4,3,139,3,low,F,1,4986,0,No,44.6
4105,D,Road,4,4,186,2,low,F,1,4519,0,No,44.1
4106,F,Flight,3,2,273,3,medium,F,2,4948,0,No,43.8
4107,A,Flight,6,1,274,5,low,F,8,4292,1,No,43.0
4108,B,Flight,3,5,108,2,low,F,10,5559,1,No,42.0
4109,C,Flight,3,5,132,3,medium,F,4,4212,0,No,44.1
4110,F,Flight,4,1,223,3,medium,F,4,4972,1,No,43.4
4111,D,Flight,3,2,240,3,medium,M,2,4804,0,No,43.9
4112,F,Flight,3,5,106,2,low,F,3,5615,0,No,42.8
4113,A,Flight,5,4,143,5,medium,F,5,4393,1,No,42.3
4114,B,Flight,5,1,238,2,medium,M,5,5441,1,No,43.9
4115,C,Flight,2,1,156,3,medium,M,3,5937,0,No,43.0
4116,F,Flight,4,2,203,3,low,F,9,5296,1,No,43.4
4117,D,Flight,3,4,259,4,medium,F,5,4564,1,No,41.6
4118,F,Flight,4,4,225,3,low,M,10,4486,0,No,43.1
4119,A,Flight,4,5,154,3,medium,F,9,5208,0,No,43.1
4120,B,Flight,5,2,227,3,medium,M,2,4058,1,Yes,53.6
4121,C,Flight,4,3,208,2,medium,F,1,5826,0,No,45.7
4122,F,Flight,5,3,255,3,medium,F,8,5983,0,No,46.2
4123,D,Flight,4,1,218,2,low,M,7,4597,0,No,42.1
4124,F,Flight,3,5,184,3,medium,M,1,4161,0,No,45.4
4125,A,Flight,4,1,233,2,low,M,7,4403,1,No,43.2
4126,B,Flight,3,5,230,4,medium,F,2,5916,1,No,48.1
4127,C,Flight,4,3,249,3,low,M,5,5017,1,No,43.3
4128,F,Ship,5,2,176,4,low,M,2,4893,0,No,42.4
4129,D,Ship,4,2,272,4,low,M,3,5566,0,No,41.1
4130,F,Ship,4,4,192,2,low,M,7,4151,0,No,42.9
4131,A,Ship,6,3,100,4,low,M,3,5756,0,No,44.1
4132,B,Ship,2,1,271,6,low,F,2,4237,1,No,41.4
4133,C,Ship,4,5,165,3,high,M,5,4735,0,No,43.3
4134,F,Ship,3,4,124,4,medium,F,10,5011,0,No,40.6
4135,D,Ship,4,1,193,4,low,F,4,4796,0,No,41.3
4136,F,Ship,3,2,156,3,medium,M,2,4681,0,No,43.9
4137,A,Ship,5,3,170,3,medium,M,10,4198,0,No,45.3
4138,B,Ship,2,3,243,5,medium,M,5,4750,1,No,40.8
4139,C,Ship,3,4,163,2,low,F,7,5720,0,No,43.6
4140,F,Ship,4,3,201,2,low,F,4,4955,1,No,42.8
4141,D,Ship,3,5,232,3,low,M,10,5333,0,No,43.2
4142,F,Ship,3,3,214,3,medium,F,2,4964,1,No,43.8
4143,A,Ship,3,1,149,2,medium,F,7,4147,1,No,42.8
4144,B,Ship,3,4,122,3,high,F,10,4880,0,No,43.1
4145,C,Ship,3,3,253,4,low,M,2,5040,1,No,42.0
4146,F,Ship,2,5,123,4,medium,M,8,4042,0,No,47.4
4147,D,Ship,4,3,261,3,medium,F,2,4028,0,Yes,53.4
4148,F,Ship,5,1,235,3,low,F,7,5061,0,No,45.4
4149,A,Ship,2,3,141,4,medium,M,8,4702,0,No,39.9
4150,B,Ship,3,1,241,2,low,M,8,5602,1,No,42.7
4151,C,Ship,4,1,253,2,low,F,9,4299,0,No,42.7
4152,F,Ship,4,4,177,2,low,F,6,5116,0,No,42.6
4153,D,Ship,5,4,160,3,high,M,10,5527,0,No,43.9
4154,F,Ship,3,4,134,3,low,F,9,4436,0,No,43.6
4155,A,Ship,5,2,258,2,medium,F,4,5965,0,No,43.5
4156,B,Ship,5,3,188,2,low,M,6,4840,0,No,44.4
4157,C,Ship,5,2,270,3,medium,F,5,5950,1,No,45.1
4158,F,Ship,3,1,243,2,medium,M,10,5460,0,No,42.3
4159,D,Ship,2,4,100,4,low,M,3,5398,0,No,39.9
4160,F,Ship,3,3,134,4,medium,M,7,5370,1,No,42.4
4161,A,Ship,4,2,255,3,medium,M,3,4562,1,No,43.0
4162,B,Ship,3,3,260,2,low,M,8,5382,0,No,42.7
4163,C,Ship,5,5,265,3,low,M,6,4423,1,No,46.2
4164,F,Ship,2,5,221,3,low,M,2,5847,0,No,40.5
4165,D,Ship,5,4,157,4,low,M,9,4840,0,No,41.6
4166,F,Ship,4,3,222,3,low,F,8,4861,0,No,43.6
4167,A,Ship,5,2,179,3,low,M,7,5496,0,No,45.4
4168,B,Ship,3,2,231,3,low,F,5,5046,0,No,43.4
4169,C,Ship,3,5,228,2,low,M,6,5893,0,No,42.4
4170,F,Ship,2,5,264,2,low,M,9,5898,1,No,42.8
4171,D,Ship,4,3,170,3,medium,F,2,5330,1,No,43.3
4172,F,Ship,3,2,159,2,medium,F,3,4876,0,No,43.0
4173,A,Ship,3,3,166,3,high,M,6,5089,1,No,43.4
4174,B,Ship,3,2,234,2,medium,M,8,4012,1,Yes,69.5
4175,C,Ship,6,1,215,5,medium,F,5,4362,0,No,42.7
4176,F,Ship,3,2,179,2,high,F,8,5589,0,No,42.7
4177,D,Ship,3,3,180,3,medium,M,8,5953,1,No,43.5
4178,F,Ship,4,5,149,3,low,M,9,4953,1,No,43.2
4179,A,Ship,3,2,150,3,low,M,1,5825,0,No,45.3
4180,B,Ship,4,1,155,3,low,F,4,5666,0,No,43.0
4181,C,Ship,4,5,199,2,medium,M,4,4762,0,No,42.9
4182,F,Ship,4,5,169,2,low,F,10,4248,0,No,41.6
4183,D,Ship,6,4,276,6,low,F,8,5037,0,No,43.0
4184,F,Ship,4,3,257,3,low,F,1,5843,0,No,44.8
4185,A,Ship,4,3,153,2,medium,M,1,4366,1,No,44.3
4186,B,Ship,5,5,228,4,low,M,6,4946,1,No,41.4
4187,C,Ship,4,4,133,2,medium,F,4,4724,0,No,42.9
4188,F,Ship,4,4,206,3,medium,F,10,4262,0,No,43.2
4189,D,Ship,4,5,263,5,low,M,9,5731,1,No,43.1
4190,F,Ship,4,1,190,2,medium,F,4,4501,0,No,42.9
4191,A,Ship,4,5,175,2,medium,M,4,4910,1,No,42.8
4192,B,Ship,3,3,272,3,low,M,2,4059,1,Yes,53.0
4193,C,Ship,4,1,111,4,medium,M,10,4711,0,No,40.2
4194,F,Ship,5,2,233,3,low,F,5,5756,1,No,46.5
4195,D,Ship,5,5,235,3,low,F,4,5325,0,No,44.9
4196,F,Ship,3,2,255,4,medium,M,5,4415,0,No,41.7
4197,A,Ship,4,3,216,2,low,F,6,4005,0,Yes,64.1
4198,B,Ship,4,4,266,3,medium,F,5,4641,0,No,43.3
4199,C,Ship,4,3,200,4,medium,F,7,4953,1,No,41.9
4200,F,Ship,3,3,194,3,medium,F,6,5721,1,No,44.2
4201,D,Ship,4,2,220,3,low,M,3,5020,0,No,43.5
4202,F,Ship,4,4,270,2,low,F,1,5148,1,No,44.6
4203,A,Ship,3,2,168,3,medium,M,2,4231,0,No,45.0
4204,B,Ship,4,5,172,4,medium,M,8,5900,1,No,43.0
4205,C,Ship,4,5,168,3,high,F,4,4759,1,No,43.4
4206,F,Ship,5,2,243,3,low,M,4,5415,0,No,44.9
4207,D,Ship,3,3,181,3,low,F,1,5094,1,No,45.0
4208,F,Ship,3,5,167,2,low,F,2,4141,0,No,42.5
4209,A,Ship,4,2,224,3,low,F,3,5967,0,No,42.6
4210,B,Ship,5,4,252,3,medium,M,6,5221,0,No,45.1
4211,C,Ship,4,3,266,3,medium,M,8,4493,0,No,43.2
4212,F,Ship,4,3,144,2,low,F,5,4882,0,No,42.6
4213,D,Ship,3,5,222,3,low,M,4,5149,0,No,43.5
4214,F,Ship,4,4,199,3,low,M,10,5002,1,No,43.1
4215,A,Ship,3,1,214,3,medium,F,2,4958,0,No,43.8
4216,B,Ship,3,1,258,3,medium,F,2,5828,1,No,43.8
4217,C,Ship,3,5,194,4,low,M,1,5534,0,No,42.1
4218,F,Ship,5,2,201,3,low,M,2,5132,1,No,45.4
4219,D,Ship,3,5,243,3,medium,F,5,4383,0,No,44.2
4220,F,Ship,5,4,264,3,medium,M,2,5716,0,No,45.8
4221,A,Road,4,5,204,3,medium,F,4,5476,0,No,43.1
4222,B,Road,3,2,239,2,low,F,3,5099,1,No,43.0
4223,C,Road,5,4,168,4,medium,M,5,5580,0,No,41.6
4224,F,Road,5,4,229,2,medium,F,10,5001,0,No,43.2
4225,D,Road,2,4,246,2,medium,M,1,5374,1,No,41.8
4226,F,Road,4,4,217,2,low,M,6,4029,1,Yes,57.0
4227,A,Road,4,1,166,2,low,F,6,5737,0,No,43.7
4228,B,Road,4,3,159,2,high,M,3,5731,1,No,44.5
4229,C,Road,6,5,220,3,medium,M,1,5508,0,No,46.3
4230,F,Road,5,4,172,4,medium,F,10,4659,1,No,41.5
4231,D,Road,3,2,262,3,medium,M,2,5910,1,No,44.3
4232,F,Road,4,5,194,2,low,F,1,5300,1,No,44.4
4233,A,Road,3,1,232,2,medium,M,10,4719,0,No,42.2
4234,B,Road,4,5,259,3,medium,M,3,4741,1,No,43.5
4235,C,Road,4,3,259,3,low,F,1,4914,1,No,44.6
4236,F,Road,4,5,246,3,low,M,10,4616,1,No,42.7
4237,D,Road,3,4,247,2,medium,F,2,5016,1,No,43.4
4238,F,Road,2,1,137,3,low,M,1,4539,0,No,41.6
4239,A,Road,2,5,273,2,high,M,5,4236,0,No,43.7
4240,B,Road,5,2,152,3,high,F,5,5502,1,No,44.8
4241,C,Road,3,1,235,4,high,M,7,4833,1,No,42.3
4242,F,Road,4,2,212,3,low,F,3,4555,0,No,43.0
4243,D,Flight,5,4,286,5,low,F,3,5208,0,No,42.2
4244,F,Flight,4,2,151,2,medium,M,6,4987,0,No,42.6
4245,A,Flight,3,3,204,3,low,M,6,5296,1,No,43.2
4246,B,Flight,3,1,191,3,low,M,1,4705,0,No,44.9
4247,C,Flight,3,4,221,3,low,F,1,4518,1,No,44.6
4248,F,Flight,3,5,161,3,low,M,2,4475,0,No,43.8
4249,D,Flight,4,1,183,4,low,M,9,5157,0,No,41.4
4250,F,Flight,4,3,243,2,low,F,6,5892,0,No,42.5
4251,A,Flight,5,4,194,5,low,M,8,4038,1,Yes,53.7
4252,B,Flight,4,2,266,3,medium,M,4,4197,1,No,44.1
4253,C,Flight,4,3,249,4,medium,M,10,4933,0,No,40.5
4254,F,Flight,5,5,133,2,low,F,10,4398,0,No,44.2
4255,D,Flight,4,3,244,4,low,M,10,4118,1,No,46.1
4256,F,Flight,4,3,235,3,medium,F,6,4832,1,No,43.4
4257,A,Flight,3,1,166,2,low,F,10,5932,1,No,41.8
4258,B,Flight,4,2,239,2,low,F,10,4028,0,Yes,54.4
4259,C,Flight,4,4,141,3,low,M,7,4683,0,No,43.5
4260,F,Flight,2,5,168,2,low,F,1,4831,0,No,41.7
4261,D,Flight,4,2,203,3,low,F,4,5699,0,No,43.5
4262,F,Flight,5,1,171,4,medium,F,9,4418,1,No,41.6
4263,A,Flight,3,4,120,4,high,M,10,5537,0,No,40.6
4264,B,Flight,4,1,240,4,low,F,6,4811,0,No,40.9
4265,C,Ship,5,4,178,6,medium,M,10,5197,0,No,41.8
4266,F,Ship,3,4,237,3,high,F,9,5514,1,No,43.8
4267,D,Ship,3,2,169,3,low,F,3,5673,0,No,43.2
4268,F,Ship,4,1,169,4,low,F,10,4245,0,No,39.2
4269,A,Ship,4,4,201,2,medium,F,8,5790,0,No,43.8
4270,B,Ship,4,2,249,4,medium,M,4,5418,1,No,41.1
4271,C,Ship,5,3,101,5,medium,F,1,4014,1,Yes,62.9
4272,F,Ship,3,1,140,3,low,M,6,4488,1,No,43.3
4273,D,Ship,3,2,214,3,medium,M,1,5362,0,No,44.8
4274,F,Ship,5,2,196,3,medium,F,6,4257,0,No,46.7
4275,A,Ship,3,2,204,2,high,M,7,5961,0,No,42.3
4276,B,Ship,4,4,159,3,low,M,9,4265,1,No,43.9
4277,C,Ship,4,3,175,4,medium,F,4,5685,0,No,40.1
4278,F,Ship,4,1,163,2,low,F,3,4099,1,Yes,50.9
4279,D,Ship,6,2,271,10,medium,F,2,4145,0,No,41.6
4280,F,Ship,4,3,191,3,medium,M,1,4219,0,No,45.4
4281,A,Ship,4,5,135,3,medium,F,5,4515,0,No,42.9
4282,B,Ship,4,2,224,3,medium,F,3,4511,0,No,43.0
4283,C,Ship,3,1,142,2,low,F,5,4728,0,No,43.1
4284,F,Ship,6,1,246,6,low,F,9,5466,1,No,42.2
4285,D,Ship,5,5,165,4,medium,F,3,4242,0,No,41.9
4286,F,Ship,3,3,150,4,medium,F,8,4357,1,No,42.0
4287,A,Ship,3,5,170,7,low,F,7,4373,1,No,43.4
4288,B,Ship,2,3,147,3,low,F,5,5013,0,No,41.8
4289,C,Ship,4,2,151,3,medium,M,10,5698,0,No,43.4
4290,F,Ship,3,3,259,8,high,F,6,5939,0,No,48.3
4291,D,Ship,4,4,211,4,medium,M,8,4747,1,No,42.2
4292,F,Ship,4,1,249,10,medium,M,7,5580,1,No,44.1
4293,A,Ship,3,2,133,3,medium,M,1,5026,1,No,45.0
4294,B,Ship,4,2,258,3,high,M,10,4643,1,No,43.2
4295,C,Ship,3,4,253,3,high,F,8,5857,0,No,42.3
4296,F,Ship,6,5,185,3,high,F,1,5399,1,No,46.3
4297,D,Ship,3,4,268,2,medium,F,4,1442,1,Yes,82.9
4298,F,Ship,3,3,218,4,medium,M,8,1883,0,Yes,54.1
4299,A,Ship,3,5,140,3,low,M,9,4733,0,No,43.3
4300,B,Ship,3,3,214,3,medium,F,9,5856,0,No,41.8
4301,C,Ship,5,4,196,3,medium,M,2,5427,1,No,45.1
4302,F,Ship,3,2,204,2,high,F,2,5526,0,No,43.2
4303,D,Ship,4,1,159,3,low,M,4,4574,0,No,43.0
4304,F,Ship,4,3,175,4,medium,F,5,5177,1,No,41.3
4305,A,Ship,4,4,163,2,low,F,9,4720,0,No,42.4
4306,B,Ship,6,1,271,10,medium,M,5,5459,0,No,44.2
4307,C,Ship,4,3,191,3,medium,F,6,4563,0,No,42.9
4308,F,Ship,4,5,135,3,medium,F,6,5266,1,No,43.3
4309,D,Ship,4,3,224,3,medium,F,9,5283,1,No,43.4
4310,F,Ship,3,5,142,2,low,F,8,4914,0,No,42.6
4311,A,Ship,6,2,246,6,low,F,1,4846,0,No,42.8
4312,B,Ship,5,4,165,4,medium,M,7,5091,1,No,42.5
4313,C,Ship,3,5,150,4,medium,F,8,4433,0,No,42.0
4314,F,Ship,3,4,170,7,low,M,7,4957,1,No,43.6
4315,D,Ship,2,1,147,3,low,M,3,4120,1,Yes,52.9
4316,F,Ship,4,3,151,3,medium,F,6,5379,1,No,43.1
4317,A,Ship,3,2,259,8,high,M,3,4390,1,No,43.2
4318,B,Ship,4,5,211,4,medium,F,10,4004,0,Yes,58.3
4319,C,Ship,4,4,249,10,medium,F,2,4190,0,No,40.2
4320,F,Ship,3,5,133,3,medium,F,4,5902,0,No,43.8
4321,D,Ship,4,3,258,3,high,F,1,4653,0,No,44.6
4322,F,Ship,3,3,253,3,high,M,1,4263,1,No,45.7
4323,A,Ship,6,1,185,3,high,F,8,4806,0,No,45.5
4324,B,Ship,3,4,268,2,medium,M,8,1991,1,Yes,80.7
4325,C,Ship,4,1,277,5,medium,M,3,1527,1,No,48.4
4326,F,Ship,2,3,157,4,low,M,3,1203,1,Yes,55.3
4327,D,Ship,5,4,132,6,low,F,8,1327,1,No,46.6
4328,F,Ship,5,3,104,4,low,M,3,4885,1,No,42.1
4329,A,Ship,3,4,213,2,medium,F,6,5374,1,No,42.4
4330,B,Ship,5,2,172,2,high,F,1,5112,0,No,46.1
4331,C,Ship,5,2,168,4,low,M,10,5373,1,No,41.2
4332,F,Ship,5,5,192,3,medium,M,3,4015,1,Yes,55.2
4333,D,Ship,4,1,189,2,low,M,10,4646,0,No,42.4
4334,F,Ship,5,4,255,6,low,M,3,4638,0,No,42.1
4335,A,Ship,5,2,152,3,low,F,2,4172,0,No,46.3
4336,B,Ship,4,3,171,5,low,F,2,5242,1,No,41.8
4337,C,Ship,4,3,177,3,medium,F,4,4551,0,No,43.0
4338,F,Ship,3,2,160,3,low,F,4,4683,0,No,43.6
4339,D,Ship,4,4,233,4,low,M,3,5849,1,No,41.7
4340,F,Ship,3,2,216,3,low,F,10,4083,0,Yes,50.1
4341,A,Ship,5,3,222,3,low,F,6,4744,1,No,45.5
4342,B,Ship,5,3,260,2,low,M,10,5633,0,No,43.3
4343,C,Ship,5,1,239,2,low,M,5,5759,1,No,46.0
4344,F,Ship,4,4,204,2,medium,F,9,4462,0,No,42.4
4345,D,Ship,3,3,116,5,low,F,6,4524,0,No,40.9
4346,F,Ship,4,3,245,3,low,M,8,4826,0,No,43.6
4347,A,Ship,4,4,280,5,low,F,3,5034,0,No,41.5
4348,B,Ship,3,5,155,4,low,M,6,5386,0,No,41.2
4349,C,Ship,3,2,139,5,low,M,8,4595,0,No,41.8
4350,F,Ship,5,4,237,3,high,M,9,5401,0,No,44.5
4351,D,Ship,2,5,211,4,low,M,1,5673,0,No,38.7
4352,F,Ship,3,4,220,3,medium,F,5,5078,0,No,43.4
4353,A,Ship,5,1,134,2,low,M,8,5646,0,No,44.0
4354,B,Ship,3,2,208,2,low,F,7,4582,1,No,42.4
4355,C,Ship,5,3,198,4,medium,M,2,5316,0,No,42.2
4356,F,Ship,5,1,277,4,low,M,2,5496,0,No,42.2
4357,D,Ship,4,3,144,3,low,M,1,5881,0,No,45.0
4358,F,Road,5,1,201,3,low,M,4,5166,1,No,45.2
4359,A,Road,3,1,201,4,medium,F,9,5721,1,No,43.0
4360,B,Road,5,1,236,2,low,F,2,4987,1,No,44.7
4361,C,Road,4,5,142,2,low,M,2,5150,1,No,43.3
4362,F,Road,5,1,172,5,medium,F,1,4730,0,No,43.5
4363,D,Road,4,3,217,2,medium,F,2,5442,0,No,43.0
4364,F,Road,4,2,231,3,high,M,3,5112,0,No,43.5
4365,A,Road,3,1,200,2,low,F,5,4884,0,No,43.1
4366,B,Road,5,2,260,6,high,M,10,4087,1,No,47.5
4367,C,Road,2,5,216,3,medium,F,2,5098,0,No,41.3
4368,F,Road,5,1,215,2,low,M,3,4700,0,No,44.6
4369,D,Road,5,3,217,3,low,M,6,4934,1,No,45.1
4370,F,Road,3,5,244,3,low,M,3,4652,1,No,43.6
4371,A,Road,4,2,221,3,low,M,10,5632,0,No,43.2
4372,B,Road,4,1,207,2,medium,M,4,4099,0,Yes,51.3
4373,C,Road,3,3,190,3,medium,M,2,4468,1,No,43.8
4374,F,Road,3,5,199,4,low,M,7,4520,0,No,41.9
4375,D,Road,6,1,246,3,medium,M,7,4733,1,No,46.0
4376,F,Road,3,5,195,3,medium,F,10,5585,0,No,42.9
4377,A,Road,3,2,244,3,medium,M,10,4636,1,No,43.1
4378,B,Road,2,2,158,3,high,F,1,4149,0,No,44.4
4379,C,Road,4,2,254,4,low,F,4,5137,1,No,41.3
4380,F,Flight,3,1,236,2,medium,F,8,5591,0,No,42.7
4381,D,Flight,5,1,255,4,medium,M,9,4881,1,No,41.6
4382,F,Flight,3,1,224,2,low,M,9,4007,1,Yes,67.0
4383,A,Flight,2,2,204,4,high,M,5,5382,0,No,39.5
4384,B,Flight,3,3,150,2,medium,M,3,5836,0,No,43.0
4385,C,Flight,3,3,134,2,high,M,1,5646,0,No,43.9
4386,F,Flight,3,3,157,4,low,M,7,5974,1,No,45.0
4387,D,Flight,3,2,257,2,medium,F,1,4132,1,No,43.3
4388,F,Flight,5,2,165,3,medium,F,10,5598,0,No,44.1
4389,A,Flight,5,4,175,4,low,M,4,4505,0,No,42.1
4390,B,Flight,3,3,201,2,medium,F,8,5032,1,No,42.7
4391,C,Flight,3,3,175,2,medium,M,2,4814,0,No,43.5
4392,F,Flight,4,2,185,5,low,M,7,4694,1,No,41.6
4393,D,Flight,4,3,202,3,low,M,7,5678,1,No,42.8
4394,F,Flight,3,4,270,2,low,M,4,4681,0,No,42.9
4395,A,Flight,5,3,175,3,low,M,7,4833,1,No,45.7
4396,B,Flight,4,3,149,3,medium,F,3,4781,1,No,43.5
4397,C,Flight,3,1,223,3,medium,F,4,4495,1,No,43.3
4398,F,Flight,5,2,143,4,low,F,10,5400,0,No,41.2
4399,D,Flight,3,3,203,3,medium,M,7,4977,1,No,43.5
4400,F,Flight,4,4,165,6,low,F,5,4640,1,No,42.0
4401,A,Flight,4,3,255,6,low,M,3,4278,1,No,41.4
4402,B,Ship,4,3,218,2,low,F,7,4423,0,No,43.2
4403,C,Ship,4,2,193,2,medium,F,1,5909,0,No,46.2
4404,F,Ship,5,3,187,3,low,F,3,4343,0,No,45.7
4405,D,Ship,3,4,246,3,low,M,1,4020,1,Yes,55.3
4406,F,Ship,3,2,237,3,medium,F,10,5851,0,No,41.4
4407,A,Ship,3,3,269,3,medium,M,5,4197,1,No,44.7
4408,B,Ship,3,5,107,5,low,F,4,5624,0,No,41.7
4409,C,Ship,3,3,147,3,low,M,4,5805,0,No,44.6
4410,F,Ship,3,4,111,5,medium,F,1,4102,0,Yes,50.2
4411,D,Ship,3,5,197,3,medium,F,2,4018,1,Yes,55.3
4412,F,Ship,3,4,257,4,low,M,9,4537,0,No,41.1
4413,A,Ship,5,4,269,2,medium,F,2,5276,0,No,44.7
4414,B,Ship,3,2,224,2,medium,F,3,4405,0,No,43.1
4415,C,Ship,3,3,262,2,medium,F,10,5032,0,No,42.2
4416,F,Ship,5,3,181,3,high,M,7,5675,1,No,45.5
4417,D,Ship,3,5,159,3,medium,M,9,4555,0,No,43.0
4418,F,Ship,3,2,207,2,low,M,9,4671,0,No,42.3
4419,A,Ship,3,1,238,3,medium,F,5,4399,1,No,44.2
4420,B,Ship,2,3,239,3,high,M,1,5910,0,No,45.8
4421,C,Ship,4,5,206,2,low,F,10,4264,1,No,42.5
4422,F,Ship,4,1,159,4,low,M,5,5420,1,No,41.1
4423,D,Ship,3,4,207,2,medium,M,10,4706,0,No,42.2
4424,F,Ship,4,3,262,2,low,M,10,5524,1,No,42.7
4425,A,Ship,3,3,251,2,low,M,3,5168,0,No,43.0
4426,B,Ship,5,5,188,3,low,F,7,4485,1,No,46.3
4427,C,Ship,5,3,254,2,low,F,4,5014,0,No,44.3
4428,F,Ship,4,1,234,3,high,M,10,4375,0,No,43.6
4429,D,Ship,3,5,246,3,medium,F,2,5653,1,No,43.4
4430,F,Ship,4,2,158,3,low,M,3,4527,0,No,43.0
4431,A,Ship,4,1,220,3,medium,M,4,4314,0,No,44.0
4432,B,Ship,4,2,257,3,medium,M,8,5045,1,No,43.5
4433,C,Ship,4,4,143,2,medium,F,3,5630,1,No,42.5
4434,F,Ship,4,5,163,3,high,M,4,5863,0,No,41.8
4435,D,Ship,3,3,171,4,low,M,8,4502,0,No,42.1
4436,F,Ship,3,3,261,4,medium,F,7,4542,1,No,41.9
4437,A,Ship,3,4,212,3,medium,M,10,4663,0,No,43.1
4438,B,Ship,3,4,176,2,low,F,10,4920,0,No,42.1
4439,C,Ship,4,1,257,4,low,M,5,5875,1,No,40.6
4440,F,Ship,4,4,133,2,low,F,10,4768,1,No,42.4
4441,D,Ship,3,2,153,3,medium,F,3,5251,0,No,43.5
4442,F,Ship,6,4,218,6,medium,M,1,4625,1,No,43.3
4443,A,Ship,4,5,164,2,low,F,9,5453,0,No,42.4
4444,B,Ship,3,2,256,2,medium,F,9,4228,1,No,42.1
4445,C,Ship,2,2,150,2,medium,F,9,4917,1,No,41.5
4446,F,Ship,2,4,107,4,high,F,4,4451,1,No,40.8
4447,D,Ship,6,3,219,4,medium,M,6,4885,1,No,41.6
4448,F,Ship,6,1,237,5,high,M,2,5364,0,No,42.5
4449,A,Ship,5,1,246,2,low,F,4,5461,0,No,44.1
4450,B,Ship,4,3,198,3,medium,F,1,5846,1,No,44.8
4451,C,Ship,4,4,176,6,high,M,5,4494,1,No,41.7
4452,F,Ship,5,2,168,2,high,F,3,4928,0,No,44.4
4453,D,Ship,5,2,173,4,medium,M,4,5363,0,No,41.6
4454,F,Ship,4,4,106,2,low,F,10,5173,1,No,42.1
4455,A,Ship,3,1,171,2,medium,F,7,4010,1,Yes,68.7
4456,B,Ship,5,1,224,2,medium,M,4,5063,0,No,44.3
4457,C,Ship,4,2,216,4,medium,M,3,4887,1,No,41.3
4458,F,Ship,3,3,174,3,medium,F,2,4221,0,No,45.0
4459,D,Ship,4,4,261,6,medium,F,10,4596,1,No,40.5
4460,F,Ship,4,3,229,3,low,F,3,5027,0,No,43.5
4461,A,Ship,4,5,214,3,high,M,6,5646,0,No,43.2
4462,B,Ship,4,5,199,5,medium,M,8,5669,1,No,42.9
4463,C,Ship,5,4,182,3,medium,F,7,5677,1,No,45.1
4464,F,Ship,4,1,152,3,low,M,4,5299,0,No,43.2
4465,D,Ship,4,5,258,2,medium,M,6,5062,1,No,42.6
4466,F,Ship,6,2,182,3,low,M,7,4371,1,No,47.2
4467,A,Ship,2,4,166,3,low,M,8,4968,1,No,42.0
4468,B,Ship,2,3,176,3,low,F,6,5006,0,No,41.8
4469,C,Ship,3,1,193,3,medium,M,3,5154,0,No,43.6
4470,F,Ship,4,4,135,2,low,F,10,4508,1,No,42.1
4471,D,Ship,6,5,213,4,medium,F,3,5549,0,No,42.4
4472,F,Ship,5,5,168,3,low,F,6,4088,1,Yes,53.7
4473,A,Ship,3,3,264,3,medium,F,6,4247,1,No,44.0
4474,B,Ship,3,1,173,2,low,M,10,4115,1,No,48.4
4475,C,Ship,6,3,142,2,low,F,9,5360,1,No,43.9
4476,F,Ship,2,2,278,2,medium,F,9,4318,0,No,44.0
4477,D,Ship,3,3,197,2,medium,M,10,5255,0,No,42.3
4478,F,Ship,5,4,226,2,low,M,6,4547,0,No,44.2
4479,A,Ship,3,2,197,5,medium,F,9,4291,1,No,41.1
4480,B,Ship,4,5,189,2,medium,M,6,5439,1,No,42.4
4481,C,Ship,2,1,210,2,medium,F,6,5250,0,No,41.2
4482,F,Ship,5,2,149,2,medium,F,8,5396,0,No,44.0
4483,D,Ship,5,4,171,5,medium,M,1,5749,0,No,44.9
4484,F,Ship,5,3,243,3,medium,F,10,4524,1,No,44.7
4485,A,Ship,4,5,171,4,low,F,4,5265,0,No,41.3
4486,B,Ship,5,3,215,4,low,M,5,5915,1,No,46.5
4487,C,Ship,3,4,174,3,medium,F,4,4051,0,Yes,51.2
4488,F,Ship,6,4,210,5,medium,M,2,4651,0,No,42.6
4489,D,Ship,4,4,135,2,low,F,4,5112,0,No,42.8
4490,F,Ship,3,2,134,3,low,M,6,4778,1,No,43.4
4491,A,Ship,2,5,166,4,medium,F,3,4638,0,No,39.8
4492,B,Ship,5,1,174,3,low,M,10,4008,0,Yes,58.1
4493,C,Ship,4,4,252,4,medium,F,4,4832,0,No,41.3
4494,F,Ship,5,2,219,4,low,F,7,4787,1,No,42.7
4495,D,Road,4,5,244,2,medium,F,7,5325,1,No,42.7
4496,F,Road,5,5,132,3,low,M,5,4195,1,No,45.9
4497,A,Road,4,2,223,4,low,M,2,5709,0,No,42.9
4498,B,Road,3,4,260,4,low,F,10,4109,0,No,43.7
4499,C,Road,3,4,269,2,medium,M,6,5951,0,No,42.8
4500,F,Road,3,5,170,3,low,F,5,5064,0,No,43.4
4501,D,Road,2,5,170,5,low,F,10,5621,1,No,40.0
4502,F,Road,4,2,173,2,medium,M,2,5327,0,No,43.0
4503,A,Road,4,5,148,8,medium,M,6,5700,0,No,44.1
4504,B,Road,3,5,174,6,medium,F,7,4608,0,No,41.4
4505,C,Road,6,2,263,6,low,F,4,4591,1,No,42.2
4506,F,Road,4,4,142,10,high,F,7,5425,1,No,44.1
4507,D,Road,3,3,183,3,low,M,2,4363,0,No,43.9
4508,F,Road,6,1,174,10,medium,F,1,5784,1,No,43.9
4509,A,Road,4,1,140,3,low,M,4,5210,1,No,43.1
4510,B,Road,6,5,154,2,high,M,7,4359,1,No,46.3
4511,C,Road,4,2,108,10,medium,M,5,4645,0,No,43.3
4512,F,Road,5,2,198,3,low,F,8,4680,0,No,45.4
4513,D,Road,4,2,266,3,high,M,5,4831,1,No,43.3
4514,F,Road,4,4,197,5,low,M,8,4793,0,No,42.2
4515,A,Road,3,1,219,8,low,F,1,4122,1,Yes,51.0
4516,B,Road,2,4,255,7,low,F,9,5224,1,No,43.5
4517,C,Flight,3,1,255,7,low,F,3,4477,0,No,42.6
4518,F,Flight,5,4,219,4,low,F,8,4540,0,No,42.0
4519,D,Flight,4,4,244,2,medium,F,7,5543,1,No,42.7
4520,F,Flight,5,5,132,3,low,M,3,4263,0,No,45.9
4521,A,Flight,4,4,223,4,low,M,3,5613,0,No,41.2
4522,B,Flight,3,3,260,4,low,M,8,5595,1,No,42.4
4523,C,Flight,3,1,269,2,medium,M,6,5703,1,No,43.1
4524,F,Flight,3,1,170,3,low,M,3,4454,1,No,43.7
4525,D,Flight,2,4,170,5,low,M,10,5448,0,No,40.0
4526,F,Flight,4,5,173,2,medium,F,5,4776,1,No,42.6
4527,A,Flight,4,1,148,8,medium,M,5,4851,1,No,43.8
4528,B,Flight,3,1,174,6,medium,F,4,4910,1,No,42.5
4529,C,Flight,6,1,263,6,low,M,10,5826,0,No,39.5
4530,F,Flight,4,5,142,10,high,F,5,4147,1,No,44.0
4531,D,Flight,3,3,183,3,low,M,4,5322,0,No,43.3
4532,F,Flight,6,1,174,10,medium,M,7,4287,0,No,44.7
4533,A,Flight,4,5,140,3,low,F,7,5383,0,No,43.5
4534,B,Flight,6,3,154,2,high,M,7,4732,0,No,45.6
4535,C,Flight,4,5,108,10,medium,F,7,5928,1,No,48.1
4536,F,Flight,5,3,198,3,low,F,6,5061,1,No,45.2
4537,D,Flight,4,2,266,3,high,M,1,5532,1,No,44.4
4538,F,Flight,4,3,197,5,low,F,8,4209,1,No,41.0
4539,A,Ship,3,1,219,8,low,M,2,5334,0,No,43.1
4540,B,Ship,2,4,255,7,low,M,10,5875,0,No,38.4
4541,C,Ship,3,2,255,7,low,F,3,5936,0,No,48.7
4542,F,Ship,6,2,247,4,low,F,3,1752,0,No,48.1
4543,D,Ship,5,1,275,4,medium,F,6,1569,0,No,45.5
4544,F,Ship,6,5,291,4,low,M,3,1102,1,No,47.9
4545,A,Ship,6,4,265,4,low,F,9,1511,0,No,45.4
4546,B,Ship,7,1,250,5,medium,M,8,1776,0,No,47.4
4547,C,Ship,7,1,291,4,low,F,9,1880,1,No,45.6
4548,F,Ship,6,4,255,4,low,F,3,1569,1,No,48.0
4549,D,Ship,6,5,290,4,medium,F,3,1463,1,No,48.0
4550,F,Ship,5,5,276,4,low,F,7,1742,0,No,46.4
4551,A,Ship,4,3,149,3,medium,F,1,1448,1,Yes,82.1
4552,B,Ship,6,2,310,4,medium,F,5,1791,1,No,46.4
4553,C,Ship,7,5,273,4,low,F,7,1364,0,No,46.7
4554,F,Ship,6,3,244,4,low,F,5,1668,1,No,46.5
4555,D,Ship,6,4,275,4,low,F,4,1192,1,No,46.4
4556,F,Ship,7,2,308,4,low,F,7,1176,0,No,46.9
4557,A,Ship,6,5,264,4,low,M,6,1005,0,No,42.0
4558,B,Ship,6,2,256,5,medium,F,2,1449,1,No,48.3
4559,C,Ship,5,1,252,4,medium,M,4,1837,0,No,46.3
4560,F,Ship,6,2,244,4,low,F,4,1245,1,No,46.4
4561,D,Ship,6,1,280,4,medium,M,5,1431,0,No,46.4
4562,F,Ship,5,3,227,4,low,F,10,1317,1,No,46.0
4563,A,Ship,6,4,272,4,low,F,7,1706,1,No,46.5
4564,B,Ship,6,2,274,4,medium,M,8,1626,1,No,46.3
4565,C,Ship,6,3,310,4,low,F,2,1817,0,No,48.3
4566,F,Ship,6,2,282,5,medium,M,5,1818,1,No,46.3
4567,D,Ship,6,1,247,4,medium,F,10,1783,0,No,45.9
4568,F,Ship,4,2,262,4,low,M,2,5311,0,No,41.4
4569,A,Ship,3,3,213,3,medium,M,7,4133,0,No,42.1
4570,B,Ship,4,5,136,3,medium,M,7,4817,1,No,43.5
4571,C,Ship,3,5,134,2,low,F,4,5291,0,No,42.8
4572,F,Ship,2,2,171,2,medium,F,6,5105,0,No,41.2
4573,D,Ship,3,2,182,2,low,M,10,4391,1,No,42.4
4574,F,Ship,4,4,185,3,medium,M,9,4469,0,No,43.4
4575,A,Ship,4,2,271,3,medium,F,4,5902,0,No,43.7
4576,B,Ship,4,1,166,5,low,F,1,5463,1,No,42.1
4577,C,Ship,4,2,196,2,low,M,4,5852,0,No,41.9
4578,F,Ship,4,4,157,4,low,M,6,4175,0,No,40.9
4579,D,Ship,4,4,218,2,low,M,4,4104,1,Yes,51.1
4580,F,Ship,4,3,142,3,medium,F,6,5930,0,No,43.3
4581,A,Ship,3,1,237,2,low,M,9,4626,1,No,42.1
4582,B,Ship,6,3,213,4,low,F,2,5349,0,No,42.4
4583,C,Ship,5,1,241,2,medium,F,3,5391,1,No,44.2
4584,F,Ship,2,2,170,3,high,F,7,4284,1,No,44.0
4585,D,Ship,3,1,156,3,medium,M,9,4278,0,No,43.8
4586,F,Ship,3,4,228,3,medium,F,8,5419,0,No,43.6
4587,A,Ship,3,1,145,3,high,F,10,4364,0,No,43.5
4588,B,Ship,4,1,145,3,low,M,3,5618,1,No,43.3
4589,C,Ship,3,4,166,3,medium,F,8,4369,1,No,43.9
4590,F,Ship,5,5,106,5,medium,F,4,4410,1,No,42.4
4591,D,Ship,5,3,210,3,high,F,4,4819,0,No,45.2
4592,F,Ship,2,1,235,3,medium,F,6,4411,1,No,43.3
4593,A,Ship,4,2,142,2,medium,F,5,4062,0,Yes,53.2
4594,B,Ship,3,4,271,3,low,F,9,4889,1,No,43.2
4595,C,Ship,4,5,245,3,medium,F,2,5439,1,No,43.3
4596,F,Ship,4,2,192,4,medium,F,2,5503,0,No,41.4
4597,D,Ship,5,4,270,3,medium,M,9,4992,1,No,44.4
4598,F,Ship,4,4,197,3,low,F,7,5099,0,No,43.5
4599,A,Ship,2,1,255,3,medium,F,1,5929,0,No,46.4
4600,B,Ship,5,3,223,2,medium,F,9,5735,0,No,43.9
4601,C,Ship,3,5,256,3,low,M,7,4366,1,No,44.2
4602,F,Ship,4,2,229,2,low,M,9,5026,0,No,42.3
4603,D,Ship,3,3,233,3,low,F,5,4976,1,No,43.8
4604,F,Ship,3,4,164,6,medium,F,4,5567,1,No,42.4
4605,A,Ship,3,1,171,2,medium,F,6,5704,1,No,43.1
4606,B,Ship,5,2,178,5,low,F,5,5167,0,No,42.0
4607,C,Ship,3,1,233,2,high,M,1,5073,1,No,44.9
4608,F,Ship,3,1,232,2,medium,F,2,5104,1,No,43.4
4609,D,Ship,4,2,236,3,low,F,1,4076,0,Yes,50.4
4610,F,Ship,3,2,197,3,medium,F,3,4491,0,No,43.4
4611,A,Ship,3,3,152,3,low,M,6,5749,1,No,44.2
4612,B,Ship,3,4,219,2,medium,M,7,4883,1,No,42.7
4613,C,Ship,4,2,205,2,low,F,10,5580,0,No,42.1
4614,F,Ship,3,2,142,2,low,M,7,4082,0,Yes,50.6
4615,D,Ship,6,4,112,4,medium,F,9,4005,1,Yes,62.1
4616,F,Ship,2,2,254,2,low,F,8,5827,0,No,39.9
4617,A,Ship,4,3,256,3,high,F,1,4323,0,No,44.2
4618,B,Ship,4,4,168,4,medium,F,4,4676,0,No,41.2
4619,C,Ship,3,4,171,3,low,F,5,5872,0,No,41.9
4620,F,Ship,6,5,215,4,medium,M,5,5409,1,No,42.2
4621,D,Ship,3,3,169,3,low,F,9,4317,1,No,44.4
4622,F,Ship,3,3,149,4,medium,F,3,5944,1,No,46.6
4623,A,Ship,4,1,223,3,low,F,9,4832,0,No,43.3
4624,B,Ship,5,3,224,2,low,M,6,5962,1,No,44.3
4625,C,Ship,2,5,186,2,medium,M,10,4506,0,No,40.9
4626,F,Ship,4,4,184,3,medium,F,2,5381,0,No,43.3
4627,D,Ship,3,1,152,3,low,F,3,5839,1,No,43.4
4628,F,Ship,5,3,249,2,low,F,9,4568,0,No,43.5
4629,A,Ship,3,3,173,5,medium,F,10,5840,0,No,39.4
4630,B,Ship,5,5,167,2,medium,M,2,5908,0,No,45.9
4631,C,Ship,5,2,230,2,medium,M,9,4483,0,No,43.6
4632,F,Road,5,3,237,3,low,F,8,5131,0,No,45.0
4633,D,Road,3,4,202,5,high,M,5,4632,0,No,41.8
4634,F,Road,4,3,134,4,low,M,3,5233,0,No,41.3
4635,A,Road,5,3,263,3,medium,F,2,4688,0,No,45.6
4636,B,Road,5,2,272,2,low,F,1,5412,0,No,45.9
4637,C,Road,4,2,231,6,low,M,8,5227,0,No,42.6
4638,F,Road,3,4,190,4,medium,F,7,5963,1,No,45.9
4639,D,Road,5,4,223,2,low,M,5,4424,1,No,44.5
4640,F,Road,5,1,257,3,medium,F,5,4355,0,No,45.9
4641,A,Road,4,4,184,3,medium,M,2,4639,0,No,43.6
4642,B,Road,3,5,193,3,medium,M,1,5810,1,No,47.2
4643,C,Road,4,3,204,2,low,F,7,4717,1,No,42.8
4644,F,Road,3,2,236,3,medium,M,8,5783,0,No,44.8
4645,D,Road,5,3,222,2,medium,M,3,4460,1,No,44.8
4646,F,Road,4,1,140,5,medium,M,6,4001,1,Yes,66.2
4647,A,Road,3,1,204,3,high,F,9,5093,0,No,43.3
4648,B,Road,3,2,271,2,medium,M,6,5280,1,No,42.6
4649,C,Road,3,1,108,6,medium,F,7,4024,0,Yes,55.5
4650,F,Road,4,1,206,3,low,F,4,4745,0,No,43.4
4651,D,Road,3,2,180,2,high,F,8,4408,0,No,42.8
4652,F,Road,3,2,193,3,low,F,7,5224,0,No,43.5
4653,A,Road,5,1,238,4,medium,M,10,4668,0,No,41.1
4654,B,Flight,5,3,234,3,low,F,6,4632,0,No,45.3
4655,C,Flight,2,5,271,2,low,F,5,5164,1,No,41.2
4656,F,Flight,5,2,102,5,medium,F,3,4784,0,No,42.3
4657,D,Flight,3,1,185,3,medium,M,7,5474,1,No,43.5
4658,F,Flight,4,1,273,2,high,F,10,5832,1,No,41.3
4659,A,Flight,6,3,233,6,low,F,9,4814,0,No,41.7
4660,B,Flight,5,3,191,2,medium,M,7,5783,1,No,45.5
4661,C,Flight,4,4,239,2,medium,M,4,4304,1,No,43.4
4662,F,Flight,3,3,270,3,low,M,7,4152,0,No,44.2
4663,D,Flight,5,2,279,4,low,F,8,4418,1,No,42.4
4664,F,Flight,5,1,233,4,high,M,2,4615,1,No,42.0
4665,A,Flight,3,3,178,4,high,M,3,4154,1,No,41.4
4666,B,Flight,3,4,184,4,medium,M,2,4052,0,No,48.0
4667,C,Flight,3,5,202,3,low,M,2,5208,0,No,43.5
4668,F,Flight,3,3,149,2,medium,M,3,4527,0,No,42.6
4669,D,Flight,5,2,133,2,high,F,2,4556,0,No,44.7
4670,F,Flight,4,4,224,5,low,F,9,4902,1,No,41.5
4671,A,Flight,4,2,252,2,medium,F,6,5414,0,No,42.4
4672,B,Flight,4,3,208,2,medium,M,6,4276,1,No,43.5
4673,C,Flight,5,3,256,2,low,M,3,4456,0,No,44.8
4674,F,Flight,3,5,206,4,medium,M,10,4321,1,No,40.7
4675,D,Flight,2,1,177,4,low,F,5,4358,0,No,40.6
4676,F,Ship,4,4,269,4,medium,F,3,5032,1,No,41.3
4677,A,Ship,3,5,216,3,high,F,2,4242,0,No,45.0
4678,B,Ship,3,2,221,3,high,F,7,5477,0,No,43.5
4679,C,Ship,5,4,210,3,medium,F,6,5102,0,No,45.2
4680,F,Ship,4,5,205,3,medium,F,9,4411,0,No,43.7
4681,D,Ship,3,3,237,3,low,F,7,4062,0,Yes,54.1
4682,F,Ship,5,4,139,2,medium,F,2,4217,1,No,45.5
4683,A,Ship,4,4,163,3,low,M,3,4185,1,No,44.2
4684,B,Ship,4,4,171,2,low,M,4,4962,0,No,42.8
4685,C,Ship,4,3,261,3,low,F,9,5994,1,No,49.0
4686,F,Ship,4,3,195,2,low,M,8,4576,0,No,42.2
4687,D,Ship,4,2,190,6,high,M,5,4139,1,No,42.4
4688,F,Ship,5,5,236,3,high,M,4,5724,1,No,46.0
4689,A,Ship,3,4,254,3,medium,M,6,5716,0,No,43.9
4690,B,Ship,3,3,157,3,medium,M,10,4877,0,No,43.1
4691,C,Ship,3,1,245,3,medium,F,1,5325,0,No,44.8
4692,F,Ship,4,1,144,4,medium,M,8,4303,0,No,41.6
4693,D,Ship,5,3,217,4,low,M,3,5718,1,No,43.3
4694,F,Ship,3,3,249,2,low,F,2,5078,0,No,43.4
4695,A,Ship,3,2,176,2,low,F,2,5083,0,No,43.4
4696,B,Ship,3,1,230,2,low,F,1,4970,1,No,44.7
4697,C,Ship,3,5,204,2,medium,F,5,4504,1,No,43.1
4698,F,Ship,4,4,266,2,low,F,5,5601,0,No,42.3
4699,D,Ship,4,3,213,3,low,F,2,5722,0,No,44.7
4700,F,Ship,3,4,147,3,low,F,8,5525,0,No,43.6
4701,A,Ship,3,1,201,3,low,F,3,4556,1,No,43.2
4702,B,Ship,2,4,248,3,low,F,5,5441,0,No,41.6
4703,C,Ship,4,3,167,3,medium,M,5,5791,0,No,44.4
4704,F,Ship,3,4,232,2,low,M,10,5678,0,No,41.9
4705,D,Ship,5,3,163,3,medium,M,9,4419,1,No,45.9
4706,F,Ship,4,4,201,5,medium,M,3,5901,1,No,45.7
4707,A,Ship,4,5,252,2,low,F,9,4157,0,No,41.0
4708,B,Ship,3,1,146,4,low,F,10,4583,0,No,40.7
4709,C,Ship,5,1,160,3,medium,M,3,5839,0,No,45.1
4710,F,Ship,5,2,167,4,low,M,10,4325,0,No,41.6
4711,D,Ship,4,2,224,2,medium,F,8,4781,1,No,42.8
4712,F,Ship,4,2,239,3,medium,F,5,5978,0,No,42.5
4713,A,Ship,4,1,151,6,low,M,7,4387,0,No,42.5
4714,B,Ship,4,5,264,3,low,F,10,5972,0,No,40.4
4715,C,Ship,4,2,242,3,medium,M,8,4644,1,No,43.6
4716,F,Ship,3,3,204,4,high,M,9,4712,0,No,41.0
4717,D,Ship,3,5,260,2,medium,M,1,5970,0,No,44.8
4718,F,Ship,3,2,279,3,medium,F,6,4560,0,No,43.0
4719,A,Ship,3,4,225,4,low,F,8,5209,0,No,42.3
4720,B,Ship,3,5,190,3,low,M,9,4468,0,No,43.3
4721,C,Ship,4,2,152,2,low,M,7,5026,0,No,42.7
4722,F,Ship,3,2,201,6,medium,M,7,4723,1,No,42.6
4723,D,Ship,3,2,191,2,medium,M,7,5357,0,No,42.6
4724,F,Ship,4,3,140,3,low,M,1,4453,0,No,44.5
4725,A,Ship,5,3,199,4,medium,F,8,5362,0,No,42.6
4726,B,Ship,4,1,194,3,medium,F,6,5282,0,No,43.2
4727,C,Ship,4,2,273,2,low,F,5,5608,1,No,42.3
4728,F,Ship,4,5,259,2,medium,F,4,4092,1,Yes,51.3
4729,D,Ship,4,3,180,3,medium,M,5,4038,1,Yes,56.5
4730,F,Ship,5,3,251,2,low,M,9,4458,0,No,43.8
4731,A,Ship,5,1,269,3,low,F,5,5031,0,No,45.1
4732,B,Ship,6,3,274,6,medium,F,2,4281,0,No,41.3
4733,C,Ship,5,5,250,2,medium,M,10,5475,1,No,43.6
4734,F,Ship,3,5,265,3,medium,F,8,5980,0,No,43.0
4735,D,Ship,4,3,169,10,medium,F,6,5106,1,No,43.3
4736,F,Ship,3,4,211,3,high,M,8,5191,1,No,43.3
4737,A,Ship,4,4,245,2,low,M,6,5772,0,No,44.7
4738,B,Ship,4,1,188,2,low,M,6,5894,1,No,42.8
4739,C,Ship,3,5,244,2,medium,F,10,4064,1,Yes,52.8
4740,F,Ship,3,5,233,3,medium,F,7,5787,0,No,44.7
4741,D,Ship,3,1,144,3,medium,F,6,4163,0,No,44.0
4742,F,Ship,3,5,221,2,low,F,6,5289,0,No,42.5
4743,A,Ship,3,5,267,2,high,M,2,5062,1,No,43.4
4744,B,Ship,3,1,211,3,high,F,7,5178,0,No,43.2
4745,C,Ship,4,1,205,3,low,F,10,4923,0,No,43.1
4746,F,Ship,3,2,144,3,high,M,1,5307,0,No,44.8
4747,D,Ship,3,3,195,7,medium,F,4,4614,0,No,42.5
4748,F,Ship,5,5,232,7,medium,M,6,5139,0,No,42.6
4749,A,Ship,5,3,199,10,medium,F,1,5865,0,No,39.7
4750,B,Ship,5,5,232,3,low,F,5,5338,0,No,44.8
4751,C,Ship,5,4,272,2,low,F,1,5983,1,No,47.5
4752,F,Ship,2,4,167,2,medium,M,1,4344,0,No,42.2
4753,D,Ship,3,4,272,8,high,F,10,4070,0,No,47.3
4754,F,Ship,6,2,247,4,low,M,10,1556,0,No,45.8
4755,A,Ship,5,5,275,4,medium,M,9,1215,1,No,45.9
4756,B,Ship,6,4,291,4,low,F,8,1131,0,No,46.4
4757,C,Ship,6,5,265,4,low,M,7,1404,1,No,46.3
4758,F,Ship,7,3,250,5,medium,F,4,1163,1,No,46.2
4759,D,Ship,7,2,291,4,low,F,8,1275,0,No,47.0
4760,F,Ship,6,5,255,4,low,F,9,1197,0,No,45.8
4761,A,Ship,6,5,290,4,medium,M,2,1867,1,No,48.2
4762,B,Ship,5,5,276,4,low,M,2,1411,1,No,48.3
4763,C,Ship,4,1,149,3,medium,F,8,1136,0,Yes,81.4
4764,F,Ship,3,3,201,6,medium,M,2,4984,0,No,41.9
4765,D,Ship,3,4,191,2,medium,M,8,5667,1,No,42.7
4766,F,Ship,4,4,140,3,low,F,4,5924,1,No,43.4
4767,A,Ship,5,4,199,4,medium,M,2,4902,1,No,42.4
4768,B,Ship,4,1,194,3,medium,F,9,5804,0,No,44.2
4769,C,Road,4,5,273,2,low,F,9,5724,0,No,43.3
4770,F,Road,4,4,259,2,medium,F,8,4672,0,No,42.8
4771,D,Road,4,5,180,3,medium,F,1,5088,0,No,44.7
4772,F,Road,5,4,251,2,low,F,3,5347,1,No,44.2
4773,A,Road,5,3,269,3,low,F,8,4811,0,No,45.3
4774,B,Road,6,3,274,6,medium,F,1,4632,0,No,43.3
4775,C,Road,5,2,250,2,medium,F,6,5565,0,No,44.0
4776,F,Road,3,3,265,3,medium,F,3,5241,0,No,43.5
4777,D,Road,4,5,169,10,medium,F,6,4385,0,No,42.9
4778,F,Road,3,3,211,3,high,F,4,4354,1,No,43.8
4779,A,Road,4,1,245,2,low,M,5,5324,1,No,42.3
4780,B,Road,4,5,188,2,low,F,4,4433,0,No,43.0
4781,C,Road,3,5,244,2,medium,M,8,5715,1,No,43.2
4782,F,Road,3,4,233,3,medium,F,10,4626,0,No,43.0
4783,D,Road,3,4,144,3,medium,M,8,5867,1,No,41.9
4784,F,Road,3,1,221,2,low,F,7,5320,0,No,42.6
4785,A,Road,3,5,267,2,high,M,1,4195,1,No,46.0
4786,B,Road,3,4,211,3,high,M,1,5144,0,No,45.0
4787,C,Road,4,4,205,3,low,M,6,4254,0,No,44.0
4788,F,Road,3,2,144,3,high,F,9,4428,1,No,43.6
4789,D,Road,3,4,195,7,medium,F,9,5829,0,No,42.7
4790,F,Road,5,3,232,7,medium,M,6,5285,1,No,42.5
4791,A,Flight,5,1,199,10,medium,F,8,4140,0,No,43.5
4792,B,Flight,5,5,232,3,low,F,3,5718,1,No,45.9
4793,C,Flight,5,3,272,2,low,F,4,5112,0,No,44.3
4794,F,Flight,2,2,167,2,medium,F,3,5894,1,No,42.7
4795,D,Flight,3,3,272,8,high,M,7,5257,1,No,44.2
4796,F,Flight,6,4,247,4,low,F,2,1326,0,No,48.2
4797,A,Flight,5,2,275,4,medium,F,10,1141,1,No,46.3
4798,B,Flight,6,5,291,4,low,M,9,1413,0,No,45.4
4799,C,Flight,6,1,265,4,low,F,7,1644,1,No,46.5
4800,F,Flight,7,2,250,5,medium,M,9,1327,0,No,45.7
4801,D,Flight,7,1,291,4,low,M,2,1216,1,No,48.8
4802,F,Flight,6,1,255,4,low,F,2,1385,0,No,48.4
4803,A,Flight,6,2,290,4,medium,F,9,1339,0,No,45.4
4804,B,Flight,6,3,247,4,medium,F,4,1476,1,No,46.4
4805,C,Flight,6,2,152,2,low,F,9,1993,0,Yes,67.3
4806,F,Flight,7,5,278,4,low,F,5,1572,1,No,47.0
4807,D,Flight,6,1,260,4,medium,F,2,1131,0,No,48.3
4808,F,Flight,6,3,254,4,low,M,6,1335,0,No,45.6
4809,A,Flight,2,4,151,4,low,F,6,1803,0,Yes,54.3
4810,B,Flight,2,5,198,2,medium,M,4,1913,1,Yes,83.1
4811,C,Flight,6,4,243,4,low,M,9,1353,1,No,45.4
4812,F,Flight,6,5,245,4,low,F,8,1403,0,No,46.2
4813,D,Ship,6,4,300,4,low,F,8,1301,1,No,46.3
4814,F,Ship,6,1,303,4,medium,F,10,1003,0,No,42.2
4815,A,Ship,7,3,286,4,low,F,3,1670,0,No,48.7
4816,B,Ship,7,2,248,4,medium,F,1,1163,1,No,49.0
4817,C,Ship,6,5,244,4,low,M,9,1789,1,No,45.5
4818,F,Ship,7,1,290,4,low,F,9,1885,0,No,45.6
4819,D,Ship,4,3,260,5,low,M,10,1832,1,No,47.3
4820,F,Ship,6,5,310,4,medium,M,1,1105,1,No,48.2
4821,A,Ship,6,3,247,4,low,M,3,1616,1,No,48.1
4822,B,Ship,6,5,281,4,low,M,8,1241,1,No,46.4
4823,C,Ship,6,3,260,4,medium,M,9,1800,0,No,45.4
4824,F,Ship,6,1,263,4,low,F,6,1153,0,No,45.7
4825,D,Ship,5,1,285,4,medium,F,10,1428,0,No,45.9
4826,F,Ship,3,4,269,3,medium,M,9,5133,1,No,43.3
4827,A,Ship,2,5,205,6,low,M,2,5671,0,No,40.0
4828,B,Ship,3,2,109,3,low,M,4,5746,0,No,44.6
4829,C,Ship,5,4,216,2,low,F,6,4535,0,No,44.2
4830,F,Ship,3,2,184,3,medium,F,8,4994,0,No,43.5
4831,D,Ship,4,4,106,2,low,M,6,5984,0,No,42.5
4832,F,Ship,3,1,228,2,low,F,5,4456,1,No,43.3
4833,A,Ship,4,5,140,3,medium,F,8,4956,0,No,43.5
4834,B,Ship,4,3,251,3,medium,M,5,4206,0,No,44.3
4835,C,Ship,3,3,153,3,medium,M,5,4578,1,No,43.4
4836,F,Ship,4,4,176,2,medium,F,1,5793,0,No,47.1
4837,D,Ship,4,3,206,2,medium,F,4,5194,1,No,42.6
4838,F,Ship,3,3,189,2,low,F,9,4690,0,No,42.3
4839,A,Ship,2,2,251,6,medium,F,1,4165,1,No,41.9
4840,B,Ship,4,3,155,3,low,F,1,4360,1,No,44.5
4841,C,Ship,6,4,260,5,medium,M,2,4687,1,No,42.3
4842,F,Ship,5,1,156,6,medium,F,4,4821,0,No,42.2
4843,D,Ship,4,2,225,2,medium,M,7,5241,1,No,42.7
4844,F,Ship,6,5,284,4,medium,M,8,5346,1,No,43.1
4845,A,Ship,5,3,263,2,low,M,3,4474,1,No,44.5
4846,B,Ship,3,3,238,2,medium,M,2,5512,0,No,43.2
4847,C,Ship,5,4,267,2,low,M,7,5292,0,No,44.4
4848,F,Ship,3,3,101,2,medium,M,9,4860,0,No,42.3
4849,D,Ship,3,1,175,3,medium,M,1,4872,0,No,44.9
4850,F,Ship,4,5,261,2,low,M,3,4119,0,Yes,51.1
4851,A,Ship,5,3,150,3,low,M,10,4799,1,No,45.1
4852,B,Ship,3,5,206,4,medium,F,2,5829,1,No,43.4
4853,C,Ship,4,4,254,4,low,F,10,4827,0,No,40.6
4854,F,Ship,4,2,159,3,low,M,5,4985,1,No,43.3
4855,D,Ship,2,5,284,3,medium,M,6,4575,0,No,41.3
4856,F,Ship,3,1,170,2,low,M,9,4112,0,No,48.4
4857,A,Ship,4,5,245,3,low,F,7,4297,0,No,44.7
4858,B,Ship,4,5,152,3,medium,M,5,5191,0,No,43.0
4859,C,Ship,5,4,193,4,high,F,4,5757,1,No,43.2
4860,F,Ship,5,3,231,2,low,M,8,5743,1,No,44.7
4861,D,Ship,4,1,212,3,low,M,3,4896,0,No,43.5
4862,F,Ship,3,4,185,2,medium,M,8,5449,1,No,42.7
4863,A,Ship,4,3,223,3,low,F,10,5560,1,No,42.9
4864,B,Ship,4,1,241,4,medium,M,9,5360,0,No,41.5
4865,C,Ship,5,4,215,3,low,F,5,5552,1,No,44.8
4866,F,Ship,4,5,261,2,medium,M,6,5920,0,No,42.9
4867,D,Ship,4,3,158,5,medium,F,7,4344,1,No,42.3
4868,F,Ship,3,3,166,2,medium,F,8,5871,0,No,41.4
4869,A,Ship,4,3,280,6,high,M,8,4525,0,No,41.6
4870,B,Ship,3,2,264,3,low,F,8,5831,0,No,42.5
4871,C,Ship,3,3,204,2,medium,M,6,5612,0,No,42.4
4872,F,Ship,4,4,261,2,medium,F,9,5306,1,No,42.4
4873,D,Ship,6,4,138,3,medium,F,4,4225,0,No,45.8
4874,F,Ship,4,4,225,2,medium,M,10,4829,1,No,42.4
4875,A,Ship,4,4,238,5,low,M,1,4753,0,No,42.5
4876,B,Ship,4,5,234,3,medium,F,3,5142,1,No,43.5
4877,C,Ship,4,2,237,3,low,F,7,4785,0,No,43.5
4878,F,Ship,3,3,165,3,medium,F,4,5924,1,No,43.5
4879,D,Ship,2,1,148,2,low,M,10,5939,1,No,42.2
4880,F,Ship,5,1,148,4,high,M,2,5821,1,No,43.9
4881,A,Ship,3,3,218,3,low,F,4,5086,1,No,43.5
4882,B,Ship,4,5,218,6,low,M,5,4364,1,No,42.2
4883,C,Ship,4,3,181,4,low,F,8,5106,0,No,41.9
4884,F,Ship,2,1,138,2,low,M,8,4932,1,No,41.0
4885,D,Ship,3,4,206,3,high,M,5,4022,0,Yes,56.7
4886,F,Ship,5,1,172,2,high,F,7,5165,0,No,44.5
4887,A,Ship,4,2,160,2,high,F,5,4343,0,No,42.5
4888,B,Ship,5,2,225,4,low,M,1,4328,1,No,43.2
4889,C,Ship,6,5,206,6,low,M,2,4014,1,Yes,63.1
4890,F,Ship,5,5,232,3,low,F,2,4545,1,No,45.7
4891,D,Ship,3,4,232,3,low,F,6,4050,0,Yes,53.8
4892,F,Ship,3,4,197,2,low,F,3,4865,0,No,43.0
4893,A,Ship,5,1,246,3,low,F,3,5013,0,No,45.3
4894,B,Ship,3,4,241,3,medium,M,3,4047,0,Yes,51.9
4895,C,Ship,6,5,211,4,medium,F,4,4032,0,Yes,51.9
4896,F,Ship,3,3,162,2,low,F,9,4903,0,No,42.2
4897,D,Ship,3,1,264,4,low,M,10,4265,0,No,39.9
4898,F,Ship,5,3,211,3,low,F,5,5087,0,No,45.1
4899,A,Ship,4,5,159,5,low,F,7,4063,0,No,49.3
4900,B,Ship,5,5,166,2,high,F,2,4562,1,No,44.7
4901,C,Ship,4,4,163,6,medium,M,1,4584,0,No,41.3
4902,F,Ship,4,3,164,2,low,M,3,5735,0,No,44.5
4903,D,Ship,5,1,255,3,high,M,6,4044,1,Yes,56.3
4904,F,Ship,4,3,153,3,medium,F,6,5748,0,No,44.2
4905,A,Ship,3,1,165,2,low,M,6,4445,0,No,42.8
4906,B,Road,3,2,162,3,medium,M,6,4505,1,No,43.5
4907,C,Road,3,1,223,3,low,M,8,5318,0,No,43.6
4908,F,Road,3,4,200,2,medium,F,6,4751,1,No,42.6
4909,D,Road,3,5,194,3,medium,F,3,4435,1,No,43.7
4910,F,Road,3,1,257,2,low,M,6,4897,1,No,42.6
4911,A,Road,2,1,188,2,low,M,5,5250,0,No,41.2
4912,B,Road,3,4,221,3,medium,F,1,5391,0,No,44.8
4913,C,Road,4,4,193,2,low,F,6,4855,1,No,42.7
4914,F,Road,3,1,166,2,low,M,2,5710,1,No,44.2
4915,D,Road,4,4,212,2,medium,M,8,4239,0,No,43.4
4916,F,Road,3,2,252,3,medium,M,7,4507,0,No,43.3
4917,A,Road,3,1,155,2,low,M,7,4221,1,No,43.8
4918,B,Road,4,5,244,4,medium,F,2,5365,1,No,41.4
4919,C,Road,3,3,162,2,medium,M,7,5719,1,No,43.6
4920,F,Road,2,1,228,2,medium,M,10,4854,1,No,41.6
4921,D,Road,4,3,208,3,medium,F,3,4837,1,No,43.5
4922,F,Road,5,3,156,3,medium,M,7,4293,0,No,47.3
4923,A,Road,3,1,209,2,high,F,1,5779,1,No,47.7
4924,B,Road,4,5,203,2,medium,F,8,4450,1,No,42.8
4925,C,Road,4,4,196,5,high,F,7,4622,0,No,41.3
4926,F,Road,4,4,256,3,low,M,8,4398,0,No,43.9
4927,D,Road,4,5,159,4,medium,F,4,4816,0,No,41.3
4928,F,Flight,5,5,137,4,low,M,4,5888,0,No,41.7
4929,A,Flight,2,5,271,3,low,M,4,5775,0,No,43.5
4930,B,Flight,5,1,264,2,medium,F,3,4056,1,Yes,52.5
4931,C,Flight,2,2,264,3,medium,M,1,4518,0,No,41.6
4932,F,Flight,4,3,205,2,medium,M,10,4178,1,No,41.7
4933,D,Flight,5,1,266,3,low,M,10,5858,0,No,42.2
4934,F,Flight,5,4,200,3,medium,F,8,5206,1,No,44.8
4935,A,Flight,4,4,154,6,medium,F,10,4361,1,No,41.0
4936,B,Flight,3,2,178,3,low,M,4,5119,1,No,43.5
4937,C,Flight,5,2,198,3,low,F,7,5768,1,No,46.4
4938,F,Flight,3,4,218,2,medium,M,2,5973,0,No,42.4
4939,D,Flight,4,4,185,3,high,F,6,4238,1,No,44.5
4940,F,Flight,3,4,235,3,low,M,4,5498,0,No,43.3
4941,A,Flight,3,5,251,3,high,F,4,4156,1,No,43.3
4942,B,Flight,5,2,275,5,low,F,9,5168,1,No,41.9
4943,C,Flight,5,2,156,5,low,M,9,5237,0,No,42.0
4944,F,Flight,3,5,135,3,low,M,3,4938,0,No,43.6
4945,D,Flight,4,1,143,3,medium,M,4,4283,0,No,44.0
4946,F,Flight,5,1,240,3,high,M,10,5277,0,No,44.1
4947,A,Flight,5,2,131,5,low,F,4,4600,1,No,41.5
4948,B,Flight,4,5,142,3,medium,M,2,5692,0,No,42.2
4949,C,Flight,5,4,275,4,low,F,7,4597,0,No,42.0
4950,F,Ship,5,5,137,3,low,M,5,5914,1,No,45.3
4951,D,Ship,3,3,165,4,medium,M,3,4235,0,No,41.1
4952,F,Ship,5,4,250,2,low,F,10,4277,0,No,44.0
4953,A,Ship,4,2,242,3,medium,M,10,4721,0,No,43.2
4954,B,Ship,3,3,181,3,medium,F,3,5620,1,No,43.4
4955,C,Ship,4,4,211,3,medium,M,5,4812,0,No,43.3
4956,F,Ship,2,2,177,4,low,M,8,5878,1,No,39.7
4957,D,Ship,3,3,135,3,medium,M,2,5860,0,No,42.8
4958,F,Ship,6,4,151,3,low,F,10,5414,1,No,44.2
4959,A,Ship,5,4,250,6,low,F,1,4343,0,No,42.3
4960,B,Ship,5,5,191,4,medium,F,10,4933,1,No,41.0
4961,C,Ship,2,4,158,5,medium,F,2,4303,1,No,41.1
4962,F,Ship,3,3,229,2,medium,F,1,5670,0,No,43.9
4963,D,Ship,4,5,169,4,low,M,6,4168,1,No,42.0
4964,F,Ship,5,1,164,3,low,M,7,4540,1,No,45.9
4965,A,Ship,4,1,177,2,medium,M,6,5566,0,No,42.4
4966,B,Ship,4,4,193,3,medium,M,8,4715,1,No,43.6
4967,C,Ship,4,1,198,3,medium,F,1,4090,0,Yes,51.0
4968,F,Ship,3,1,268,3,low,M,2,4746,1,No,43.9
4969,D,Ship,3,3,269,3,high,M,8,5910,0,No,43.5
4970,F,Ship,4,3,275,3,low,F,3,4824,0,No,43.5
4971,A,Ship,5,5,233,3,high,M,5,5330,0,No,44.8
4972,B,Ship,2,5,259,3,low,M,3,4770,1,No,41.7
4973,C,Ship,3,5,239,6,low,F,8,5791,1,No,44.1
4974,F,Ship,3,2,134,3,medium,F,3,5232,0,No,43.5
4975,D,Ship,5,4,131,8,low,M,7,4471,0,No,44.1
4976,F,Ship,4,2,194,8,medium,M,10,5995,0,No,48.7
4977,A,Ship,4,5,261,3,high,F,2,4954,1,No,43.6
4978,B,Ship,4,2,254,10,high,M,7,5820,0,No,44.2
4979,C,Ship,4,1,161,6,low,F,2,5734,0,No,43.2
4980,F,Ship,4,5,227,2,low,M,7,4414,0,No,43.2
4981,D,Ship,3,1,165,3,high,F,10,4208,0,No,43.0
4982,F,Ship,3,2,156,7,medium,F,9,5313,1,No,43.1
4983,A,Ship,3,3,262,7,high,F,9,5097,0,No,43.0
4984,B,Ship,4,3,263,3,low,M,4,4150,1,No,43.4
4985,C,Ship,4,2,196,3,low,M,1,5172,1,No,44.7
4986,F,Ship,6,1,152,2,low,F,3,1340,0,Yes,74.0
4987,D,Ship,7,1,278,4,low,M,10,1508,1,No,46.7
4988,F,Ship,6,4,260,4,medium,M,1,1726,0,No,48.3
4989,A,Ship,6,5,254,4,low,M,7,1674,0,No,46.5
4990,B,Ship,2,4,151,4,low,F,2,1150,0,Yes,55.5
4991,C,Ship,2,3,198,2,medium,F,6,1996,0,Yes,80.7
4992,F,Ship,6,2,243,4,low,M,9,1258,1,No,45.5
4993,D,Ship,6,2,245,4,low,F,10,1448,0,No,45.8
4994,F,Ship,3,5,268,3,low,F,6,5603,0,No,43.2
4995,A,Ship,3,3,269,3,high,F,6,4260,1,No,44.3
4996,B,Ship,4,4,275,3,low,M,10,5674,1,No,43.2
4997,C,Ship,5,2,233,3,high,M,7,5323,1,No,45.4
4998,F,Ship,2,2,259,3,low,M,6,4840,1,No,41.6
4999,D,Ship,3,3,239,6,low,M,7,4501,1,No,42.6
5000,F,Ship,3,3,134,3,medium,F,8,4950,0,No,43.5
5001,A,Ship,5,3,131,8,low,F,5,4149,1,No,44.1
5002,B,Ship,4,5,194,8,medium,F,9,4843,1,No,43.1
5003,C,Ship,4,2,261,3,high,M,1,4931,0,No,44.6
5004,F,Ship,4,5,254,10,high,M,7,5524,1,No,44.1
5005,D,Ship,4,3,161,6,low,M,6,5560,1,No,41.5
5006,F,Ship,4,4,227,2,low,F,7,4916,0,No,42.7
5007,A,Ship,3,4,165,3,high,M,10,4910,0,No,43.0
5008,B,Ship,3,3,156,7,medium,M,2,5467,0,No,42.6
5009,C,Ship,3,2,262,7,high,M,5,5985,1,No,48.9
5010,F,Ship,4,3,263,3,low,F,3,5253,0,No,43.4
5011,D,Ship,4,3,196,3,low,F,10,4194,1,No,43.0
5012,F,Ship,6,2,152,2,low,M,6,1711,0,Yes,75.7
5013,A,Ship,7,3,278,4,low,F,8,1909,1,No,47.2
5014,B,Ship,6,5,260,4,medium,F,10,1799,0,No,45.8
5015,C,Ship,6,2,254,4,low,M,4,1392,0,No,46.4
5016,F,Ship,2,3,151,4,low,F,3,1353,1,Yes,55.5
5017,D,Ship,2,3,198,2,medium,F,6,1730,1,Yes,82.6
5018,F,Ship,5,2,285,4,medium,F,7,1666,1,No,46.4
5019,A,Ship,7,1,306,4,medium,M,5,1467,0,No,46.7
5020,B,Ship,6,4,291,4,low,F,5,1327,0,No,46.4
5021,C,Ship,6,3,292,4,low,M,8,1925,0,No,45.9
5022,F,Ship,6,2,293,5,low,F,3,1969,0,No,46.8
5023,D,Ship,6,4,275,4,low,F,3,1182,0,No,47.9
5024,F,Ship,6,5,274,4,low,M,6,1066,0,No,45.7
5025,A,Ship,7,2,310,4,low,F,7,1294,0,No,46.8
5026,B,Ship,6,5,292,4,low,M,4,1762,1,No,46.4
5027,C,Ship,6,3,256,5,low,F,1,1980,0,No,47.0
5028,F,Ship,7,4,295,4,low,M,5,1239,0,No,46.8
5029,D,Ship,3,5,149,2,medium,M,5,1023,0,Yes,81.7
5030,F,Ship,6,5,294,4,medium,F,2,1273,1,No,48.3
5031,A,Ship,6,3,281,4,medium,F,7,1599,1,No,46.5
5032,B,Ship,6,4,294,4,medium,M,6,1112,0,No,45.7
5033,C,Ship,6,5,249,4,low,F,8,1274,0,No,46.3
5034,F,Ship,6,5,276,4,medium,F,6,1005,1,No,42.0
5035,D,Ship,7,5,284,4,medium,F,8,1148,1,No,47.1
5036,F,Ship,4,5,134,3,low,F,1,1008,0,Yes,80.3
5037,A,Ship,6,3,271,4,medium,F,1,1733,0,No,48.3
5038,B,Ship,6,2,244,4,medium,F,1,1406,1,No,48.3
5039,C,Ship,6,1,264,4,low,M,10,1960,0,No,45.1
5040,F,Ship,6,5,275,4,low,M,8,1553,1,No,46.2
5041,D,Ship,7,3,310,4,medium,F,7,1989,0,No,47.1
5042,F,Ship,6,2,301,5,medium,F,3,1586,0,No,47.9
5043,A,Road,6,3,247,4,medium,F,9,1011,0,No,41.8
5044,B,Road,4,2,224,2,low,M,9,5603,1,No,42.4
5045,C,Road,3,5,242,2,low,F,6,5635,0,No,42.4
5046,F,Road,4,1,145,2,low,F,2,5209,0,No,43.0
5047,D,Road,4,1,150,2,low,M,5,4140,0,No,41.4
5048,F,Road,4,4,266,3,low,M,4,5905,0,No,43.4
5049,A,Road,5,1,260,2,low,M,4,5580,0,No,44.1
5050,B,Road,4,1,259,3,medium,M,5,4435,1,No,43.7
5051,C,Road,4,3,192,3,low,F,10,4068,0,Yes,51.9
5052,F,Road,3,1,149,3,medium,M,5,4805,1,No,43.8
5053,D,Road,4,1,133,2,medium,M,1,5274,1,No,44.5
5054,F,Road,4,4,145,3,medium,F,3,5424,1,No,43.2
5055,A,Road,3,4,186,3,high,M,1,5922,1,No,46.6
5056,B,Road,5,3,267,3,medium,F,8,5786,1,No,46.2
5057,C,Road,3,3,157,4,medium,F,2,5684,0,No,40.9
5058,F,Road,4,2,174,3,low,F,3,5920,0,No,43.6
5059,D,Road,4,4,216,2,low,F,4,5984,0,No,42.7
5060,F,Road,4,3,143,3,low,F,2,4693,0,No,43.6
5061,A,Road,5,1,135,3,low,M,3,4939,1,No,45.3
5062,B,Road,4,2,222,3,low,M,4,5919,0,No,43.4
5063,C,Road,6,2,140,2,high,M,1,4053,0,No,49.0
5064,F,Road,4,2,209,2,medium,F,9,5131,0,No,42.4
5065,D,Flight,3,5,162,2,low,M,4,4495,0,No,42.7
5066,F,Flight,5,2,152,4,medium,M,6,5596,0,No,41.3
5067,A,Flight,4,2,236,3,medium,M,9,4725,0,No,43.3
5068,B,Flight,4,5,192,4,low,F,10,4691,0,No,40.2
5069,C,Flight,5,2,233,3,high,F,4,4140,0,No,44.0
5070,F,Flight,3,5,156,3,medium,F,2,4190,1,No,44.9
5071,D,Flight,5,1,257,3,medium,M,7,4133,0,No,45.1
5072,F,Flight,4,5,228,4,low,M,4,4750,0,No,41.5
5073,A,Flight,5,1,262,2,high,M,9,5008,0,No,43.2
5074,B,Flight,3,1,203,2,low,M,2,4647,1,No,43.5
5075,C,Flight,4,5,217,4,medium,F,3,5966,0,No,45.1
5076,F,Flight,3,1,197,5,medium,F,6,5919,0,No,46.1
5077,D,Flight,3,5,217,3,low,M,9,4306,0,No,43.9
5078,F,Flight,3,2,200,4,medium,F,4,4918,0,No,41.6
5079,A,Flight,4,3,181,3,medium,M,10,4541,1,No,42.9
5080,B,Flight,4,1,212,3,low,M,2,4353,1,No,43.7
5081,C,Flight,5,3,217,2,low,F,4,5588,0,No,44.1
5082,F,Flight,5,4,240,4,medium,F,2,5215,0,No,42.4
5083,D,Flight,3,1,161,3,low,M,9,4865,1,No,43.3
5084,F,Flight,3,4,157,3,medium,F,6,5611,0,No,43.2
5085,A,Flight,4,5,133,3,medium,M,4,5180,1,No,43.1
5086,B,Flight,4,3,138,3,low,F,2,5593,0,No,43.3
5087,C,Ship,4,3,158,3,high,M,1,5089,1,No,44.7
5088,F,Ship,5,2,243,3,high,M,2,5734,1,No,46.6
5089,D,Ship,3,2,189,3,medium,M,2,4718,0,No,43.9
5090,F,Ship,2,4,272,2,medium,M,4,4632,0,No,40.5
5091,A,Ship,4,4,168,3,low,M,6,5488,1,No,43.1
5092,B,Ship,4,4,157,3,medium,F,10,5041,1,No,43.1
5093,C,Ship,3,5,217,2,medium,F,6,5182,0,No,42.4
5094,F,Ship,5,3,237,4,low,F,8,5432,0,No,42.6
5095,D,Ship,4,3,133,2,low,M,9,4145,0,No,41.2
5096,F,Ship,3,4,243,2,medium,M,1,5840,1,No,45.8
5097,A,Ship,5,3,273,4,medium,M,2,4186,1,No,42.9
5098,B,Ship,5,4,202,5,low,F,6,5230,1,No,41.6
5099,C,Ship,5,5,240,2,low,F,7,4409,1,No,45.5
5100,F,Ship,3,5,275,3,low,M,6,5148,0,No,43.4
5101,D,Ship,3,5,274,3,medium,M,5,4710,1,No,43.8
5102,F,Ship,4,3,272,3,low,F,4,5654,0,No,43.0
5103,A,Ship,2,4,126,5,medium,M,2,5461,0,No,40.1
5104,B,Ship,5,3,215,2,medium,F,10,5194,1,No,43.0
5105,C,Ship,2,5,175,5,low,F,8,4269,0,No,41.2
5106,F,Ship,4,3,149,6,medium,M,5,5456,1,No,42.1
5107,D,Ship,6,1,145,3,medium,F,1,4346,1,No,47.1
5108,F,Ship,6,1,257,4,medium,F,3,5656,1,No,43.0
5109,A,Ship,4,3,136,3,medium,M,10,4299,1,No,43.9
5110,B,Ship,5,3,163,6,low,M,6,4349,0,No,41.7
5111,C,Ship,3,4,256,3,low,M,7,5013,1,No,43.5
5112,F,Ship,3,3,141,3,low,F,7,4954,1,No,43.5
5113,D,Ship,4,3,196,2,medium,F,4,4203,1,No,43.5
5114,F,Ship,5,4,154,2,low,F,5,5528,0,No,43.9
5115,A,Ship,5,3,197,3,medium,F,2,4678,1,No,45.6
5116,B,Ship,3,2,207,3,medium,F,1,4369,0,No,44.8
5117,C,Ship,4,1,258,4,low,M,5,5664,0,No,41.7
5118,F,Ship,3,3,270,3,high,F,7,4690,1,No,43.6
5119,D,Ship,5,2,139,4,low,F,9,5070,1,No,41.5
5120,F,Ship,3,5,197,3,low,M,4,5423,0,No,43.3
5121,A,Ship,5,2,176,3,low,M,9,5656,0,No,44.5
5122,B,Ship,3,1,206,3,medium,M,5,5676,1,No,43.2
5123,C,Ship,4,5,176,4,medium,M,6,5061,0,No,40.9
5124,F,Ship,2,4,208,3,medium,F,6,4226,1,No,43.6
5125,D,Ship,3,3,154,2,medium,F,1,5746,1,No,46.7
5126,F,Ship,2,2,206,5,low,F,7,5203,0,No,41.2
5127,A,Ship,3,5,253,2,low,M,8,5476,1,No,42.7
5128,B,Ship,4,5,270,3,medium,F,2,5272,0,No,43.5
5129,C,Ship,3,3,271,4,high,M,3,4006,1,Yes,67.6
5130,F,Ship,2,1,108,3,low,M,4,5924,1,No,42.8
5131,D,Ship,4,5,172,2,medium,M,7,4559,0,No,42.4
5132,F,Ship,5,1,265,3,high,M,5,4951,1,No,45.0
5133,A,Ship,4,4,208,5,medium,F,7,5401,0,No,42.1
5134,B,Ship,4,5,261,3,high,M,3,4885,1,No,43.5
5135,C,Ship,4,4,197,2,medium,F,1,5211,0,No,44.3
5136,F,Ship,4,4,240,2,medium,F,4,5101,0,No,42.8
5137,D,Ship,4,1,273,4,low,M,1,4857,0,No,42.1
5138,F,Ship,3,5,180,2,medium,M,1,5940,1,No,47.0
5139,A,Ship,4,2,136,2,medium,F,7,4305,1,No,43.7
5140,B,Ship,3,4,222,6,medium,F,10,4579,1,No,40.8
5141,C,Ship,4,5,231,4,medium,M,9,5528,0,No,41.3
5142,F,Ship,4,5,240,5,low,M,8,4558,0,No,41.6
5143,D,Ship,4,1,152,3,low,M,10,5974,0,No,40.5
5144,F,Ship,5,2,206,2,medium,F,2,5627,1,No,44.3
5145,A,Ship,2,3,274,4,medium,F,10,4798,1,No,38.7
5146,B,Ship,5,4,97,6,high,M,7,5509,1,No,42.9
5147,C,Ship,3,4,243,4,medium,F,10,4076,0,No,45.7
5148,F,Ship,3,4,106,6,medium,F,7,4621,0,No,41.7
5149,D,Ship,5,3,241,3,low,F,2,5587,1,No,45.1
5150,F,Ship,3,1,217,4,medium,F,1,5761,1,No,45.3
5151,A,Ship,4,1,241,4,medium,M,5,5080,0,No,41.3
5152,B,Ship,4,3,213,3,low,M,6,5447,0,No,43.1
5153,C,Ship,3,1,134,3,medium,M,10,4200,0,No,43.0
5154,F,Ship,3,4,162,2,medium,F,8,4972,0,No,42.7
5155,D,Ship,2,4,193,4,low,M,7,5552,1,No,40.5
5156,F,Ship,4,3,138,2,medium,M,9,5297,1,No,42.4
5157,A,Ship,5,4,181,5,medium,M,2,5324,0,No,42.3
5158,B,Ship,4,2,274,2,low,M,10,4361,0,No,42.5
5159,C,Ship,4,3,254,2,high,F,3,4930,0,No,42.9
5160,F,Ship,5,2,196,5,low,M,10,5111,0,No,41.4
5161,D,Ship,4,2,157,4,low,F,6,4964,0,No,40.9
5162,F,Ship,4,3,130,3,medium,F,3,4317,0,No,44.4
5163,A,Ship,3,3,273,2,medium,F,7,5491,0,No,42.6
5164,B,Ship,4,5,154,3,medium,F,9,5489,1,No,43.8
5165,C,Ship,4,2,166,3,medium,F,8,4758,0,No,43.6
5166,F,Ship,5,5,171,3,low,M,8,4227,0,No,46.7
5167,D,Ship,5,4,177,2,low,M,2,5618,1,No,44.5
5168,F,Ship,2,5,195,3,low,M,3,5785,0,No,43.4
5169,A,Ship,5,4,269,2,low,F,9,5517,0,No,43.6
5170,B,Ship,4,1,196,3,low,M,4,4634,1,No,43.2
5171,C,Ship,3,1,244,3,high,M,7,5140,1,No,43.5
5172,F,Ship,3,3,137,3,medium,M,1,5490,1,No,44.8
5173,D,Ship,3,2,201,3,high,M,6,5165,1,No,43.4
5174,F,Ship,3,3,211,3,medium,M,7,5185,0,No,43.2
5175,A,Ship,5,3,266,3,medium,F,4,4195,0,No,45.8
5176,B,Ship,5,3,222,2,low,F,2,5953,1,No,45.9
5177,C,Ship,5,4,241,4,high,M,6,4412,1,No,41.7
5178,F,Ship,3,2,226,4,medium,F,8,5225,0,No,42.4
5179,D,Ship,3,5,254,3,medium,M,3,4072,0,No,49.4
5180,F,Road,4,5,222,3,medium,F,8,4950,0,No,43.5
5181,A,Road,4,4,148,3,medium,F,5,4892,0,No,43.3
5182,B,Road,4,3,194,3,medium,M,3,5916,1,No,43.6
5183,C,Road,4,1,177,2,high,F,7,5599,1,No,42.7
5184,F,Road,2,2,150,3,low,F,6,5854,1,No,40.1
5185,D,Road,3,2,111,2,low,F,4,4245,1,No,43.4
5186,F,Road,5,4,172,3,low,F,3,5064,1,No,45.3
5187,A,Road,4,5,234,3,low,M,3,5438,0,No,43.2
5188,B,Road,5,5,257,4,medium,M,10,5180,1,No,41.2
5189,C,Road,3,1,221,3,high,M,3,5005,1,No,43.6
5190,F,Road,5,1,171,5,medium,F,8,4699,0,No,42.3
5191,D,Road,4,4,231,2,low,F,4,5825,0,No,42.2
5192,F,Road,5,5,187,4,medium,F,9,5326,0,No,41.8
5193,A,Road,5,4,233,3,low,M,8,5076,1,No,45.0
5194,B,Road,4,4,268,6,medium,F,3,4834,0,No,41.6
5195,C,Road,4,2,262,3,low,F,9,4941,0,No,43.2
5196,F,Road,3,4,284,10,low,M,8,4562,1,No,41.7
5197,D,Road,3,3,259,3,medium,F,5,4664,0,No,43.8
5198,F,Road,3,1,221,10,medium,M,10,5473,0,No,41.0
5199,A,Road,5,5,271,4,high,F,6,4547,1,No,41.0
5200,B,Road,5,4,249,3,high,F,2,4397,1,No,46.0
5201,C,Road,5,5,259,3,medium,F,5,4315,0,No,46.1
5202,F,Flight,3,1,176,3,low,M,5,5316,1,No,43.2
5203,D,Flight,4,1,139,3,low,M,6,4942,1,No,43.3
5204,F,Flight,3,4,243,3,medium,F,8,4959,0,No,43.5
5205,A,Flight,5,2,248,3,medium,M,5,5946,0,No,45.1
5206,B,Flight,3,5,247,3,low,F,4,5891,1,No,43.3
5207,C,Flight,5,5,230,10,high,M,10,5619,1,No,43.0
5208,F,Flight,5,3,134,3,high,M,8,5016,0,No,45.0
5209,D,Flight,4,1,184,3,low,F,8,4667,0,No,43.6
5210,F,Flight,4,5,263,3,medium,F,6,5445,0,No,43.1
5211,A,Flight,5,4,121,5,high,F,4,4814,0,No,42.0
5212,B,Flight,3,2,160,3,medium,M,3,5807,0,No,45.0
5213,C,Flight,4,2,229,4,medium,M,3,5340,0,No,41.1
5214,F,Flight,7,3,306,4,medium,M,4,1739,1,No,47.1
5215,D,Flight,6,2,291,4,low,M,8,1019,0,No,42.3
5216,F,Flight,6,4,292,4,low,F,10,1321,1,No,45.8
5217,A,Flight,6,2,293,5,low,M,2,1494,0,No,48.3
5218,B,Flight,6,4,275,4,low,M,9,1585,0,No,45.4
5219,C,Flight,6,3,274,4,low,M,2,1833,1,No,48.3
5220,F,Flight,7,5,310,4,low,F,5,1975,0,No,46.1
5221,D,Flight,6,3,292,4,low,F,10,1270,0,No,45.9
5222,F,Flight,6,5,256,5,low,M,10,1686,0,No,45.9
5223,A,Flight,4,5,234,3,low,M,5,5213,0,No,43.2
5224,B,Ship,5,1,257,4,medium,M,1,4924,0,No,42.9
5225,C,Ship,3,1,221,3,high,M,1,4948,0,No,44.9
5226,F,Ship,5,1,171,5,medium,F,2,5921,1,No,49.3
5227,D,Ship,4,1,231,2,low,F,1,5917,1,No,46.7
5228,F,Ship,5,1,187,4,medium,F,8,5164,0,No,42.5
5229,A,Ship,5,1,233,3,low,M,10,5289,0,No,44.1
5230,B,Ship,4,2,268,6,medium,M,2,4348,0,No,41.4
5231,C,Ship,4,3,262,3,low,M,9,4404,1,No,43.7
5232,F,Ship,3,4,284,10,low,M,5,5479,0,No,43.4
5233,D,Ship,3,3,259,3,medium,F,4,4259,0,No,44.0
5234,F,Ship,3,5,221,10,medium,F,7,5743,1,No,44.9
5235,A,Ship,5,5,271,4,high,M,10,4305,1,No,41.2
5236,B,Ship,5,2,249,3,high,F,8,5000,1,No,45.0
5237,C,Ship,5,5,259,3,medium,F,1,4608,0,No,45.9
5238,F,Ship,3,1,176,3,low,F,7,4276,0,No,44.8
5239,D,Ship,4,1,139,3,low,F,1,5502,1,No,44.4
5240,F,Ship,3,1,243,3,medium,F,2,5827,1,No,43.8
5241,A,Ship,5,3,248,3,medium,M,10,5567,1,No,43.9
5242,B,Ship,3,4,247,3,low,M,6,4873,0,No,43.4
5243,C,Ship,5,5,230,10,high,F,3,5391,0,No,41.9
5244,F,Ship,5,5,134,3,high,F,5,5783,1,No,46.3
5245,D,Ship,4,2,184,3,low,M,10,4931,0,No,43.1
5246,F,Ship,4,4,263,3,medium,M,10,4680,0,No,43.2
5247,A,Ship,5,2,121,5,high,F,4,5833,0,No,41.4
5248,B,Ship,3,1,160,3,medium,F,4,5132,0,No,43.5
5249,C,Ship,4,1,229,4,medium,F,2,5378,1,No,41.4
5250,F,Ship,7,5,306,4,medium,F,2,1281,0,No,48.8
5251,D,Ship,6,2,291,4,low,F,7,1046,0,No,46.8
5252,F,Ship,6,4,292,4,low,M,9,1056,1,No,46.8
5253,A,Ship,6,5,293,5,low,F,1,1278,0,No,48.1
5254,B,Ship,6,4,275,4,low,M,10,1266,1,No,45.9
5255,C,Ship,6,3,274,4,low,M,10,1174,0,No,46.2
5256,F,Ship,7,2,310,4,low,M,4,1806,0,No,47.0
5257,D,Ship,6,5,292,4,low,F,10,1969,1,No,44.6
5258,F,Ship,6,1,275,4,low,F,5,1228,0,No,46.4
5259,A,Ship,7,3,310,4,medium,M,8,1860,1,No,47.4
5260,B,Ship,7,5,281,4,low,M,8,1987,1,No,47.7
5261,C,Ship,6,5,256,4,low,M,5,1033,1,No,46.5
5262,F,Ship,6,4,304,4,low,F,2,1749,0,No,48.5
5263,D,Ship,6,4,285,4,medium,M,6,1582,0,No,45.6
5264,F,Ship,7,4,283,5,low,M,6,1882,1,No,46.6
5265,A,Ship,6,1,304,4,low,F,4,1236,1,No,46.4
5266,B,Ship,6,3,282,4,medium,M,3,1661,0,No,48.1
5267,C,Ship,6,2,304,5,medium,M,6,1178,1,No,45.6
5268,F,Ship,6,2,301,5,medium,M,3,1844,1,No,47.9
5269,D,Ship,7,2,296,4,low,F,6,1005,1,No,44.9
5270,F,Ship,6,4,264,4,low,M,1,1660,1,No,48.3
5271,A,Ship,6,4,306,4,low,F,6,1461,0,No,45.6
5272,B,Ship,7,4,243,4,medium,F,6,1362,1,No,45.9
5273,C,Ship,6,2,286,4,low,M,9,1418,0,No,45.4
5274,F,Ship,6,2,247,4,medium,M,1,1668,0,No,48.3
5275,D,Ship,7,5,292,5,low,M,5,1932,1,No,47.7
5276,F,Ship,6,2,281,2,medium,F,9,1715,1,Yes,72.4
5277,A,Ship,6,5,294,4,low,M,4,1302,0,No,46.4
5278,B,Ship,5,1,279,4,low,F,3,1499,0,No,47.9
5279,C,Ship,6,4,298,4,medium,M,9,1629,0,No,45.6
5280,F,Ship,6,3,248,4,low,F,6,1997,1,Yes,57.6
5281,D,Ship,6,5,261,4,low,F,3,1217,1,No,47.9
5282,F,Ship,5,2,136,2,low,M,3,1370,0,Yes,77.9
5283,A,Ship,6,3,259,5,medium,F,1,1271,0,No,48.1
5284,B,Ship,6,4,292,4,medium,F,7,1094,1,No,46.5
5285,C,Ship,7,4,305,4,medium,F,6,1873,0,No,46.2
5286,F,Ship,6,2,304,4,low,F,9,1392,0,No,45.4
5287,D,Ship,3,5,218,2,low,M,4,5142,0,No,42.9
5288,F,Ship,4,1,268,3,medium,M,6,4681,1,No,43.4
5289,A,Ship,2,3,110,5,low,M,3,4124,0,No,45.2
5290,B,Ship,4,4,248,3,low,F,1,5198,0,No,44.4
5291,C,Ship,4,3,194,2,medium,M,4,5780,1,No,45.0
5292,F,Ship,5,4,151,2,low,F,10,5643,1,No,43.3
5293,D,Ship,3,2,205,2,low,M,6,4853,0,No,42.6
5294,F,Ship,2,1,275,2,low,F,5,4163,1,No,43.3
5295,A,Ship,5,3,229,2,medium,M,10,5149,0,No,43.2
5296,B,Ship,3,4,169,3,low,F,4,5716,0,No,43.8
5297,C,Ship,3,1,137,5,low,F,8,4980,1,No,42.5
5298,F,Ship,3,2,263,3,medium,F,3,4181,0,No,44.3
5299,D,Ship,5,4,187,3,low,F,1,4181,0,No,47.3
5300,F,Ship,4,3,287,4,low,M,6,5889,0,No,41.5
5301,A,Ship,4,4,134,2,medium,F,5,5230,0,No,42.5
5302,B,Ship,5,4,244,3,medium,F,3,4015,0,Yes,55.2
5303,C,Ship,4,3,229,2,medium,F,8,5868,0,No,41.4
5304,F,Ship,5,1,203,5,medium,M,2,4845,0,No,42.5
5305,D,Ship,4,5,183,2,medium,F,8,4422,0,No,42.8
5306,F,Ship,4,2,146,2,medium,M,4,4348,1,No,42.7
5307,A,Ship,4,4,252,3,medium,M,1,5676,1,No,44.0
5308,B,Ship,3,5,133,3,medium,M,7,4314,0,No,44.6
5309,C,Ship,3,3,207,3,low,M,7,4816,1,No,43.6
5310,F,Ship,3,4,243,3,medium,M,8,5705,1,No,44.0
5311,D,Ship,2,1,219,4,low,M,7,5573,1,No,40.5
5312,F,Ship,3,1,182,2,low,F,3,5510,1,No,42.7
5313,A,Ship,5,5,257,3,medium,F,5,5084,0,No,45.1
5314,B,Ship,4,2,256,4,medium,M,4,5469,0,No,41.1
5315,C,Ship,3,5,181,4,high,F,1,4971,1,No,42.5
5316,F,Ship,3,1,219,3,medium,M,6,4893,1,No,43.4
5317,D,Road,4,3,227,2,low,M,3,4375,0,No,43.0
5318,F,Road,3,5,232,2,high,F,8,5146,0,No,42.7
5319,A,Road,6,4,143,4,medium,M,4,4401,0,No,42.6
5320,B,Road,4,3,274,3,high,F,7,5517,0,No,43.5
5321,C,Road,4,4,186,3,low,F,2,4430,0,No,43.7
5322,F,Road,3,4,273,3,low,M,3,5163,1,No,43.6
5323,D,Road,3,3,199,3,low,M,7,5258,1,No,43.5
5324,F,Road,4,4,238,3,medium,F,5,4724,1,No,43.3
5325,A,Road,4,3,175,3,medium,F,4,5784,0,No,44.9
5326,B,Road,4,2,252,6,medium,M,2,5476,0,No,41.3
5327,C,Road,6,1,250,3,low,M,5,5621,1,No,45.1
5328,F,Road,3,2,254,2,medium,F,10,5608,0,No,42.2
5329,D,Road,2,4,201,2,high,M,2,5115,0,No,40.9
5330,F,Road,5,1,234,3,high,F,9,5548,0,No,44.3
5331,A,Road,4,2,164,4,low,M,2,5008,0,No,41.6
5332,B,Road,4,1,197,3,low,M,2,4326,0,No,43.4
5333,C,Road,4,3,158,4,medium,M,7,4460,0,No,42.0
5334,F,Road,3,2,158,3,medium,M,4,5335,0,No,43.3
5335,D,Road,5,3,111,4,medium,F,8,4575,0,No,42.1
5336,F,Road,5,3,215,3,low,F,2,4731,1,No,45.6
5337,A,Road,6,3,233,3,medium,F,9,4293,1,No,46.4
5338,B,Road,4,4,204,3,medium,M,8,5614,0,No,43.6
5339,C,Flight,2,5,254,2,low,M,10,5718,1,No,42.7
5340,F,Flight,5,1,162,3,medium,F,1,5537,0,No,45.9
5341,D,Flight,4,1,249,5,low,M,9,4396,0,No,41.6
5342,F,Flight,3,2,151,3,low,F,7,5154,1,No,43.5
5343,A,Flight,4,2,243,2,medium,F,6,4573,0,No,42.2
5344,B,Flight,4,2,181,3,low,M,4,5078,0,No,43.4
5345,C,Flight,4,3,241,2,medium,F,4,5942,1,No,42.9
5346,F,Flight,3,3,175,3,low,M,2,5740,1,No,45.4
5347,D,Flight,3,1,191,2,medium,F,10,5073,0,No,42.2
5348,F,Flight,4,5,260,3,high,M,10,4919,0,No,43.1
5349,A,Flight,4,1,263,4,low,M,9,4390,0,No,41.3
5350,B,Flight,4,1,254,2,low,M,10,4230,1,No,42.0
5351,C,Flight,5,5,103,6,medium,F,2,4860,0,No,41.9
5352,F,Flight,5,2,254,5,medium,F,2,5655,1,No,43.1
5353,D,Flight,5,4,235,2,medium,M,9,5549,0,No,43.0
5354,F,Flight,4,3,167,3,medium,F,1,4621,1,No,44.5
5355,A,Flight,4,5,140,5,medium,F,3,4191,1,No,40.7
5356,B,Flight,4,1,231,3,medium,M,2,4940,0,No,43.6
5357,C,Flight,2,4,144,4,low,F,8,5760,1,No,41.8
5358,F,Flight,4,5,183,2,medium,F,2,4533,1,No,43.0
5359,D,Flight,4,3,149,3,low,F,3,5542,0,No,43.2
5360,F,Flight,4,4,145,2,medium,M,8,5645,1,No,42.7
5361,A,Ship,3,3,223,3,medium,F,4,5062,1,No,43.5
5362,B,Ship,4,2,251,2,low,F,10,4898,1,No,42.3
5363,C,Ship,4,2,240,3,medium,M,9,5170,1,No,43.3
5364,F,Ship,4,5,226,5,low,F,5,4833,0,No,41.5
5365,D,Ship,4,1,200,2,low,M,5,5072,1,No,42.6
5366,F,Ship,3,4,213,3,high,F,4,5996,0,Yes,50.7
5367,A,Ship,3,4,166,2,low,F,10,5258,0,No,42.3
5368,B,Ship,5,2,203,6,medium,F,7,5289,0,No,42.9
5369,C,Ship,3,4,175,2,medium,M,9,5643,1,No,42.3
5370,F,Ship,4,2,197,3,low,F,6,5826,0,No,42.3
5371,D,Ship,4,1,158,3,medium,M,5,5782,0,No,44.6
5372,F,Ship,4,2,257,2,low,M,7,5325,1,No,42.7
5373,A,Ship,3,1,183,2,medium,F,3,4042,0,Yes,53.2
5374,B,Ship,3,3,254,2,medium,M,8,4890,1,No,42.7
5375,C,Ship,3,1,219,2,medium,F,10,4390,1,No,42.4
5376,F,Ship,3,5,271,4,low,M,3,5831,1,No,42.4
5377,D,Ship,4,4,236,2,medium,F,5,5266,0,No,42.5
5378,F,Ship,5,1,170,4,high,M,6,5258,1,No,41.5
5379,A,Ship,5,4,203,2,high,F,2,4190,1,No,45.1
5380,B,Ship,3,5,258,3,low,M,5,4314,1,No,44.6
5381,C,Ship,4,5,228,2,low,F,4,4783,1,No,42.9
5382,F,Ship,6,3,251,5,medium,M,8,4877,0,No,42.9
5383,D,Ship,3,3,166,2,medium,M,4,4254,1,No,43.0
5384,F,Ship,3,5,147,3,low,F,4,5042,0,No,43.5
5385,A,Ship,5,4,248,4,medium,F,5,4271,1,No,41.8
5386,B,Ship,3,2,238,4,low,F,7,5254,0,No,42.4
5387,C,Ship,4,4,219,2,medium,M,7,4604,0,No,42.1
5388,F,Ship,5,2,226,3,medium,M,6,4700,1,No,45.5
5389,D,Ship,3,3,211,4,low,M,7,4733,0,No,42.5
5390,F,Ship,5,4,139,3,medium,F,6,5721,0,No,45.8
5391,A,Ship,4,2,137,2,medium,F,2,5804,1,No,45.7
5392,B,Ship,4,4,222,2,medium,M,7,4343,0,No,42.9
5393,C,Ship,2,3,257,2,low,F,1,5331,1,No,41.8
5394,F,Ship,5,1,186,4,medium,M,5,5239,0,No,41.8
5395,D,Ship,4,2,262,3,low,M,4,5085,0,No,43.4
5396,F,Ship,4,3,248,3,low,M,5,4781,1,No,43.3
5397,A,Ship,5,3,245,3,medium,F,5,5663,0,No,44.9
5398,B,Ship,5,3,202,4,low,M,6,5107,0,No,41.5
5399,C,Ship,4,3,279,6,medium,M,2,5405,0,No,41.3
5400,F,Ship,5,1,263,3,medium,M,6,4505,1,No,46.0
5401,D,Ship,3,5,227,4,low,F,9,4647,0,No,41.3
5402,F,Ship,5,3,245,4,high,M,8,4129,1,No,44.5
5403,A,Ship,4,5,142,2,medium,F,7,4594,1,No,42.1
5404,B,Ship,5,3,192,3,medium,F,6,4037,1,Yes,57.8
5405,C,Ship,4,3,190,4,medium,M,4,4102,1,No,47.7
5406,F,Ship,2,2,146,4,low,M,4,5817,0,No,39.1
5407,D,Ship,4,3,161,2,medium,M,3,4391,1,No,43.0
5408,F,Ship,3,3,192,3,low,F,1,4180,1,No,46.5
5409,A,Ship,3,1,267,3,low,M,5,5528,0,No,43.2
5410,B,Ship,5,5,186,4,medium,F,9,5592,1,No,42.1
5411,C,Ship,4,2,149,5,medium,F,8,4209,0,No,41.0
5412,F,Ship,4,4,246,3,low,M,2,5473,1,No,43.3
5413,D,Ship,3,2,177,4,low,F,3,5527,0,No,41.5
5414,F,Ship,4,5,199,2,low,F,8,4463,0,No,42.7
5415,A,Ship,5,2,247,3,medium,F,3,4698,1,No,45.4
5416,B,Ship,4,5,157,3,medium,F,2,4343,1,No,43.4
5417,C,Ship,3,1,202,3,medium,F,9,4322,0,No,44.4
5418,F,Ship,4,2,150,3,low,M,6,5787,1,No,44.6
5419,D,Ship,5,5,209,2,low,F,3,4348,0,No,44.5
5420,F,Ship,5,3,223,3,low,M,6,5977,0,No,44.5
5421,A,Ship,3,3,234,3,low,F,8,4839,1,No,43.6
5422,B,Ship,6,1,147,3,medium,F,5,4012,0,Yes,65.6
5423,C,Ship,6,5,201,5,medium,M,3,5771,0,No,44.2
5424,F,Ship,5,3,134,2,low,M,10,5279,1,No,43.2
5425,D,Ship,4,1,229,4,low,F,3,4352,1,No,41.5
5426,F,Ship,4,4,200,4,low,F,3,5583,1,No,41.1
5427,A,Ship,4,4,239,3,low,M,4,4756,0,No,43.4
5428,B,Ship,5,4,237,6,medium,M,2,4541,0,No,41.6
5429,C,Ship,5,2,121,5,medium,F,10,4790,0,No,41.5
5430,F,Ship,3,4,156,3,medium,M,6,5255,1,No,43.3
5431,D,Ship,5,3,195,4,low,F,9,5577,0,No,41.6
5432,F,Ship,4,4,261,3,high,M,9,5515,0,No,43.8
5433,A,Ship,2,1,255,2,medium,M,9,5936,1,No,42.8
5434,B,Ship,3,5,212,4,low,F,9,5791,0,No,41.9
5435,C,Ship,4,4,241,3,low,F,8,5206,1,No,43.3
5436,F,Ship,4,5,266,3,medium,F,4,5928,1,No,43.4
5437,D,Ship,4,5,253,2,low,M,8,5652,0,No,42.7
5438,F,Ship,4,3,192,3,medium,F,10,5190,0,No,43.0
5439,A,Ship,4,4,263,4,medium,M,7,4041,1,Yes,50.5
5440,B,Ship,4,5,198,6,medium,F,6,5380,0,No,41.5
5441,C,Ship,3,1,225,2,high,M,6,5274,1,No,42.6
5442,F,Ship,3,1,209,2,medium,F,3,4184,0,No,43.4
5443,D,Ship,3,4,222,3,medium,M,3,4068,0,Yes,51.1
5444,F,Ship,3,1,162,3,medium,F,7,5971,0,No,42.3
5445,A,Ship,5,1,217,2,medium,M,6,5518,0,No,44.0
5446,B,Ship,3,5,252,4,low,F,7,5328,1,No,42.4
5447,C,Ship,4,1,236,3,low,F,4,4248,0,No,43.6
5448,F,Ship,4,4,113,3,medium,F,1,5610,1,No,44.2
5449,D,Ship,6,4,157,6,low,F,9,5354,1,No,42.2
5450,F,Ship,5,3,169,4,low,F,4,5683,0,No,41.3
5451,A,Ship,5,3,268,3,medium,F,9,4152,1,No,44.7
5452,B,Ship,4,4,259,7,medium,M,7,4408,0,No,43.4
5453,C,Ship,3,2,135,7,medium,F,5,4716,0,No,43.7
5454,F,Road,4,1,196,5,low,M,7,5380,0,No,42.1
5455,D,Road,5,5,132,2,high,F,1,4233,0,No,46.7
5456,F,Road,3,5,256,2,medium,F,9,5750,0,No,43.3
5457,A,Road,3,5,240,8,low,M,9,4436,1,No,42.3
5458,B,Road,2,3,225,7,high,M,7,4009,1,Yes,74.8
5459,C,Road,5,2,205,3,low,F,3,5182,0,No,45.0
5460,F,Road,4,4,146,3,low,F,10,5805,0,No,43.6
5461,D,Road,7,3,281,4,low,F,4,1480,0,No,46.7
5462,F,Road,6,4,256,4,low,F,2,1752,1,No,48.4
5463,A,Road,6,2,304,4,low,M,2,1256,1,No,48.3
5464,B,Road,6,4,285,4,medium,M,9,1180,0,No,45.8
5465,C,Road,7,5,283,5,low,M,8,1578,0,No,47.0
5466,F,Road,6,4,304,4,low,M,6,1890,1,No,45.3
5467,D,Road,6,1,282,4,medium,M,4,1716,0,No,46.5
5468,F,Road,6,3,304,5,medium,F,6,1184,0,No,45.6
5469,A,Road,6,5,301,5,medium,M,3,1628,0,No,48.1
5470,B,Road,7,1,296,4,low,F,10,1230,1,No,47.1
5471,C,Road,6,5,264,4,low,M,1,1039,1,No,48.2
5472,F,Road,6,4,306,4,low,M,9,1595,0,No,45.4
5473,D,Road,4,1,241,3,low,M,4,4493,1,No,43.2
5474,F,Road,4,5,266,3,medium,M,8,4889,0,No,43.5
5475,A,Road,4,4,253,2,low,F,6,5892,0,No,42.5
5476,B,Flight,4,2,192,3,medium,F,3,4922,0,No,43.4
5477,C,Flight,4,5,263,4,medium,F,7,4243,1,No,41.8
5478,F,Flight,4,4,198,6,medium,M,9,5730,1,No,43.5
5479,D,Flight,3,4,225,2,high,M,5,5997,0,No,41.7
5480,F,Flight,3,2,209,2,medium,M,6,5095,1,No,42.6
5481,A,Flight,3,1,222,3,medium,F,8,4650,1,No,43.6
5482,B,Flight,3,5,162,3,medium,M,1,4480,0,No,44.8
5483,C,Flight,5,4,217,2,medium,M,4,4380,1,No,44.6
5484,F,Flight,3,4,252,4,low,F,10,5495,0,No,41.2
5485,D,Flight,4,5,236,3,low,M,8,4132,0,No,41.7
5486,F,Flight,4,5,113,3,medium,F,10,4053,1,Yes,52.5
5487,A,Flight,6,1,157,6,low,M,1,4631,1,No,43.3
5488,B,Flight,5,5,169,4,low,F,2,4188,0,No,42.9
5489,C,Flight,5,5,268,3,medium,M,2,4459,1,No,46.0
5490,F,Flight,4,1,259,7,medium,F,4,5102,0,No,43.0
5491,D,Flight,3,2,135,7,medium,M,8,4901,0,No,43.5
5492,F,Flight,4,4,196,5,low,F,6,4258,0,No,40.7
5493,A,Flight,5,5,132,2,high,M,6,4392,0,No,45.1
5494,B,Flight,3,5,256,2,medium,F,4,5368,1,No,42.7
5495,C,Flight,3,2,240,8,low,F,9,4908,0,No,43.0
5496,F,Flight,2,2,225,7,high,M,9,4947,1,No,43.1
5497,D,Flight,5,2,205,3,low,F,2,4270,0,No,45.6
5498,F,Ship,4,4,146,3,low,M,10,4472,1,No,43.1
5499,A,Ship,7,3,281,4,low,M,1,1215,1,No,49.0
5500,B,Ship,6,4,256,4,low,F,9,1676,0,No,45.6
5501,C,Ship,6,4,304,4,low,M,7,1226,1,No,46.5
5502,F,Ship,6,2,285,4,medium,M,6,1016,1,No,42.0
5503,D,Ship,7,2,283,5,low,F,10,1722,1,No,47.3
5504,F,Ship,6,5,304,4,low,F,6,1864,1,No,45.5
5505,A,Ship,6,2,282,4,medium,M,8,1553,0,No,46.2
5506,B,Ship,6,3,304,5,medium,F,10,1254,1,No,45.8
5507,C,Ship,6,5,301,5,medium,F,7,1209,1,No,46.5
5508,F,Ship,7,1,296,4,low,M,4,1446,0,No,46.7
5509,D,Ship,6,5,264,4,low,F,4,1822,1,No,46.4
5510,F,Ship,6,4,304,4,low,M,6,1342,0,No,45.6
5511,A,Ship,6,2,305,4,low,M,8,1015,0,No,42.3
5512,B,Ship,6,2,309,4,low,M,7,1941,0,No,46.3
5513,C,Ship,6,5,266,4,medium,F,6,1312,1,No,45.7
5514,F,Ship,4,1,233,4,low,M,2,1809,0,No,49.2
5515,D,Ship,5,3,287,4,low,M,2,1437,0,No,48.3
5516,F,Ship,6,5,268,4,low,M,10,1170,0,No,46.2
5517,A,Ship,6,2,290,4,medium,M,2,1070,1,No,48.3
5518,B,Ship,7,4,291,4,high,M,4,1248,1,No,46.8
5519,C,Ship,5,3,227,5,medium,M,2,1965,0,No,47.6
5520,F,Ship,3,5,222,2,low,M,9,1321,0,Yes,81.7
5521,D,Ship,6,5,301,4,medium,F,2,1943,0,No,48.3
5522,F,Ship,6,2,304,4,medium,F,10,1983,1,No,46.3
5523,A,Ship,4,2,133,3,low,M,2,1212,1,Yes,82.4
5524,B,Ship,4,1,218,5,low,F,5,1238,0,No,47.0
5525,C,Ship,5,5,304,5,low,F,8,1949,1,No,46.1
5526,F,Ship,6,1,260,4,medium,M,9,1698,1,No,45.6
5527,D,Ship,6,5,252,4,low,F,9,1460,0,No,45.4
5528,F,Ship,4,2,253,5,low,M,5,1812,0,No,46.8
5529,A,Ship,6,4,248,4,low,F,6,1851,0,No,45.5
5530,B,Ship,5,3,237,5,medium,F,4,1733,1,No,46.4
5531,C,Ship,5,3,264,5,medium,F,5,1399,0,No,46.2
5532,F,Ship,6,1,308,4,medium,M,1,1216,1,No,48.2
5533,D,Ship,7,3,270,4,medium,F,10,1211,0,No,47.1
5534,F,Ship,6,3,269,4,medium,F,6,1822,1,No,45.6
5535,A,Ship,6,1,271,4,low,F,9,1302,0,No,45.5
5536,B,Ship,7,1,244,5,medium,F,3,1418,1,No,47.8
5537,C,Ship,6,2,245,4,low,F,8,1904,0,No,45.9
5538,F,Ship,5,4,219,5,low,M,5,1388,1,No,46.2
5539,D,Ship,6,2,257,4,low,F,4,1929,1,No,46.3
5540,F,Ship,3,3,226,3,low,M,4,5048,0,No,43.5
5541,A,Ship,4,4,200,2,low,M,5,5783,0,No,44.0
5542,B,Ship,4,4,260,2,low,M,3,5801,0,No,44.6
5543,C,Ship,3,4,142,2,medium,F,7,5346,0,No,42.6
5544,F,Ship,5,3,193,5,medium,M,3,5888,0,No,42.7
5545,D,Ship,5,2,180,3,medium,M,1,4655,1,No,46.4
5546,F,Ship,4,3,232,3,medium,F,8,5298,1,No,43.6
5547,A,Ship,3,2,148,2,low,F,1,4133,1,No,43.3
5548,B,Ship,5,3,205,4,low,M,9,4277,0,No,41.2
5549,C,Ship,3,4,212,3,medium,F,3,4811,0,No,43.6
5550,F,Ship,3,4,168,2,medium,M,9,5235,1,No,42.3
5551,D,Ship,3,5,145,2,low,F,2,4232,1,No,44.5
5552,F,Ship,3,5,253,3,medium,M,9,5979,1,No,42.5
5553,A,Ship,3,5,143,2,low,F,6,4253,0,No,43.0
5554,B,Ship,4,2,267,5,low,M,9,4720,1,No,41.5
5555,C,Ship,6,1,123,5,medium,M,5,5323,1,No,42.3
5556,F,Ship,5,1,106,5,medium,F,4,4180,0,No,41.6
5557,D,Ship,2,2,249,3,low,F,3,4129,1,No,45.4
5558,F,Ship,5,1,178,2,low,F,5,4369,0,No,44.5
5559,A,Ship,4,3,148,4,low,F,1,4243,0,No,42.2
5560,B,Ship,4,1,144,4,medium,M,6,5197,1,No,41.0
5561,C,Ship,3,1,249,2,low,F,2,5572,1,No,43.2
5562,F,Ship,5,5,128,3,low,M,9,5143,1,No,44.4
5563,D,Ship,4,4,228,4,high,M,1,5573,0,No,41.7
5564,F,Ship,3,4,242,2,low,F,10,5559,1,No,42.0
5565,A,Ship,4,2,272,3,medium,F,1,4933,1,No,44.6
5566,B,Ship,4,1,173,2,medium,F,8,4893,0,No,42.7
5567,C,Ship,3,2,189,6,low,M,7,4329,0,No,42.5
5568,F,Ship,4,2,245,2,low,M,3,4000,0,Yes,65.5
5569,D,Ship,4,1,211,3,high,M,5,5757,1,No,45.1
5570,F,Ship,2,1,214,3,high,M,1,4391,0,No,42.0
5571,A,Ship,5,4,215,2,low,F,1,5669,0,No,45.2
5572,B,Ship,3,1,248,2,medium,M,1,5703,0,No,45.5
5573,C,Ship,3,1,225,3,medium,M,2,4284,0,No,43.8
5574,F,Ship,5,1,120,3,low,M,7,4381,1,No,47.0
5575,D,Ship,5,2,243,3,low,F,8,4133,1,No,44.5
5576,F,Ship,3,4,214,2,low,M,10,4794,0,No,42.2
5577,A,Ship,3,1,144,3,low,F,8,5221,1,No,43.6
5578,B,Ship,3,1,242,6,low,M,10,5493,1,No,42.1
5579,C,Ship,4,5,160,5,medium,F,3,4648,1,No,41.4
5580,F,Ship,5,5,139,4,medium,F,3,4433,1,No,42.3
5581,D,Ship,3,1,221,4,medium,F,8,5971,0,No,43.0
5582,F,Ship,5,5,266,2,medium,M,7,5712,1,No,44.7
5583,A,Ship,5,4,140,4,low,F,10,4528,0,No,41.3
5584,B,Ship,4,4,134,2,low,M,1,5209,1,No,44.3
5585,C,Ship,3,3,260,2,low,M,7,5738,0,No,43.6
5586,F,Ship,5,4,261,6,medium,F,4,5349,0,No,42.1
5587,D,Ship,5,2,274,4,medium,F,7,4929,0,No,42.4
5588,F,Ship,4,5,263,3,medium,M,3,4020,0,Yes,53.3
5589,A,Ship,4,4,189,4,medium,F,9,5838,1,No,40.7
5590,B,Ship,4,5,257,2,low,M,3,5394,0,No,42.7
5591,C,Road,5,5,195,4,medium,M,1,4482,0,No,43.1
5592,F,Road,2,3,201,3,medium,M,5,5733,1,No,42.6
5593,D,Road,4,4,264,4,medium,M,9,5186,0,No,41.4
5594,F,Road,3,2,180,2,high,M,10,4024,0,Yes,54.7
5595,A,Road,3,1,220,3,low,F,6,5572,1,No,43.2
5596,B,Road,5,1,113,3,medium,F,6,5509,1,No,44.9
5597,C,Road,4,2,168,2,high,F,9,5684,0,No,41.3
5598,F,Road,5,2,251,3,low,M,9,4298,1,No,46.1
5599,D,Road,4,2,245,3,medium,F,2,4835,1,No,43.6
5600,F,Road,4,4,164,4,medium,F,1,4365,1,No,42.4
5601,A,Road,3,1,232,2,medium,M,4,5806,1,No,44.7
5602,B,Road,4,3,138,3,high,M,2,5358,0,No,43.3
5603,C,Road,4,2,233,3,low,F,3,5740,1,No,44.8
5604,F,Road,4,4,150,2,medium,F,1,4711,1,No,44.5
5605,D,Road,3,5,253,2,medium,M,7,5846,0,No,41.5
5606,F,Road,4,4,179,3,medium,M,5,4061,1,Yes,53.9
5607,A,Road,5,2,135,2,medium,M,4,5405,0,No,44.1
5608,B,Road,3,1,166,2,medium,F,9,5853,1,No,41.0
5609,C,Road,3,4,196,2,medium,F,5,4342,1,No,43.0
5610,F,Road,4,4,238,2,low,F,4,4337,1,No,42.7
5611,D,Road,2,2,159,6,low,F,6,4044,0,No,49.4
5612,F,Road,3,5,226,2,medium,M,3,4208,1,No,43.4
5613,A,Flight,5,1,182,5,high,F,6,5398,0,No,41.4
5614,B,Flight,5,5,173,3,low,M,4,5265,1,No,45.1
5615,C,Flight,3,2,257,5,low,M,5,4130,1,No,43.9
5616,F,Flight,2,3,223,3,low,F,9,5653,0,No,42.8
5617,D,Flight,4,2,194,3,low,F,3,5174,0,No,43.2
5618,F,Flight,5,4,281,3,low,F,10,5675,0,No,44.1
5619,A,Flight,5,4,236,3,medium,F,1,5711,0,No,46.6
5620,B,Flight,3,5,165,4,low,M,6,4795,1,No,41.2
5621,C,Flight,4,2,200,2,low,F,8,4222,0,No,43.2
5622,F,Flight,3,3,168,4,low,F,2,4541,1,No,41.7
5623,D,Flight,4,3,266,6,medium,F,5,5209,0,No,42.3
5624,F,Flight,2,1,226,2,medium,F,1,5576,0,No,41.3
5625,A,Flight,5,3,143,2,medium,M,5,5612,1,No,43.9
5626,B,Flight,4,2,116,3,low,F,2,5602,1,No,43.3
5627,C,Flight,4,4,139,2,high,F,9,4446,1,No,42.6
5628,F,Flight,4,3,248,2,medium,F,2,4700,0,No,43.3
5629,D,Flight,5,4,135,2,low,M,5,5834,0,No,43.3
5630,F,Flight,4,4,265,2,medium,F,9,4106,0,Yes,50.7
5631,A,Flight,5,5,175,6,medium,F,2,4995,1,No,41.9
5632,B,Flight,6,2,256,3,medium,M,1,4435,1,No,47.4
5633,C,Flight,5,4,217,2,medium,F,3,5925,0,No,44.9
5634,F,Flight,4,4,203,3,medium,M,8,4443,0,No,43.9
5635,D,Ship,3,4,145,2,high,F,5,5513,0,No,42.4
5636,F,Ship,3,2,268,3,low,M,9,4215,0,No,43.4
5637,A,Ship,4,5,206,2,medium,F,10,4437,0,No,42.5
5638,B,Ship,3,2,215,3,medium,F,10,4198,1,No,43.0
5639,C,Ship,4,1,177,3,medium,F,5,4382,0,No,43.7
5640,F,Ship,3,3,183,3,low,F,3,5538,0,No,43.3
5641,D,Ship,4,2,227,5,medium,M,6,4618,0,No,40.3
5642,F,Ship,4,1,209,4,medium,F,1,5057,0,No,42.1
5643,A,Ship,4,4,193,3,low,M,5,5090,1,No,43.3
5644,B,Ship,4,4,144,2,low,M,5,4380,1,No,42.8
5645,C,Ship,4,2,192,3,low,F,3,4130,1,No,45.1
5646,F,Ship,2,3,247,4,low,M,5,5725,0,No,40.8
5647,D,Ship,3,4,199,4,medium,F,6,5207,0,No,41.4
5648,F,Ship,6,5,273,5,medium,M,10,5756,1,No,42.3
5649,A,Ship,3,3,232,4,low,F,4,4662,1,No,41.5
5650,B,Ship,3,5,214,3,low,F,6,5319,0,No,43.2
5651,C,Ship,5,1,156,2,low,M,10,5086,0,No,43.2
5652,F,Ship,4,3,200,3,medium,M,5,5108,0,No,43.3
5653,D,Ship,3,5,196,3,medium,F,9,4741,1,No,43.3
5654,F,Ship,5,3,189,3,medium,F,7,5830,1,No,44.2
5655,A,Ship,5,2,266,2,low,M,3,4030,0,Yes,53.7
5656,B,Ship,4,4,198,2,medium,M,2,5725,1,No,45.1
5657,C,Ship,4,5,144,2,low,M,2,4978,0,No,43.3
5658,F,Ship,4,4,217,5,medium,M,6,5891,1,No,43.2
5659,D,Ship,5,1,169,4,medium,M,4,4541,0,No,41.6
5660,F,Ship,3,1,153,4,medium,F,1,4608,0,No,42.0
5661,A,Ship,4,4,152,2,medium,F,5,5324,0,No,42.3
5662,B,Ship,5,5,245,5,medium,F,4,4627,0,No,41.9
5663,C,Ship,4,2,237,3,low,M,2,5277,0,No,43.5
5664,F,Ship,4,2,266,2,low,F,8,5516,0,No,42.7
5665,D,Ship,4,5,216,4,medium,F,1,4458,1,No,42.1
5666,F,Ship,3,4,186,3,medium,F,4,5501,1,No,43.3
5667,A,Ship,5,3,280,4,medium,F,4,5192,0,No,41.8
5668,B,Ship,4,5,229,2,medium,F,1,4869,0,No,44.5
5669,C,Ship,3,2,225,3,low,M,3,5529,0,No,43.3
5670,F,Ship,3,5,149,3,low,F,7,4357,0,No,44.2
5671,D,Ship,5,5,200,3,low,M,6,4401,1,No,46.5
5672,F,Ship,4,2,246,3,low,F,1,5815,1,No,45.9
5673,A,Ship,3,4,150,2,low,M,1,4742,0,No,44.8
5674,B,Ship,3,1,175,3,medium,F,9,5797,0,No,44.2
5675,C,Ship,3,5,141,3,medium,M,10,5775,0,No,44.6
5676,F,Ship,3,4,102,3,medium,M,9,4111,0,No,49.2
5677,D,Ship,3,1,209,3,low,F,8,4367,0,No,43.9
5678,F,Ship,4,4,287,6,medium,M,6,5282,0,No,41.6
5679,A,Ship,3,5,212,2,low,F,3,5761,1,No,45.6
5680,B,Ship,3,4,205,3,high,F,1,5407,0,No,44.8
5681,C,Ship,3,1,180,2,high,M,10,4200,0,No,41.6
5682,F,Ship,5,4,229,3,low,M,1,5660,0,No,45.7
5683,D,Ship,2,2,182,3,high,M,6,4112,1,Yes,52.6
5684,F,Ship,4,1,183,3,medium,F,4,4789,0,No,43.4
5685,A,Ship,3,1,212,3,medium,M,10,5759,0,No,44.7
5686,B,Ship,4,3,235,6,medium,M,2,4689,0,No,41.1
5687,C,Ship,5,5,210,4,medium,M,9,5081,1,No,42.3
5688,F,Ship,5,2,111,4,medium,F,7,4424,0,No,42.7
5689,D,Ship,5,1,270,4,medium,F,7,5149,0,No,42.5
5690,F,Ship,4,4,135,2,low,M,4,4684,0,No,42.9
5691,A,Ship,3,5,143,3,low,F,10,5021,0,No,43.1
5692,B,Ship,4,1,216,2,low,F,5,5059,0,No,42.6
5693,C,Ship,5,1,136,3,low,M,10,5308,0,No,44.1
5694,F,Ship,3,3,145,3,low,F,10,5696,0,No,43.4
5695,D,Ship,5,3,142,4,medium,F,4,5116,1,No,41.8
5696,F,Ship,4,2,175,3,medium,M,7,4874,1,No,43.5
5697,A,Ship,3,1,183,2,low,M,5,5329,1,No,42.4
5698,B,Ship,3,1,191,5,medium,M,2,4956,1,No,42.2
5699,C,Ship,3,4,247,3,low,F,9,4157,0,No,42.1
5700,F,Ship,3,1,170,2,low,F,2,5662,1,No,43.0
5701,D,Ship,3,2,275,2,low,F,5,5393,1,No,42.4
5702,F,Ship,4,4,147,4,low,F,8,5882,0,No,41.8
5703,A,Ship,4,4,188,3,low,M,6,4174,1,No,44.3
5704,B,Ship,5,5,248,2,low,M,4,5587,0,No,44.1
5705,C,Ship,3,1,245,2,low,F,8,4594,1,No,42.1
5706,F,Ship,4,5,164,3,high,M,3,4454,0,No,43.6
5707,D,Ship,4,2,260,3,medium,F,3,4661,1,No,43.5
5708,F,Ship,4,4,149,2,medium,F,9,4605,0,No,41.9
5709,A,Ship,3,2,174,3,low,M,3,4132,0,No,41.5
5710,B,Ship,4,5,242,2,low,F,1,5682,1,No,42.8
5711,C,Ship,4,1,134,3,medium,M,7,4933,1,No,43.4
5712,F,Ship,4,5,189,3,medium,F,3,5193,0,No,43.2
5713,D,Ship,6,5,263,7,high,M,7,5216,1,No,44.1
5714,F,Ship,5,2,280,3,high,F,8,5858,1,No,43.7
5715,A,Ship,4,2,258,7,medium,M,3,4538,1,No,42.1
5716,B,Ship,4,4,179,3,high,F,1,5242,1,No,44.6
5717,C,Ship,5,1,250,4,medium,M,10,5306,1,No,41.2
5718,F,Ship,4,4,212,2,medium,M,5,4774,1,No,42.6
5719,D,Ship,4,3,236,3,low,M,4,4257,1,No,43.9
5720,F,Ship,3,1,239,8,high,M,6,5023,1,No,43.1
5721,A,Ship,6,3,305,4,low,M,3,1276,0,No,47.9
5722,B,Ship,6,3,309,4,low,M,5,1712,0,No,46.5
5723,C,Ship,6,3,266,4,medium,M,8,1983,1,No,46.2
5724,F,Ship,4,5,233,4,low,F,6,1495,0,No,47.0
5725,D,Ship,5,5,287,4,low,M,4,1509,1,No,46.3
5726,F,Ship,6,2,268,4,low,F,7,1274,0,No,46.4
5727,A,Ship,6,4,290,4,medium,M,10,1366,0,No,45.8
5728,B,Road,7,5,291,4,high,M,6,1135,0,No,46.0
5729,C,Road,5,5,227,5,medium,F,3,1687,0,No,48.0
5730,F,Road,4,5,175,3,medium,F,5,4194,0,No,44.3
5731,D,Road,3,3,183,2,low,M,6,5015,0,No,42.6
5732,F,Road,3,4,191,5,medium,F,4,4243,1,No,41.4
5733,A,Road,3,4,247,3,low,M,10,5749,1,No,43.8
5734,B,Road,3,2,170,2,low,M,2,4214,1,No,44.5
5735,C,Road,3,5,275,2,low,F,7,4619,0,No,42.5
5736,F,Road,4,3,147,4,low,F,7,4865,0,No,41.9
5737,D,Road,4,5,188,3,low,M,4,4632,0,No,43.2
5738,F,Road,5,1,248,2,low,F,6,5281,0,No,44.1
5739,A,Road,3,3,245,2,low,F,4,4719,1,No,42.9
5740,B,Road,4,5,164,3,high,M,7,4657,0,No,43.5
5741,C,Road,4,1,260,3,medium,M,9,5886,1,No,42.3
5742,F,Road,4,2,149,2,medium,M,8,5460,1,No,42.7
5743,D,Road,3,1,174,3,low,M,7,4318,1,No,45.1
5744,F,Road,4,1,242,2,low,F,2,5825,0,No,44.2
5745,A,Road,4,5,134,3,medium,F,4,5423,0,No,43.1
5746,B,Road,4,3,189,3,medium,F,4,4410,0,No,43.6
5747,C,Road,6,5,263,7,high,M,9,5991,1,Yes,50.4
5748,F,Road,5,3,280,3,high,M,2,5273,0,No,45.3
5749,D,Road,4,4,258,7,medium,M,8,5069,0,No,43.4
5750,F,Flight,4,1,179,3,high,M,5,4129,0,No,45.5
5751,A,Flight,5,4,250,4,medium,M,4,4531,0,No,41.6
5752,B,Flight,4,1,212,2,medium,F,7,5864,0,No,41.1
5753,C,Flight,4,4,236,3,low,M,10,4347,1,No,43.3
5754,F,Flight,3,4,239,8,high,M,4,4192,0,No,42.7
5755,D,Flight,6,4,305,4,low,F,7,1172,1,No,46.5
5756,F,Flight,6,1,309,4,low,F,6,1866,1,No,45.5
5757,A,Flight,6,1,266,4,medium,F,2,1862,1,No,48.2
5758,B,Flight,4,2,233,4,low,M,7,1861,0,No,47.5
5759,C,Flight,5,1,287,4,low,F,4,1579,0,No,46.3
5760,F,Flight,6,5,268,4,low,F,2,1324,0,No,48.2
5761,D,Flight,6,1,290,4,medium,M,6,1505,1,No,45.6
5762,F,Flight,7,3,244,5,medium,F,10,1913,1,No,47.2
5763,A,Flight,6,3,245,4,low,M,2,1158,1,No,48.3
5764,B,Flight,5,4,219,5,low,M,5,1867,0,No,46.1
5765,C,Flight,6,3,257,4,low,F,4,1358,1,No,46.4
5766,F,Flight,6,1,250,4,low,F,2,1783,1,No,48.4
5767,D,Flight,6,1,249,4,medium,M,2,1189,1,No,48.3
5768,F,Flight,5,4,259,5,low,F,2,1627,1,No,48.3
5769,A,Flight,6,4,266,4,low,M,3,1503,1,No,48.0
5770,B,Flight,6,5,244,4,medium,F,4,1648,1,No,46.5
5771,C,Flight,4,2,239,6,low,F,7,1934,0,No,47.4
5772,F,Ship,4,2,270,5,low,M,6,1520,0,No,46.2
5773,D,Ship,6,4,270,4,low,F,10,1199,1,No,46.2
5774,F,Ship,6,5,257,4,medium,F,1,1957,1,No,48.0
5775,A,Ship,4,2,243,5,medium,F,4,1633,1,No,47.1
5776,B,Ship,5,2,264,6,medium,M,10,1659,1,No,46.6
5777,C,Ship,5,4,224,6,low,F,6,1049,1,No,46.3
5778,F,Ship,6,5,304,4,low,M,8,1755,1,No,46.3
5779,D,Ship,4,2,243,5,medium,F,8,1922,0,No,46.7
5780,F,Ship,6,3,272,4,low,M,5,1355,1,No,46.4
5781,A,Ship,5,4,269,5,low,F,4,1537,1,No,46.2
5782,B,Ship,7,3,267,4,low,M,7,1384,0,No,46.7
5783,C,Ship,6,1,251,4,low,M,2,1679,0,No,48.5
5784,F,Ship,4,3,249,5,low,F,3,1012,1,No,46.2
5785,D,Ship,7,2,284,4,low,F,6,1550,1,No,46.2
5786,F,Ship,4,1,254,5,medium,F,3,1880,1,No,48.0
5787,A,Ship,6,5,269,4,low,M,5,1264,1,No,46.4
5788,B,Ship,7,5,265,4,low,F,9,1393,0,No,45.5
5789,C,Ship,5,3,220,6,medium,F,6,1830,1,No,45.9
5790,F,Ship,4,4,217,5,medium,F,4,1503,0,No,47.0
5791,D,Ship,7,4,285,4,medium,F,2,1017,1,No,48.1
5792,F,Ship,5,1,265,5,medium,F,3,1514,1,No,47.8
5793,A,Ship,5,1,240,5,medium,M,1,1200,0,No,48.1
5794,B,Ship,5,5,247,3,low,M,1,5226,0,No,46.3
5795,C,Ship,5,4,179,6,medium,F,8,4615,1,No,41.7
5796,F,Ship,4,5,142,2,medium,F,9,5425,1,No,42.4
5797,D,Ship,4,3,207,5,high,F,6,4145,0,No,40.4
5798,F,Ship,3,1,183,3,medium,M,7,5849,1,No,42.2
5799,A,Ship,4,3,167,2,medium,F,2,5544,0,No,43.0
5800,B,Ship,4,3,175,3,low,F,2,5208,0,No,43.3
5801,C,Ship,3,5,183,2,low,M,8,5881,1,No,42.0
5802,F,Ship,6,5,176,3,low,F,10,5307,0,No,44.2
5803,D,Ship,3,4,187,3,low,M,7,5417,0,No,43.5
5804,F,Ship,4,5,143,3,medium,F,8,4142,1,No,43.3
5805,A,Ship,4,3,136,3,low,F,7,5976,0,No,42.2
5806,B,Ship,3,3,178,3,low,M,3,5396,1,No,43.3
5807,C,Ship,4,4,208,2,medium,F,6,4983,1,No,42.6
5808,F,Ship,4,1,171,2,medium,M,1,5635,0,No,43.6
5809,D,Ship,2,1,197,4,low,M,5,4614,0,No,39.4
5810,F,Ship,5,1,179,3,low,F,7,5814,0,No,44.9
5811,A,Ship,6,4,197,5,medium,M,4,5889,1,No,41.6
5812,B,Ship,5,4,285,2,low,M,2,4505,1,No,45.2
5813,C,Ship,6,1,141,5,low,F,9,5113,0,No,42.0
5814,F,Ship,4,5,274,3,medium,M,5,4773,0,No,43.3
5815,D,Ship,5,2,287,3,medium,F,3,4903,1,No,45.3
5816,F,Ship,5,3,218,3,medium,F,4,4198,1,No,45.8
5817,A,Ship,3,1,213,3,high,F,6,5535,0,No,43.2
5818,B,Ship,2,1,207,4,low,M,1,5742,0,No,40.9
5819,C,Ship,5,5,273,4,low,M,7,4064,1,Yes,50.3
5820,F,Ship,3,3,185,3,low,M,6,5995,1,Yes,50.5
5821,D,Ship,3,1,192,3,low,F,4,5179,0,No,43.3
5822,F,Ship,4,4,276,2,medium,F,3,4306,1,No,43.4
5823,A,Ship,5,2,229,2,medium,M,1,5724,0,No,47.5
5824,B,Ship,3,5,248,2,high,M,3,5287,1,No,42.8
5825,C,Ship,3,4,267,3,high,F,2,5204,1,No,43.5
5826,F,Ship,4,4,272,3,low,M,9,5458,0,No,43.4
5827,D,Ship,3,3,153,3,low,M,8,5487,0,No,43.6
5828,F,Ship,4,2,246,4,medium,M,7,5056,1,No,41.9
5829,A,Ship,3,3,261,4,low,F,9,4529,1,No,41.1
5830,B,Ship,4,5,207,2,low,F,3,5270,1,No,42.8
5831,C,Ship,3,1,133,3,medium,M,8,4634,0,No,43.5
5832,F,Ship,3,5,269,5,low,M,6,5932,1,No,46.5
5833,D,Ship,4,3,251,3,high,M,8,5986,1,No,48.1
5834,F,Ship,4,2,252,4,low,F,3,4956,1,No,41.4
5835,A,Ship,3,5,135,2,low,F,4,5275,1,No,42.9
5836,B,Ship,4,3,273,4,medium,F,1,4585,0,No,42.0
5837,C,Ship,4,2,168,3,low,M,3,4653,1,No,43.5
5838,F,Ship,2,4,233,2,medium,F,6,4758,0,No,40.5
5839,D,Ship,3,2,133,2,low,F,3,4677,1,No,43.0
5840,F,Ship,3,5,147,4,high,M,10,5164,1,No,40.8
5841,A,Ship,5,2,249,6,low,M,8,5633,0,No,43.1
5842,B,Ship,6,3,259,4,low,F,3,4117,1,No,49.5
5843,C,Ship,4,2,194,3,low,F,10,5171,1,No,43.2
5844,F,Ship,4,5,134,6,medium,M,7,4881,1,No,42.4
5845,D,Ship,3,4,98,3,low,M,5,4432,0,No,44.2
5846,F,Ship,5,1,138,3,low,M,10,5612,1,No,44.1
5847,A,Ship,5,5,193,5,high,F,4,5087,1,No,42.0
5848,B,Ship,5,5,184,3,medium,M,7,4742,0,No,45.8
5849,C,Ship,4,4,172,3,medium,M,7,5098,0,No,43.5
5850,F,Ship,4,3,248,2,medium,M,2,4701,1,No,43.3
5851,D,Ship,2,4,114,5,high,F,5,5334,1,No,40.3
5852,F,Ship,4,5,201,2,high,F,2,4657,0,No,43.3
5853,A,Ship,3,4,206,4,medium,M,2,4372,0,No,42.1
5854,B,Ship,6,1,185,4,high,F,10,5254,1,No,41.4
5855,C,Ship,5,2,272,3,high,M,5,4972,0,No,45.1
5856,F,Ship,4,3,266,2,medium,M,6,4286,1,No,43.5
5857,D,Ship,3,4,203,2,low,M,9,5735,0,No,43.3
5858,F,Ship,4,3,218,5,low,M,2,4823,1,No,41.8
5859,A,Ship,2,5,279,3,low,F,8,4632,0,No,41.7
5860,B,Ship,4,4,159,2,low,M,4,4648,1,No,42.9
5861,C,Ship,5,3,138,3,low,F,5,5687,1,No,44.5
5862,F,Ship,3,2,224,3,low,F,7,5896,0,No,43.7
5863,D,Ship,3,3,269,3,low,M,4,4309,0,No,44.1
5864,F,Ship,5,3,121,2,medium,F,4,5231,1,No,44.3
5865,A,Road,4,3,134,2,low,F,2,4522,0,No,43.0
5866,B,Road,4,5,259,3,medium,M,4,5344,1,No,43.1
5867,C,Road,4,4,206,2,high,M,8,4093,1,Yes,52.5
5868,F,Road,3,1,209,2,low,M,6,5701,1,No,43.1
5869,D,Road,3,3,145,3,medium,M,1,5709,0,No,45.7
5870,F,Road,5,2,164,2,medium,M,8,5717,0,No,44.3
5871,A,Road,3,1,133,3,medium,M,6,5464,1,No,43.2
5872,B,Road,3,2,178,3,low,F,5,5686,0,No,42.0
5873,C,Road,4,3,175,2,low,M,3,4200,0,No,43.4
5874,F,Road,2,4,242,3,medium,M,8,4898,0,No,41.8
5875,D,Road,4,2,202,3,low,M,8,4575,1,No,43.0
5876,F,Road,4,3,176,2,low,F,6,5149,1,No,42.6
5877,A,Road,4,3,203,4,low,F,1,5274,0,No,42.1
5878,B,Road,4,3,207,4,low,M,5,5008,1,No,41.3
5879,C,Road,4,2,268,3,medium,M,1,4927,0,No,44.6
5880,F,Road,3,3,244,3,low,M,6,5109,0,No,43.4
5881,D,Road,3,5,134,3,low,F,10,4693,0,No,43.1
5882,F,Road,3,4,143,3,low,F,1,4392,1,No,44.8
5883,A,Road,3,5,246,3,low,F,2,5556,1,No,43.6
5884,B,Road,3,2,157,2,low,F,7,5228,0,No,42.6
5885,C,Road,3,3,169,3,low,M,10,5147,0,No,43.2
5886,F,Road,4,5,231,3,low,F,6,4449,1,No,43.8
5887,D,Flight,3,3,262,5,medium,F,1,5043,0,No,42.7
5888,F,Flight,3,2,227,2,medium,M,10,4290,0,No,42.5
5889,A,Flight,5,2,162,4,medium,M,7,5477,1,No,42.6
5890,B,Flight,5,5,148,2,medium,M,4,4812,0,No,44.3
5891,C,Flight,3,4,138,2,medium,F,8,4837,0,No,42.7
5892,F,Flight,3,3,255,2,medium,F,3,4824,0,No,43.0
5893,D,Flight,3,5,218,3,low,M,2,5841,0,No,43.9
5894,F,Flight,4,1,260,4,low,M,2,4091,1,No,49.3
5895,A,Flight,4,3,142,2,low,F,5,5502,1,No,42.3
5896,B,Flight,4,5,257,3,medium,M,5,4180,0,No,44.4
5897,C,Flight,4,2,252,3,low,F,1,4176,0,No,45.4
5898,F,Flight,5,4,151,5,low,F,1,4122,0,No,47.1
5899,D,Flight,4,3,190,5,low,F,8,4736,0,No,42.4
5900,F,Flight,4,5,137,2,low,M,7,4068,0,Yes,52.9
5901,A,Flight,4,4,164,2,low,M,7,5456,0,No,42.7
5902,B,Flight,3,5,271,3,low,F,9,5328,0,No,43.4
5903,C,Flight,3,5,162,2,high,M,1,4573,1,No,44.4
5904,F,Flight,2,4,221,5,medium,M,4,4034,1,Yes,52.7
5905,D,Flight,5,4,202,3,low,F,3,4559,1,No,45.1
5906,F,Flight,4,5,143,2,low,M,1,5836,0,No,45.8
5907,A,Flight,3,5,254,3,low,M,6,4703,0,No,43.4
5908,B,Flight,4,3,96,4,medium,M,1,4984,1,No,42.1
5909,C,Ship,3,3,199,5,medium,F,10,4847,1,No,40.8
5910,F,Ship,4,1,198,4,low,F,5,5182,0,No,41.3
5911,D,Ship,4,3,257,3,low,F,2,5198,1,No,43.3
5912,F,Ship,3,2,149,5,medium,F,9,4310,0,No,41.0
5913,A,Ship,5,1,193,4,medium,F,10,5280,0,No,41.2
5914,B,Ship,3,5,284,2,low,M,10,5619,0,No,42.3
5915,C,Ship,4,5,205,4,medium,F,5,5264,0,No,41.3
5916,F,Ship,5,5,185,3,low,M,5,4520,1,No,45.2
5917,D,Ship,5,4,268,3,high,F,10,4955,0,No,44.0
5918,F,Ship,5,1,252,3,medium,M,2,4339,0,No,45.7
5919,A,Ship,4,3,196,2,low,F,5,5656,0,No,42.4
5920,B,Ship,3,3,149,3,low,M,6,4654,0,No,43.4
5921,C,Ship,5,5,154,2,medium,M,3,4669,0,No,44.6
5922,F,Ship,5,4,267,2,medium,M,4,4053,0,Yes,52.0
5923,D,Ship,3,3,208,2,medium,F,5,5661,0,No,42.4
5924,F,Ship,5,5,275,3,medium,M,9,4287,1,No,46.2
5925,A,Ship,4,2,272,2,low,F,1,5939,1,No,46.7
5926,B,Ship,6,5,280,3,low,M,9,4074,1,Yes,50.6
5927,C,Ship,6,3,202,3,low,F,5,4930,0,No,45.2
5928,F,Ship,5,2,184,3,medium,F,8,4581,0,No,45.0
5929,D,Ship,5,2,244,5,medium,F,7,5515,0,No,42.7
5930,F,Ship,4,4,138,5,low,M,10,5401,0,No,40.9
5931,A,Ship,4,3,109,2,medium,F,4,5407,0,No,42.6
5932,B,Ship,2,5,189,5,low,M,3,5292,0,No,40.7
5933,C,Ship,3,2,170,3,low,M,9,4069,0,Yes,51.3
5934,F,Ship,3,1,183,2,medium,F,10,4598,0,No,41.7
5935,D,Ship,3,4,263,6,high,M,3,4429,0,No,41.8
5936,F,Ship,4,1,271,4,low,M,9,5853,1,No,40.7
5937,A,Ship,6,3,202,4,medium,F,3,4496,1,No,42.6
5938,B,Ship,3,3,265,3,medium,F,8,5070,0,No,43.5
5939,C,Ship,4,1,220,3,medium,F,6,4472,0,No,43.3
5940,F,Ship,4,4,274,2,low,F,7,4873,1,No,42.8
5941,D,Ship,4,5,212,2,medium,M,10,4552,0,No,42.1
5942,F,Ship,4,2,244,3,high,M,1,5559,1,No,44.2
5943,A,Ship,4,5,252,3,medium,F,4,5017,0,No,43.4
5944,B,Ship,5,5,158,2,low,M,8,4743,0,No,44.4
5945,C,Ship,2,5,286,6,medium,F,5,5490,0,No,41.0
5946,F,Ship,3,5,164,3,high,M,10,4639,1,No,43.1
5947,D,Ship,4,3,170,6,medium,M,6,4998,0,No,41.5
5948,F,Ship,4,1,269,2,medium,F,8,4930,0,No,42.6
5949,A,Ship,4,2,238,2,low,F,2,4002,0,Yes,62.2
5950,B,Ship,4,3,198,7,medium,F,1,5315,0,No,41.5
5951,C,Ship,4,4,184,8,low,M,7,5235,1,No,44.0
5952,F,Ship,5,2,265,3,low,M,10,4347,1,No,45.3
5953,D,Ship,3,2,204,10,medium,F,10,4534,0,No,39.3
5954,F,Ship,5,1,233,7,medium,F,5,5759,1,No,44.9
5955,A,Ship,4,5,134,3,low,F,8,5694,0,No,43.4
5956,B,Ship,3,4,153,3,medium,F,9,5474,0,No,43.4
5957,C,Ship,2,5,241,3,medium,F,3,4253,1,No,43.1
5958,F,Ship,4,5,187,3,low,M,7,5022,1,No,43.5
5959,D,Ship,3,3,148,3,low,F,8,5622,0,No,43.7
5960,F,Ship,3,4,133,8,medium,F,10,5439,1,No,41.6
5961,A,Ship,6,1,250,4,low,M,10,1623,1,No,45.9
5962,B,Ship,6,1,249,4,medium,M,2,1326,1,No,48.2
5963,C,Ship,5,2,259,5,low,M,8,1678,0,No,46.2
5964,F,Ship,6,4,266,4,low,M,5,1639,1,No,46.5
5965,D,Ship,6,5,244,4,medium,F,6,1185,0,No,45.7
5966,F,Ship,4,5,239,6,low,M,2,1879,0,No,48.6
5967,A,Ship,4,5,270,5,low,F,1,1187,1,No,48.4
5968,B,Ship,6,3,270,4,low,F,7,1079,0,No,46.5
5969,C,Ship,6,2,257,4,medium,M,1,1513,0,No,48.3
5970,F,Ship,4,3,243,5,medium,F,3,1634,1,No,48.6
5971,D,Ship,4,5,271,4,low,M,6,5078,0,No,40.9
5972,F,Ship,6,3,202,4,medium,F,6,4249,0,No,41.7
5973,A,Ship,3,3,265,3,medium,F,3,5986,1,No,47.8
5974,B,Ship,4,1,220,3,medium,M,1,5159,1,No,44.7
5975,C,Ship,4,3,274,2,low,M,1,4762,0,No,44.5
5976,F,Ship,4,1,212,2,medium,M,4,4969,0,No,42.8
5977,D,Ship,4,2,244,3,high,F,3,4103,0,Yes,51.0
5978,F,Ship,4,2,252,3,medium,F,4,5782,0,No,44.9
5979,A,Ship,5,1,158,2,low,M,4,5736,1,No,45.4
5980,B,Ship,2,5,286,6,medium,F,3,4497,1,No,41.7
5981,C,Ship,3,3,164,3,high,M,8,5170,0,No,43.5
5982,F,Ship,4,2,170,6,medium,M,10,4891,0,No,41.3
5983,D,Ship,4,3,269,2,medium,M,2,4158,0,No,42.9
5984,F,Ship,4,3,238,2,low,M,7,5808,1,No,44.1
5985,A,Ship,4,5,198,7,medium,M,9,4249,1,No,41.7
5986,B,Ship,4,3,184,8,low,M,4,4686,0,No,42.9
5987,C,Ship,5,2,265,3,low,M,8,5447,1,No,45.1
5988,F,Ship,3,1,204,10,medium,M,5,5375,0,No,43.4
5989,D,Ship,5,2,233,7,medium,F,8,5519,1,No,43.6
5990,F,Ship,4,2,134,3,low,F,9,4214,1,No,43.6
5991,A,Ship,3,2,153,3,medium,M,6,4056,0,Yes,54.1
5992,B,Ship,2,1,241,3,medium,F,5,5697,1,No,42.2
5993,C,Ship,4,4,187,3,low,F,8,4893,0,No,43.5
5994,F,Ship,3,4,148,3,low,F,8,5267,1,No,43.6
5995,D,Ship,3,5,133,8,medium,F,8,5002,1,No,44.1
5996,F,Ship,6,1,250,4,low,M,4,1018,0,No,43.5
5997,A,Ship,6,5,249,4,medium,M,3,1710,1,No,48.1
5998,B,Ship,5,3,259,5,low,M,2,1730,0,No,48.3
5999,C,Ship,6,2,266,4,low,F,9,1220,0,No,45.8
6000,F,Ship,6,3,244,4,medium,M,5,1108,1,No,46.4
6001,D,Ship,4,5,239,6,low,M,4,1451,0,No,47.6
6002,F,Road,4,3,270,5,low,F,3,1786,1,No,48.5
6003,A,Road,6,4,282,4,low,M,6,1580,0,No,45.6
6004,B,Road,6,5,295,4,medium,M,2,1981,0,No,47.1
6005,C,Road,6,1,255,4,low,M,5,1253,1,No,46.4
6006,F,Road,6,4,292,4,low,M,3,1826,1,No,48.0
6007,D,Road,6,3,244,4,low,F,1,1317,1,No,48.2
6008,F,Road,6,1,306,4,low,M,1,1210,0,No,48.2
6009,A,Road,6,1,258,4,low,M,3,1506,0,No,48.0
6010,B,Road,4,2,265,6,low,M,8,1391,1,No,47.6
6011,C,Road,5,1,227,5,low,M,7,1620,1,No,46.4
6012,F,Road,7,1,276,4,low,F,8,1560,1,No,47.2
6013,D,Road,6,4,244,4,medium,M,7,1795,0,No,46.4
6014,F,Road,4,3,217,6,medium,F,6,1552,0,No,46.7
6015,A,Road,2,3,211,3,low,F,8,1172,0,Yes,83.4
6016,B,Road,4,2,227,5,low,M,7,1354,1,No,47.0
6017,C,Road,5,3,249,4,medium,M,1,1014,1,No,45.6
6018,F,Road,6,3,269,4,low,M,3,1006,0,No,45.3
6019,D,Road,6,5,278,4,medium,F,6,1140,0,No,45.7
6020,F,Road,6,5,282,4,medium,M,3,1385,0,No,48.0
6021,A,Road,6,4,300,4,medium,F,7,1607,0,No,46.5
6022,B,Road,5,5,259,5,low,F,9,1624,0,No,45.6
6023,C,Road,6,1,295,4,medium,F,6,1611,0,No,45.7
6024,F,Flight,5,5,238,5,low,M,2,1657,0,No,48.3
6025,D,Flight,5,3,270,5,medium,F,7,1303,1,No,46.3
6026,F,Flight,5,3,267,5,low,M,6,1119,1,No,45.5
6027,A,Flight,4,1,270,5,medium,M,9,1280,1,No,46.4
6028,B,Flight,4,1,245,5,medium,F,8,1923,0,No,46.7
6029,C,Flight,6,4,262,4,low,F,10,1068,1,No,47.2
6030,F,Flight,4,2,245,5,low,M,8,1122,1,No,47.1
6031,D,Flight,6,2,268,4,low,M,7,1943,0,No,46.3
6032,F,Flight,5,1,262,5,low,M,1,1488,1,No,48.1
6033,A,Flight,6,3,283,5,medium,M,10,1483,0,No,45.7
6034,B,Flight,5,3,260,5,medium,M,8,1001,0,No,42.2
6035,C,Flight,7,5,258,4,low,F,4,1677,1,No,47.1
6036,F,Flight,5,2,130,4,medium,F,1,1877,0,No,47.9
6037,D,Flight,6,3,262,5,low,M,9,1053,0,No,46.7
6038,F,Flight,6,2,293,4,low,F,4,1764,1,No,46.4
6039,A,Flight,7,1,255,5,medium,M,10,1238,1,No,47.1
6040,B,Flight,6,1,242,5,low,F,5,1555,0,No,46.3
6041,C,Flight,6,3,264,4,medium,F,6,1622,1,No,45.7
6042,F,Flight,6,4,253,4,low,F,7,1485,0,No,46.3
6043,D,Flight,5,5,271,5,low,F,4,1667,0,No,46.4
6044,F,Flight,6,2,250,4,medium,F,3,1777,1,No,48.1
6045,A,Flight,4,3,266,5,high,F,5,1590,0,No,47.0
6046,B,Ship,6,2,286,4,low,F,4,1594,0,No,46.4
6047,C,Ship,5,2,275,5,low,M,9,1373,0,No,45.4
6048,F,Ship,6,3,295,5,low,M,4,1392,0,No,46.3
6049,D,Ship,5,1,269,6,medium,F,8,1341,0,No,46.6
6050,F,Ship,4,1,239,5,low,F,1,1780,1,No,48.5
6051,A,Ship,6,4,271,4,medium,M,8,1867,0,No,46.1
6052,B,Ship,6,5,165,6,low,F,6,1529,1,No,45.9
6053,C,Ship,7,2,302,5,medium,M,5,1614,0,No,47.5
6054,F,Ship,6,2,293,6,low,F,10,1919,1,No,46.1
6055,D,Ship,4,4,202,3,low,F,3,5524,1,No,43.2
6056,F,Ship,2,3,185,3,medium,F,7,4246,0,No,43.6
6057,A,Ship,4,4,210,2,medium,M,8,5942,0,No,42.6
6058,B,Ship,3,5,186,2,medium,M,8,5924,0,No,42.7
6059,C,Ship,3,4,163,3,low,M,7,5913,0,No,43.4
6060,F,Ship,3,4,168,3,low,M,5,5964,0,No,42.0
6061,D,Ship,4,3,199,3,low,M,8,4391,1,No,43.9
6062,F,Ship,3,5,271,2,medium,M,7,4958,0,No,42.7
6063,A,Ship,3,4,164,3,low,F,4,4796,0,No,43.6
6064,B,Ship,4,1,231,2,medium,M,3,4696,0,No,42.9
6065,C,Ship,3,1,196,2,low,M,10,4141,1,No,40.4
6066,F,Ship,4,2,218,3,low,F,2,4949,0,No,43.6
6067,D,Ship,5,1,267,4,low,M,5,4440,1,No,41.9
6068,F,Ship,4,4,163,3,low,F,5,4440,0,No,43.7
6069,A,Ship,4,1,224,4,medium,F,5,4887,0,No,41.3
6070,B,Ship,3,4,156,2,medium,F,10,5107,1,No,42.3
6071,C,Ship,5,5,175,6,low,F,2,4883,1,No,41.9
6072,F,Ship,3,4,257,5,medium,F,5,5365,0,No,41.6
6073,D,Ship,4,4,259,3,low,M,3,4509,0,No,43.0
6074,F,Ship,3,3,112,4,low,F,7,5716,1,No,43.3
6075,A,Ship,4,3,145,4,medium,M,2,5735,0,No,43.2
6076,B,Ship,3,1,230,3,medium,M,3,4957,0,No,43.6
6077,C,Ship,3,4,188,4,low,F,6,5016,0,No,41.3
6078,F,Ship,3,2,132,4,medium,F,3,4512,0,No,41.3
6079,D,Ship,4,1,239,4,high,M,2,5502,0,No,41.4
6080,F,Ship,2,5,167,3,medium,M,8,4605,0,No,41.3
6081,A,Ship,3,1,133,3,medium,M,7,4004,1,Yes,66.3
6082,B,Ship,4,2,270,2,high,F,9,5080,1,No,43.0
6083,C,Ship,4,3,229,2,medium,M,7,5364,1,No,42.7
6084,F,Ship,5,1,261,4,high,F,6,4852,0,No,41.4
6085,D,Ship,2,1,192,3,low,F,9,4774,0,No,42.5
6086,F,Ship,4,5,217,3,low,F,6,4848,1,No,43.4
6087,A,Ship,4,3,246,2,low,M,6,4908,0,No,42.6
6088,B,Ship,5,5,208,2,medium,M,8,5321,0,No,44.0
6089,C,Ship,5,1,148,3,low,F,5,5790,0,No,46.1
6090,F,Ship,4,1,132,6,high,M,8,4902,1,No,42.5
6091,D,Ship,4,2,249,3,low,F,6,5051,1,No,43.4
6092,F,Ship,3,3,225,4,low,F,9,5468,1,No,41.8
6093,A,Ship,5,1,279,4,medium,F,3,4607,0,No,41.6
6094,B,Ship,4,2,183,2,low,F,8,4921,0,No,42.6
6095,C,Ship,4,4,215,2,high,F,6,5238,0,No,42.6
6096,F,Ship,6,4,195,5,high,F,10,4225,0,No,39.6
6097,D,Ship,4,2,156,2,medium,M,5,4467,1,No,42.7
6098,F,Ship,3,5,160,3,low,F,8,4106,0,Yes,51.4
6099,A,Ship,5,5,153,5,medium,M,10,5297,0,No,41.4
6100,B,Ship,3,4,215,3,high,F,5,4670,1,No,43.8
6101,C,Ship,4,3,163,3,low,F,7,4556,0,No,43.1
6102,F,Ship,4,2,195,3,medium,M,8,5198,0,No,43.3
6103,D,Ship,4,3,170,2,low,M,3,4587,1,No,42.5
6104,F,Ship,3,3,133,3,low,M,5,5937,0,No,43.3
6105,A,Ship,5,2,171,6,medium,F,5,5981,1,No,46.8
6106,B,Ship,3,5,186,3,medium,M,7,4764,0,No,43.6
6107,C,Ship,4,2,246,3,high,M,5,5960,0,No,42.6
6108,F,Ship,3,3,170,3,low,F,7,5427,1,No,43.5
6109,D,Ship,2,5,189,2,low,M,9,5245,0,No,41.7
6110,F,Ship,4,5,216,2,low,F,8,5767,1,No,44.5
6111,A,Ship,4,2,264,3,low,M,10,5137,1,No,43.2
6112,B,Ship,5,4,268,3,low,F,3,5320,1,No,45.0
6113,C,Ship,4,1,225,2,medium,F,10,4577,1,No,42.1
6114,F,Ship,4,2,252,2,high,F,4,5233,1,No,42.8
6115,D,Ship,3,2,204,3,low,F,8,4586,1,No,43.2
6116,F,Ship,5,1,193,2,medium,F,1,4450,0,No,46.1
6117,A,Ship,5,3,220,3,low,F,9,5324,0,No,44.5
6118,B,Ship,6,4,271,3,low,F,7,5192,1,No,45.3
6119,C,Ship,2,2,227,4,medium,M,6,4104,1,No,46.7
6120,F,Ship,4,1,206,5,medium,F,7,5941,1,No,46.0
6121,D,Ship,4,2,142,3,medium,F,3,4644,0,No,43.5
6122,F,Ship,5,5,236,2,medium,M,2,5210,0,No,44.4
6123,A,Ship,5,4,275,2,medium,M,10,5395,1,No,43.2
6124,B,Ship,3,5,144,2,medium,M,2,4629,1,No,43.4
6125,C,Ship,4,5,194,3,medium,M,3,5168,1,No,43.5
6126,F,Ship,3,2,260,3,low,M,9,4591,1,No,42.7
6127,D,Ship,3,4,240,3,medium,M,8,4410,0,No,43.9
6128,F,Ship,3,2,136,3,high,F,2,5739,0,No,45.4
6129,A,Ship,3,3,132,2,medium,M,1,4687,0,No,44.8
6130,B,Ship,4,2,266,3,medium,M,7,5121,0,No,43.5
6131,C,Ship,4,1,263,3,high,M,5,4782,0,No,43.3
6132,F,Ship,5,5,270,3,low,F,9,5807,1,No,45.6
6133,D,Ship,3,3,208,5,low,F,10,4258,0,No,38.7
6134,F,Ship,5,5,206,3,low,M,1,5520,0,No,46.1
6135,A,Ship,3,3,159,3,low,M,3,5230,1,No,43.5
6136,B,Ship,4,3,162,3,low,M,4,5913,1,No,43.4
6137,C,Ship,3,2,177,2,medium,M,4,4417,0,No,43.1
6138,F,Ship,3,3,168,4,low,F,4,4096,1,No,48.4
6139,D,Road,3,1,267,4,medium,F,4,4914,1,No,41.6
6140,F,Road,4,5,222,3,medium,F,7,5844,0,No,42.1
6141,A,Road,3,2,234,3,low,F,10,4781,0,No,43.1
6142,B,Road,3,1,133,3,low,F,9,5724,0,No,44.1
6143,C,Road,4,4,207,3,low,F,10,4533,0,No,42.9
6144,F,Road,4,3,243,4,low,F,9,4811,0,No,41.3
6145,D,Road,5,5,161,3,low,F,1,4470,1,No,46.6
6146,F,Road,3,5,193,3,medium,F,6,5302,0,No,43.2
6147,A,Road,4,5,234,4,medium,M,9,5769,0,No,42.4
6148,B,Road,2,1,185,6,medium,F,7,4138,1,No,43.5
6149,C,Road,4,5,242,2,medium,F,5,4806,0,No,42.6
6150,F,Road,4,5,252,2,high,F,6,4147,1,No,42.6
6151,D,Road,4,3,179,3,low,F,3,5495,1,No,43.2
6152,F,Road,4,3,158,3,high,F,5,5602,0,No,43.0
6153,A,Road,3,1,226,3,low,F,8,4002,0,Yes,68.5
6154,B,Road,5,4,269,2,medium,F,2,5962,0,No,44.6
6155,C,Road,3,5,148,3,low,F,7,5685,0,No,42.4
6156,F,Road,4,5,159,2,low,F,3,5704,0,No,43.3
6157,D,Road,3,4,273,4,medium,M,4,5361,0,No,41.5
6158,F,Road,3,4,233,3,medium,M,5,5306,0,No,43.2
6159,A,Road,4,5,182,3,medium,F,2,4473,0,No,43.5
6160,B,Road,3,4,153,2,medium,M,5,4023,1,Yes,56.9
6161,C,Flight,4,5,210,2,medium,M,5,5683,0,No,41.2
6162,F,Flight,4,1,241,3,medium,M,6,4558,0,No,42.9
6163,D,Flight,3,2,220,3,low,M,8,5032,1,No,43.5
6164,F,Flight,5,4,211,3,medium,F,7,4856,0,No,45.7
6165,A,Flight,3,5,151,3,low,F,1,4088,0,Yes,51.9
6166,B,Flight,5,5,267,3,medium,M,9,4775,1,No,44.9
6167,C,Flight,4,3,250,2,medium,M,4,4808,1,No,42.9
6168,F,Flight,4,3,181,3,low,F,5,5398,1,No,43.0
6169,D,Flight,5,2,197,4,high,M,4,4339,1,No,42.2
6170,F,Flight,3,4,172,2,medium,F,5,4647,0,No,43.1
6171,A,Flight,4,1,219,3,low,M,3,5223,1,No,43.4
6172,B,Flight,5,5,189,3,low,M,7,5717,0,No,45.6
6173,C,Flight,5,1,225,3,low,M,8,4539,0,No,45.2
6174,F,Flight,5,3,269,5,low,F,8,5833,1,No,42.1
6175,D,Flight,5,4,157,3,medium,F,7,4199,1,No,47.2
6176,F,Flight,3,5,189,3,low,M,5,5422,0,No,43.2
6177,A,Flight,3,1,226,2,medium,F,6,4946,1,No,42.6
6178,B,Flight,2,1,220,2,medium,F,6,4382,1,No,42.5
6179,C,Flight,6,3,275,6,low,M,4,4875,0,No,42.3
6180,F,Flight,3,4,171,3,medium,F,5,4310,1,No,44.6
6181,D,Flight,4,3,235,3,low,F,4,5289,1,No,43.2
6182,F,Flight,3,4,201,3,high,M,7,4887,1,No,43.5
6183,A,Ship,5,5,269,3,low,F,5,5673,1,No,44.9
6184,B,Ship,5,3,182,2,low,M,4,5579,0,No,44.1
6185,C,Ship,5,5,266,5,low,F,9,4500,0,No,41.5
6186,F,Ship,3,5,157,2,medium,F,4,5991,0,No,46.6
6187,D,Ship,4,1,258,4,high,F,1,5476,0,No,41.9
6188,F,Ship,4,2,280,4,low,M,9,5288,1,No,41.5
6189,A,Ship,4,4,154,3,low,F,7,4106,1,Yes,52.9
6190,B,Ship,4,4,274,2,low,F,3,4257,0,No,43.2
6191,C,Ship,4,5,180,2,medium,F,1,4332,0,No,44.0
6192,F,Ship,3,5,146,3,medium,F,7,4126,0,No,46.3
6193,D,Ship,3,4,236,3,medium,M,1,5851,0,No,44.9
6194,F,Ship,4,4,133,4,high,F,10,5296,0,No,40.7
6195,A,Ship,5,2,173,4,high,F,9,4307,0,No,41.3
6196,B,Ship,4,3,210,3,low,M,9,5556,0,No,43.1
6197,C,Ship,3,4,238,2,medium,F,1,4991,1,No,44.7
6198,F,Ship,4,2,268,4,low,F,3,5275,0,No,41.3
6199,D,Ship,3,5,175,3,medium,F,8,5471,1,No,43.6
6200,F,Ship,5,2,280,4,low,M,8,4539,1,No,42.0
6201,A,Ship,4,1,153,2,low,F,1,4027,0,Yes,55.5
6202,B,Ship,4,4,251,2,medium,F,6,4376,0,No,42.9
6203,C,Ship,4,2,252,3,medium,M,8,4262,1,No,44.3
6204,F,Ship,4,5,201,8,medium,F,4,5472,1,No,43.4
6205,D,Ship,5,4,216,4,medium,F,8,5878,1,No,42.1
6206,F,Ship,3,2,126,10,low,M,3,4073,1,Yes,54.9
6207,A,Ship,3,2,177,4,low,F,3,4199,1,No,41.1
6208,B,Ship,5,3,145,3,medium,M,1,5783,1,No,48.7
6209,C,Ship,5,3,258,2,low,F,10,5371,1,No,43.2
6210,F,Ship,4,3,273,10,medium,M,6,4251,1,No,42.8
6211,D,Ship,4,1,245,3,low,F,5,4523,0,No,42.9
6212,F,Ship,5,4,241,2,medium,F,7,4413,0,No,45.5
6213,A,Ship,4,1,208,3,low,F,6,5345,1,No,43.1
6214,B,Ship,6,5,282,4,low,M,1,1193,1,No,48.2
6215,C,Ship,6,5,295,4,medium,M,1,1159,0,No,48.2
6216,F,Ship,6,5,255,4,low,F,9,1113,0,No,45.8
6217,D,Ship,6,3,292,4,low,F,8,1434,0,No,46.2
6218,F,Ship,6,4,244,4,low,M,1,1130,1,No,48.2
6219,A,Ship,6,4,306,4,low,F,8,1691,1,No,46.3
6220,B,Ship,6,5,258,4,low,M,5,1966,1,No,45.7
6221,C,Ship,4,1,265,6,low,F,2,1629,1,No,49.2
6222,F,Ship,5,1,227,5,low,M,6,1667,0,No,45.6
6223,D,Ship,7,1,276,4,low,F,9,1519,1,No,45.5
6224,F,Ship,6,5,244,4,medium,F,2,1980,0,No,47.1
6225,A,Ship,4,2,217,6,medium,F,3,1732,1,No,49.2
6226,B,Ship,2,5,211,3,low,M,3,1368,0,Yes,84.2
6227,C,Ship,4,4,227,5,low,M,8,1982,1,No,46.7
6228,F,Ship,5,1,249,4,medium,M,5,1027,1,No,46.2
6229,D,Ship,6,2,269,4,low,M,6,1073,0,No,45.7
6230,F,Ship,6,3,278,4,medium,M,4,1716,0,No,46.5
6231,A,Ship,6,5,282,4,medium,F,4,1013,0,No,43.5
6232,B,Ship,6,1,300,4,medium,F,2,1790,1,No,48.4
6233,C,Ship,3,3,146,3,medium,F,4,5384,0,No,43.3
6234,F,Ship,3,4,236,3,medium,F,5,5466,0,No,43.2
6235,D,Ship,4,4,133,4,high,F,7,5973,1,No,44.4
6236,F,Ship,5,4,173,4,high,F,8,5284,1,No,42.6
6237,A,Ship,4,2,210,3,low,F,9,4163,0,No,42.9
6238,B,Ship,3,3,238,2,medium,F,4,4206,0,No,43.5
6239,C,Ship,4,4,268,4,low,M,5,5647,0,No,41.2
6240,F,Ship,3,4,175,3,medium,M,10,4771,1,No,43.1
6241,D,Ship,5,4,280,4,low,M,10,5156,0,No,41.2
6242,F,Ship,4,5,153,2,low,M,1,4492,0,No,44.3
6243,A,Ship,4,5,251,2,medium,F,8,5232,0,No,42.7
6244,B,Ship,4,2,252,3,medium,M,2,5769,0,No,45.8
6245,C,Ship,4,2,201,8,medium,F,9,5146,0,No,43.3
6246,F,Ship,5,5,216,4,medium,F,1,4092,1,No,50.0
6247,D,Ship,3,3,126,10,low,M,10,4128,0,No,38.7
6248,F,Ship,3,1,177,4,low,F,6,5037,1,No,41.3
6249,A,Ship,5,2,145,3,medium,M,2,4836,0,No,45.4
6250,B,Ship,5,4,258,2,low,F,8,4200,0,No,44.8
6251,C,Ship,4,3,273,10,medium,F,8,4896,0,No,44.2
6252,F,Ship,4,1,245,3,low,M,2,5835,1,No,44.0
6253,D,Ship,5,2,241,2,medium,M,6,4741,0,No,44.5
6254,F,Ship,4,1,208,3,low,M,4,4530,1,No,43.0
6255,A,Ship,6,1,282,4,low,M,1,1434,0,No,48.3
6256,B,Ship,6,5,295,4,medium,M,5,1963,1,No,45.7
6257,C,Ship,6,4,255,4,low,M,7,1869,1,No,46.2
6258,F,Ship,6,2,292,4,low,F,2,1565,0,No,48.4
6259,D,Ship,6,1,244,4,low,M,5,1867,0,No,46.3
6260,F,Ship,6,3,306,4,low,M,10,1372,1,No,45.8
6261,A,Ship,6,5,258,4,low,M,5,1558,0,No,46.4
6262,B,Ship,4,1,265,6,low,F,9,1753,1,No,47.4
6263,C,Ship,5,2,227,5,low,F,3,1242,1,No,47.8
6264,F,Ship,7,2,276,4,low,M,9,1022,1,No,45.9
6265,D,Ship,6,4,244,4,medium,F,1,1179,1,No,48.2
6266,F,Ship,4,4,217,6,medium,M,9,1974,0,No,46.4
6267,A,Ship,2,1,211,3,low,M,6,1760,1,Yes,84.9
6268,B,Ship,4,5,227,5,low,F,2,1804,1,No,48.4
6269,C,Ship,5,5,249,4,medium,M,2,1727,1,No,48.4
6270,F,Ship,7,4,302,5,medium,M,7,1503,1,No,47.1
6271,D,Ship,6,4,293,6,low,F,7,1117,1,No,46.9
6272,F,Ship,5,5,232,3,low,M,4,1716,1,Yes,81.6
6273,A,Ship,6,5,279,4,low,M,7,1447,0,No,46.3
6274,B,Ship,6,5,251,4,low,F,8,1038,0,No,46.1
6275,C,Ship,6,5,300,5,low,M,1,1188,0,No,48.1
6276,F,Road,7,5,133,5,low,F,3,1544,1,No,48.0
6277,D,Road,6,5,283,4,low,M,2,1136,1,No,48.3
6278,F,Road,7,5,296,4,low,M,8,1686,1,No,47.3
6279,A,Road,6,3,261,4,medium,F,8,1397,1,No,46.2
6280,B,Road,6,1,286,4,low,F,3,1747,1,No,48.1
6281,C,Road,6,3,298,4,low,F,1,1657,0,No,48.3
6282,F,Road,6,4,287,4,medium,F,9,1936,1,No,45.4
6283,D,Road,6,2,251,4,medium,F,9,1322,1,No,45.4
6284,F,Road,5,1,231,5,low,M,10,1418,0,No,45.8
6285,A,Road,5,2,249,5,medium,M,6,1298,0,No,45.5
6286,B,Road,5,3,244,5,low,F,3,1174,0,No,47.8
6287,C,Road,7,2,264,4,medium,M,6,1688,0,No,46.3
6288,F,Road,5,2,254,5,medium,M,6,1002,0,No,41.9
6289,D,Road,4,5,264,6,low,M,6,1637,0,No,46.9
6290,F,Road,6,5,309,4,low,M,6,1463,1,No,45.6
6291,A,Road,5,5,298,4,low,M,8,1631,0,No,46.3
6292,B,Road,5,5,265,5,medium,F,8,1867,0,No,46.0
6293,C,Road,6,1,246,4,medium,M,4,1504,1,No,46.4
6294,F,Road,5,2,222,5,low,F,1,1672,0,No,48.2
6295,D,Road,7,5,250,4,low,F,2,1296,0,No,48.8
6296,F,Road,4,3,240,5,medium,F,5,1301,0,No,47.0
6297,A,Road,4,3,246,6,low,F,10,1176,0,No,48.3
6298,B,Flight,6,1,293,5,medium,F,7,1052,0,No,46.7
6299,C,Flight,6,5,253,4,medium,M,1,1977,0,No,47.0
6300,F,Flight,5,5,258,5,medium,M,7,1819,0,No,46.2
6301,D,Flight,6,4,258,4,low,F,2,1051,1,No,48.6
6302,F,Flight,5,3,245,5,medium,M,3,1851,0,No,47.8
6303,A,Flight,7,2,307,4,medium,M,2,1073,0,No,49.1
6304,B,Flight,6,5,301,4,low,F,3,1958,0,No,47.3
6305,C,Flight,6,5,252,4,low,F,2,1249,0,No,48.3
6306,F,Flight,5,1,272,6,medium,F,2,1681,1,No,48.6
6307,D,Flight,5,3,221,5,low,F,2,1630,1,No,48.3
6308,F,Flight,5,3,247,5,low,M,10,1699,1,No,45.9
6309,A,Flight,7,5,260,4,low,F,3,1930,1,No,48.8
6310,B,Flight,5,5,251,6,medium,M,4,1077,0,No,46.8
6311,C,Flight,5,2,227,5,medium,M,9,1917,0,No,45.2
6312,F,Flight,6,5,269,4,low,M,9,1826,0,No,45.4
6313,D,Flight,6,2,161,4,low,M,10,1683,0,No,45.9
6314,F,Flight,4,4,256,5,low,M,9,1622,1,No,46.8
6315,A,Flight,5,1,303,5,medium,F,9,1203,0,No,45.8
6316,B,Flight,5,3,257,5,medium,F,7,1565,1,No,46.2
6317,C,Flight,7,3,310,4,medium,F,8,1497,0,No,47.2
6318,F,Flight,5,3,238,5,medium,M,2,1150,1,No,48.2
6319,D,Flight,6,3,191,6,medium,F,2,4471,0,No,41.6
6320,F,Ship,4,3,252,3,medium,F,7,4852,0,No,43.5
6321,A,Ship,5,5,228,3,medium,F,8,4731,1,No,45.4
6322,B,Ship,4,3,208,2,medium,F,4,4767,1,No,42.9
6323,C,Ship,3,3,176,3,low,F,1,5168,0,No,45.0
6324,F,Ship,3,1,233,3,low,F,7,4874,0,No,43.5
6325,D,Ship,5,5,104,4,low,M,2,5235,0,No,42.4
6326,F,Ship,3,4,237,3,low,M,1,5980,0,No,44.3
6327,A,Ship,2,5,252,3,medium,M,7,5281,0,No,42.0
6328,B,Ship,5,2,135,3,medium,M,9,5173,0,No,44.2
6329,C,Ship,5,5,137,2,low,M,8,5111,1,No,44.0
6330,F,Ship,4,3,228,3,medium,F,1,5129,1,No,44.7
6331,D,Ship,4,3,236,4,medium,M,1,5783,1,No,44.9
6332,F,Ship,3,4,239,4,medium,F,8,4537,0,No,41.6
6333,A,Ship,2,2,199,3,low,M,1,4697,1,No,41.9
6334,B,Ship,3,4,269,2,medium,M,2,4177,0,No,44.5
6335,C,Ship,2,2,226,3,low,M,5,5875,0,No,39.9
6336,F,Ship,3,1,264,3,low,F,5,5043,0,No,43.4
6337,D,Ship,5,4,264,3,medium,M,10,4025,1,Yes,56.0
6338,F,Ship,4,3,186,3,low,M,2,4437,1,No,43.7
6339,A,Ship,3,5,154,3,high,F,2,4219,0,No,45.0
6340,B,Ship,3,1,239,2,medium,F,2,5757,1,No,46.3
6341,C,Ship,3,5,139,2,low,F,7,4449,1,No,43.2
6342,F,Ship,5,4,138,2,medium,F,8,5885,1,No,43.2
6343,D,Ship,3,1,286,4,medium,M,4,5106,0,No,41.7
6344,F,Ship,4,3,275,5,low,M,2,4622,1,No,41.6
6345,A,Ship,4,5,195,2,low,M,2,4008,1,Yes,60.6
6346,B,Ship,3,4,267,3,high,M,8,5337,1,No,43.6
6347,C,Ship,4,3,223,3,medium,F,7,5935,0,No,43.3
6348,F,Ship,4,4,198,2,low,M,6,5520,0,No,42.4
6349,D,Ship,6,5,250,2,low,F,7,4724,0,No,45.6
6350,F,Ship,3,3,237,4,low,F,8,5761,0,No,44.0
6351,A,Ship,5,4,193,3,medium,M,4,5873,0,No,43.7
6352,B,Ship,5,2,216,4,medium,F,9,5804,0,No,41.7
6353,C,Ship,3,2,253,2,medium,F,2,4567,0,No,43.2
6354,F,Ship,3,1,132,3,low,F,2,4785,0,No,43.9
6355,D,Ship,5,4,140,4,low,M,3,4018,0,Yes,55.1
6356,F,Ship,2,4,114,4,low,M,9,4452,1,No,41.5
6357,A,Ship,3,5,238,6,medium,M,8,5620,0,No,43.1
6358,B,Ship,3,1,210,2,low,M,9,5932,0,No,42.7
6359,C,Ship,4,4,272,4,medium,M,4,4363,1,No,41.6
6360,F,Ship,4,5,184,3,medium,F,9,5594,0,No,43.3
6361,D,Ship,4,1,168,2,low,M,3,4665,1,No,42.9
6362,F,Ship,4,2,231,5,low,M,7,4718,0,No,42.0
6363,A,Ship,4,1,143,2,medium,F,5,4057,0,Yes,53.2
6364,B,Ship,4,2,182,3,medium,M,9,5735,0,No,44.1
6365,C,Ship,2,4,221,3,low,F,3,4076,0,Yes,50.0
6366,F,Ship,6,1,225,6,low,M,8,5714,1,No,44.4
6367,D,Ship,3,5,227,3,high,M,9,4892,1,No,43.2
6368,F,Ship,3,1,266,3,low,M,5,5154,0,No,43.4
6369,A,Ship,4,2,247,4,high,F,9,4588,1,No,41.0
6370,B,Ship,3,2,154,3,medium,M,1,5322,1,No,44.8
6371,C,Ship,5,3,179,3,low,F,3,4131,0,No,44.4
6372,F,Ship,3,3,249,2,medium,M,9,4034,1,Yes,55.6
6373,D,Ship,3,5,156,4,low,M,5,4661,1,No,41.7
6374,F,Ship,3,5,206,3,low,F,6,4620,1,No,43.1
6375,A,Ship,4,1,245,3,medium,F,5,4173,0,No,44.2
6376,B,Ship,4,5,197,2,low,M,3,4379,1,No,43.0
6377,C,Ship,3,4,188,4,medium,M,5,5216,1,No,41.6
6378,F,Ship,3,3,237,2,low,F,2,4263,1,No,44.3
6379,D,Ship,4,4,174,2,medium,F,2,5892,0,No,44.4
6380,F,Ship,5,3,266,3,low,M,4,4969,1,No,45.2
6381,A,Ship,3,3,151,3,low,M,7,4611,0,No,42.9
6382,B,Ship,4,3,271,2,medium,M,9,4967,1,No,42.3
6383,C,Ship,4,1,214,2,low,F,10,4447,0,No,42.5
6384,F,Ship,6,5,261,5,low,M,1,5442,0,No,43.8
6385,D,Ship,3,1,166,2,high,F,6,5905,1,No,42.8
6386,F,Ship,3,4,269,2,low,F,8,5294,1,No,42.7
6387,A,Ship,3,2,167,3,medium,M,5,5995,1,Yes,50.5
6388,B,Ship,4,1,200,2,medium,F,5,5249,0,No,42.5
6389,C,Ship,4,4,159,3,low,F,1,4194,1,No,45.4
6390,F,Ship,4,2,197,2,low,F,1,4977,0,No,44.4
6391,D,Ship,4,5,219,2,high,M,4,4069,1,Yes,51.5
6392,F,Ship,3,2,239,3,low,F,10,4486,0,No,43.0
6393,A,Ship,3,1,146,2,medium,F,8,5375,0,No,42.7
6394,B,Ship,5,1,173,2,low,F,4,4242,1,No,44.7
6395,C,Ship,4,3,220,3,low,F,6,4894,1,No,43.4
6396,F,Ship,3,5,185,3,medium,M,5,4317,1,No,45.1
6397,D,Ship,4,2,170,2,medium,M,5,4996,1,No,42.6
6398,F,Ship,4,3,250,3,high,F,4,5272,1,No,43.3
6399,A,Ship,3,4,145,3,low,F,7,4079,1,Yes,51.3
6400,B,Ship,3,2,211,4,high,M,1,5831,1,No,43.9
6401,C,Ship,5,5,249,3,low,M,1,4274,0,No,46.3
6402,F,Ship,3,3,237,2,medium,M,8,5516,0,No,42.7
6403,D,Ship,4,5,144,2,medium,M,8,5478,0,No,42.7
6404,F,Ship,4,4,171,3,low,M,6,4343,1,No,43.5
6405,A,Ship,3,1,203,3,medium,F,4,4965,0,No,43.5
6406,B,Ship,5,1,137,4,high,F,1,4042,0,Yes,50.4
6407,C,Ship,4,2,212,3,medium,M,3,5427,1,No,43.2
6408,F,Ship,3,3,209,3,high,F,2,4036,1,Yes,54.3
6409,D,Ship,3,4,223,3,low,F,7,5336,1,No,43.5
6410,F,Ship,3,2,164,2,medium,F,7,4150,0,No,42.8
6411,A,Ship,3,3,220,3,high,F,6,5269,1,No,43.3
6412,B,Ship,3,4,216,3,medium,M,3,5651,0,No,43.2
6413,C,Road,3,2,215,2,medium,M,7,5988,1,No,46.6
6414,F,Road,4,2,146,3,low,F,4,5659,0,No,43.0
6415,D,Road,5,2,168,2,low,F,10,5225,1,No,43.2
6416,F,Road,4,4,218,6,medium,M,8,5101,1,No,42.6
6417,A,Road,4,3,143,4,medium,F,2,4919,0,No,41.6
6418,B,Road,3,1,233,3,medium,M,7,5331,0,No,43.5
6419,C,Road,4,1,195,3,low,M,2,4418,0,No,43.7
6420,F,Road,4,2,206,2,medium,M,5,4635,0,No,42.4
6421,D,Road,4,5,181,3,medium,M,1,5310,0,No,44.4
6422,F,Road,4,2,150,4,low,F,1,5922,1,No,49.1
6423,A,Road,3,5,258,4,low,F,3,4212,1,No,41.1
6424,B,Road,4,3,149,4,medium,M,1,4678,0,No,42.0
6425,C,Road,5,1,163,3,low,M,4,4200,0,No,45.8
6426,F,Road,3,3,259,2,high,M,8,4481,0,No,42.4
6427,D,Road,5,1,187,2,low,F,7,4792,0,No,44.8
6428,F,Road,3,5,172,3,medium,M,1,5024,1,No,45.0
6429,A,Road,3,5,139,2,low,M,2,5839,0,No,44.2
6430,B,Road,5,1,203,3,low,F,2,4162,1,No,45.8
6431,C,Road,3,3,150,4,medium,F,1,4662,0,No,42.4
6432,F,Road,3,1,201,6,medium,M,10,5077,1,No,42.1
6433,D,Road,3,4,194,2,medium,M,7,5553,0,No,42.6
6434,F,Road,3,4,159,3,high,M,4,4756,1,No,43.6
6435,A,Flight,4,2,238,2,medium,F,9,4937,0,No,42.3
6436,B,Flight,3,5,189,2,low,M,8,4567,0,No,42.2
6437,C,Flight,2,1,173,2,high,M,1,4135,1,No,44.6
6438,F,Flight,4,1,171,4,medium,M,2,5082,0,No,41.6
6439,D,Flight,5,3,154,2,low,M,3,5440,1,No,44.2
6440,F,Flight,4,1,173,3,low,F,4,4634,0,No,43.2
6441,A,Flight,3,4,186,6,low,F,8,4134,0,No,41.1
6442,B,Flight,4,1,224,3,low,M,9,5546,1,No,43.1
6443,C,Flight,4,3,186,3,medium,F,9,5131,1,No,43.3
6444,F,Flight,4,4,196,3,low,M,5,5514,0,No,43.0
6445,D,Flight,2,2,149,3,low,F,4,4819,1,No,41.7
6446,F,Flight,4,3,224,2,medium,M,8,5961,1,No,42.2
6447,A,Flight,3,1,154,2,low,F,10,5594,1,No,42.2
6448,B,Flight,3,3,170,4,low,M,3,4049,0,No,46.8
6449,C,Flight,3,4,150,2,low,F,6,5987,0,No,44.5
6450,F,Flight,5,2,240,3,low,M,7,4744,1,No,45.8
6451,D,Flight,3,3,139,2,medium,F,4,5958,1,No,43.2
6452,F,Flight,3,3,251,3,medium,M,2,5972,0,No,42.0
6453,A,Flight,4,4,237,3,medium,M,4,4747,1,No,43.4
6454,B,Flight,3,2,227,3,low,F,4,4450,0,No,43.8
6455,C,Flight,5,5,131,5,low,F,1,5299,1,No,43.0
6456,F,Flight,5,2,161,3,low,M,8,5804,1,No,46.1
6457,D,Ship,3,5,195,3,medium,F,9,4224,0,No,43.4
6458,F,Ship,2,3,266,2,low,M,1,5356,0,No,41.8
6459,A,Ship,3,2,198,2,low,M,9,4250,1,No,41.7
6460,B,Ship,4,3,200,4,low,F,10,4291,1,No,40.4
6461,C,Ship,6,1,196,4,medium,F,2,5844,0,No,42.9
6462,F,Ship,2,1,285,5,low,M,4,5759,0,No,42.1
6463,D,Ship,4,2,265,2,low,M,2,5649,0,No,42.9
6464,F,Ship,3,2,131,5,low,F,8,5084,0,No,42.5
6465,A,Ship,5,4,216,3,medium,F,2,5404,1,No,45.1
6466,B,Ship,4,1,253,4,low,F,1,5621,0,No,41.7
6467,C,Ship,5,3,230,4,medium,M,4,5278,1,No,41.8
6468,F,Ship,4,1,173,4,medium,F,1,4684,0,No,42.0
6469,D,Ship,3,5,206,2,low,F,4,4080,0,No,49.8
6470,F,Ship,5,3,189,5,low,M,7,4869,0,No,42.7
6471,A,Ship,3,5,270,3,high,M,1,4078,1,Yes,51.7
6472,B,Ship,4,4,266,3,low,M,3,5531,1,No,43.2
6473,C,Ship,3,5,270,3,medium,M,7,5477,1,No,43.5
6474,F,Ship,3,4,216,8,medium,F,8,4616,0,No,42.4
6475,D,Ship,3,1,147,8,medium,M,6,4575,0,No,42.2
6476,F,Ship,3,2,270,6,medium,F,10,4725,1,No,41.5
6477,A,Ship,3,2,261,8,low,F,3,5171,0,No,43.7
6478,B,Ship,3,3,261,8,medium,M,3,4007,1,Yes,78.9
6479,C,Ship,4,2,177,6,low,F,3,4392,1,No,41.8
6480,F,Ship,4,4,142,10,high,F,7,4624,0,No,43.4
6481,D,Ship,5,4,222,3,medium,F,10,4663,0,No,44.6
6482,F,Ship,4,4,186,7,medium,M,9,5418,0,No,42.9
6483,A,Ship,3,2,177,3,medium,M,8,5006,1,No,43.5
6484,B,Ship,4,1,251,4,low,M,3,4433,0,No,41.4
6485,C,Ship,3,5,240,7,medium,F,9,5525,1,No,43.5
6486,F,Ship,3,4,260,4,medium,M,10,5425,0,No,40.8
6487,D,Ship,4,2,206,7,high,M,3,4991,0,No,42.7
6488,F,Ship,4,3,242,2,low,M,3,4811,1,No,42.9
6489,A,Ship,3,1,194,3,low,F,1,5566,0,No,44.6
6490,B,Ship,5,1,232,3,low,F,10,1014,1,Yes,79.6
6491,C,Ship,6,2,279,4,low,F,10,1990,1,No,47.5
6492,F,Ship,6,4,251,4,low,F,10,1568,1,No,45.8
6493,D,Ship,6,1,300,5,low,F,10,1787,0,No,45.8
6494,F,Ship,7,3,133,5,low,F,4,1783,1,No,47.5
6495,A,Ship,6,1,283,4,low,M,8,1404,0,No,46.2
6496,B,Ship,7,4,296,4,low,F,8,1717,1,No,47.3
6497,C,Ship,6,2,261,4,medium,M,8,1891,0,No,45.9
6498,F,Ship,6,2,286,4,low,F,3,1959,0,No,47.3
6499,D,Ship,6,1,298,4,low,F,1,1735,1,No,48.3
6500,F,Ship,6,1,287,4,medium,F,1,1581,0,No,48.3
6501,A,Ship,6,5,251,4,medium,F,3,1660,0,No,48.1
6502,B,Ship,5,2,231,5,low,F,4,1913,1,No,46.0
6503,C,Ship,5,1,249,5,medium,M,10,1561,0,No,45.8
6504,F,Ship,5,2,244,5,low,M,10,1699,0,No,45.9
6505,D,Ship,7,1,264,4,medium,F,9,1829,1,No,45.9
6506,F,Ship,5,1,254,5,medium,M,10,1020,0,No,42.1
6507,A,Ship,4,4,264,6,low,F,6,1758,0,No,46.8
6508,B,Ship,6,4,309,4,low,M,9,1771,1,No,45.5
6509,C,Ship,5,1,298,4,low,F,4,1853,0,No,46.2
6510,F,Ship,5,5,265,5,medium,M,1,1568,0,No,48.1
6511,D,Ship,6,2,246,4,medium,M,7,1071,0,No,46.5
6512,F,Ship,5,2,222,5,low,F,5,1329,0,No,46.2
6513,A,Ship,7,5,250,4,low,M,1,1690,1,No,49.4
6514,B,Ship,4,2,240,5,medium,M,7,1711,1,No,47.2
6515,C,Ship,4,1,246,6,low,F,6,1335,1,No,46.7
6516,F,Ship,6,2,293,5,medium,F,4,1281,0,No,46.4
6517,D,Ship,5,5,189,5,low,M,3,5254,1,No,42.2
6518,F,Ship,3,5,270,3,high,F,7,4459,1,No,44.2
6519,A,Ship,4,4,266,3,low,M,10,5221,0,No,43.2
6520,B,Ship,3,2,270,3,medium,M,9,5873,1,No,41.7
6521,C,Ship,3,3,216,8,medium,M,4,5329,1,No,43.9
6522,F,Ship,3,3,147,8,medium,F,7,5822,0,No,44.3
6523,D,Ship,3,5,270,6,medium,F,9,4195,0,No,39.3
6524,F,Ship,3,3,261,8,low,M,10,4145,0,No,37.5
6525,A,Ship,3,1,261,8,medium,F,9,5248,1,No,43.5
6526,B,Ship,4,4,177,6,low,M,6,5451,1,No,41.5
6527,C,Ship,4,2,142,10,high,F,9,4280,1,No,43.2
6528,F,Ship,5,3,222,3,medium,F,10,4597,0,No,44.2
6529,D,Ship,4,5,186,7,medium,F,1,4357,0,No,41.4
6530,F,Ship,3,3,177,3,medium,M,10,5374,1,No,43.2
6531,A,Ship,4,4,251,4,low,F,1,4252,0,No,42.1
6532,B,Ship,3,3,240,7,medium,M,3,4385,0,No,42.9
6533,C,Ship,3,5,260,4,medium,F,8,4162,1,No,41.0
6534,F,Ship,4,2,206,7,high,M,7,5479,1,No,43.5
6535,D,Ship,4,5,242,2,low,M,4,5341,0,No,42.6
6536,F,Ship,3,2,194,3,low,F,3,5779,1,No,46.1
6537,A,Ship,5,2,232,3,low,F,1,1187,1,Yes,80.5
6538,B,Ship,6,4,279,4,low,F,1,1246,1,No,48.2
6539,C,Ship,6,3,251,4,low,M,1,1230,1,No,48.2
6540,F,Ship,6,2,300,5,low,M,3,1696,0,No,48.1
6541,D,Ship,7,5,133,5,low,F,7,1239,1,No,47.1
6542,F,Ship,6,4,283,4,low,F,10,1512,0,No,45.8
6543,A,Ship,7,5,296,4,low,F,2,1823,1,No,49.4
6544,B,Ship,6,1,261,4,medium,F,8,1524,0,No,46.2
6545,C,Ship,6,3,286,4,low,M,5,1750,1,No,46.5
6546,F,Ship,6,5,298,4,low,M,3,1520,0,No,48.0
6547,D,Ship,6,3,287,4,medium,F,8,1850,1,No,46.1
6548,F,Ship,6,2,251,4,medium,F,6,1864,0,No,45.5
6549,A,Ship,5,4,231,5,low,M,10,1247,0,No,45.9
6550,B,Road,5,1,249,5,medium,F,1,1654,1,No,48.2
6551,C,Road,5,5,244,5,low,M,5,1787,0,No,46.3
6552,F,Road,7,3,264,4,medium,M,3,1296,0,No,48.3
6553,D,Road,5,4,254,5,medium,M,7,1545,0,No,46.2
6554,F,Road,4,1,264,6,low,M,7,1007,0,No,43.8
6555,A,Road,6,2,309,4,low,F,6,1335,0,No,45.6
6556,B,Road,5,1,298,4,low,M,4,1551,0,No,46.3
6557,C,Road,5,3,265,5,medium,F,6,1929,0,No,45.5
6558,F,Road,6,2,246,4,medium,F,7,1297,1,No,46.4
6559,D,Road,5,5,222,5,low,F,4,1311,0,No,46.3
6560,F,Road,7,1,250,4,low,M,9,1890,1,No,45.6
6561,A,Road,6,5,269,4,low,F,2,1243,0,No,48.3
6562,B,Road,6,2,161,4,low,F,9,1377,0,No,45.4
6563,C,Road,4,3,256,5,low,F,5,1533,1,No,47.0
6564,F,Road,5,1,303,5,medium,F,4,1009,0,No,43.4
6565,D,Road,5,3,257,5,medium,F,3,1953,0,No,47.7
6566,F,Road,5,2,259,5,low,F,3,1724,1,No,48.0
6567,A,Road,4,4,249,6,low,F,1,1398,1,No,48.4
6568,B,Road,6,2,289,4,high,F,3,1116,0,No,47.9
6569,C,Road,6,2,308,5,medium,F,6,1118,0,No,45.6
6570,F,Road,6,3,297,4,medium,F,2,1520,1,No,48.4
6571,D,Road,4,2,255,5,low,M,1,1353,1,No,48.5
6572,F,Flight,6,4,266,4,low,M,9,1253,1,No,45.5
6573,A,Flight,7,5,302,4,low,M,3,1597,1,No,48.7
6574,B,Flight,4,4,223,5,medium,M,4,1344,0,No,47.0
6575,C,Flight,6,1,261,4,low,F,6,1703,1,No,45.7
6576,F,Flight,4,1,273,5,low,F,7,1922,0,No,46.6
6577,D,Flight,6,5,260,4,low,F,2,1221,0,No,48.3
6578,F,Flight,5,1,266,5,low,F,9,1852,0,No,45.3
6579,A,Flight,2,1,164,5,low,F,8,1886,0,Yes,54.2
6580,B,Flight,5,5,240,6,medium,F,9,1117,0,No,46.4
6581,C,Flight,6,5,305,4,medium,M,10,1418,1,No,45.8
6582,F,Flight,5,3,248,5,low,F,7,1475,1,No,46.2
6583,D,Flight,7,2,279,4,medium,F,1,1480,0,No,49.0
6584,F,Flight,5,2,244,6,low,F,7,1315,0,No,46.7
6585,A,Flight,5,1,267,5,low,F,4,1097,0,No,46.3
6586,B,Flight,7,2,275,4,medium,F,6,1513,0,No,46.2
6587,C,Flight,6,4,299,4,medium,M,9,1036,1,No,46.4
6588,F,Flight,6,1,254,4,medium,F,3,1488,1,No,48.0
6589,D,Flight,6,1,273,4,medium,F,6,1524,0,No,45.6
6590,F,Flight,5,3,218,5,low,F,6,1278,1,No,45.5
6591,A,Flight,5,4,267,5,medium,F,10,1837,1,No,45.8
6592,B,Flight,6,2,259,4,medium,M,6,1066,1,No,45.7
6593,C,Flight,7,4,272,4,low,M,3,1805,0,No,48.6
6594,F,Ship,5,4,281,4,medium,M,8,1220,0,No,46.4
6595,D,Ship,6,2,267,4,medium,F,1,1935,0,No,48.1
6596,F,Ship,6,4,260,4,medium,F,10,1927,0,No,45.8
6597,A,Ship,7,2,261,4,medium,M,9,1918,1,No,45.6
6598,B,Ship,4,1,219,2,medium,F,2,1752,0,Yes,80.9
6599,C,Ship,4,3,264,5,medium,M,3,1639,0,No,48.6
6600,F,Ship,7,3,310,5,low,F,5,1563,0,No,46.4
6601,D,Ship,6,4,297,5,high,M,6,1631,0,No,45.6
6602,F,Ship,4,3,274,5,low,M,5,1512,0,No,47.0
6603,A,Ship,5,5,246,5,medium,M,6,1053,0,No,45.5
6604,B,Ship,5,3,221,6,medium,F,3,1960,1,No,48.1
6605,C,Ship,6,3,295,4,low,F,10,1495,0,No,45.8
6606,F,Ship,7,4,259,4,low,M,6,1697,0,No,46.3
6607,D,Ship,4,4,138,3,medium,F,7,1597,1,Yes,83.4
6608,F,Ship,3,5,250,2,low,F,9,1205,0,Yes,81.9
6609,A,Ship,5,1,236,6,medium,F,4,1705,0,No,46.9
6610,B,Ship,5,1,267,5,medium,M,10,1505,0,No,45.8
6611,C,Ship,6,4,283,4,medium,M,1,1384,1,No,48.3
6612,F,Ship,7,1,244,4,low,M,8,1817,1,No,47.5
6613,D,Ship,5,2,260,5,low,M,9,1809,1,No,45.4
6614,F,Ship,5,1,276,5,medium,M,5,1358,1,No,46.2
6615,A,Ship,7,3,307,4,low,M,4,1653,0,No,47.1
6616,B,Ship,6,5,266,4,low,M,8,1709,0,No,46.3
6617,C,Ship,5,2,237,5,medium,M,6,1084,0,No,45.5
6618,F,Ship,4,4,251,6,medium,M,4,1869,0,No,47.3
6619,D,Ship,4,1,247,6,low,M,4,1349,1,No,47.6
6620,F,Ship,3,3,279,4,low,M,3,4620,0,No,41.3
6621,A,Ship,5,5,230,3,low,F,10,5163,0,No,44.1
6622,B,Ship,4,5,234,3,low,F,4,5100,1,No,43.4
6623,C,Ship,6,5,152,4,medium,F,8,5351,0,No,43.1
6624,F,Ship,3,4,160,4,medium,M,9,4733,1,No,41.7
6625,D,Ship,3,2,263,3,low,F,3,5303,0,No,43.3
6626,F,Ship,4,1,164,3,low,M,4,5910,0,No,43.4
6627,A,Ship,3,3,209,2,medium,M,1,5098,1,No,44.9
6628,B,Ship,5,1,245,3,low,F,9,4694,0,No,44.9
6629,C,Ship,3,4,172,2,low,M,5,5919,0,No,42.8
6630,F,Ship,2,5,180,6,medium,F,7,4907,1,No,41.9
6631,D,Ship,3,3,145,3,medium,F,8,4522,0,No,43.1
6632,F,Ship,3,4,248,3,medium,F,6,4932,0,No,43.4
6633,A,Ship,5,4,242,3,high,F,4,4805,0,No,45.2
6634,B,Ship,4,3,237,3,medium,F,8,5045,1,No,43.5
6635,C,Ship,4,4,203,2,low,F,4,4793,0,No,42.9
6636,F,Ship,3,4,186,4,low,M,6,4403,0,No,41.3
6637,D,Ship,4,1,155,5,low,F,1,5986,0,Yes,51.3
6638,F,Ship,3,4,153,4,low,M,5,5604,1,No,41.4
6639,A,Ship,3,2,199,2,medium,M,10,4659,0,No,42.2
6640,B,Ship,4,5,219,3,medium,M,8,4605,0,No,42.9
6641,C,Ship,4,1,156,2,low,M,8,5488,0,No,42.7
6642,F,Ship,5,5,135,2,low,F,1,4324,1,No,45.7
6643,D,Ship,3,4,244,3,medium,M,2,5389,0,No,43.6
6644,F,Ship,5,1,183,3,low,F,10,5023,0,No,44.1
6645,A,Ship,4,3,258,2,low,F,3,4555,0,No,42.5
6646,B,Ship,6,2,168,2,low,M,3,5853,0,No,42.9
6647,C,Ship,5,1,161,2,medium,F,10,4108,1,Yes,51.3
6648,F,Ship,4,2,246,2,low,M,2,4497,1,No,43.5
6649,D,Ship,3,3,232,4,medium,M,3,5828,0,No,42.4
6650,F,Ship,3,3,155,2,medium,F,5,5577,0,No,42.4
6651,A,Ship,5,5,162,2,medium,M,6,5868,0,No,43.0
6652,B,Ship,4,3,123,4,medium,M,6,4166,0,No,41.8
6653,C,Ship,3,4,235,2,low,F,10,4575,0,No,42.0
6654,F,Ship,5,1,179,2,low,F,3,5417,0,No,44.2
6655,D,Ship,3,5,202,2,medium,M,3,5746,1,No,44.6
6656,F,Ship,4,5,272,2,medium,F,1,5378,0,No,44.3
6657,A,Ship,4,2,185,3,medium,M,1,5338,0,No,44.4
6658,B,Ship,3,3,188,2,medium,F,2,4336,0,No,43.1
6659,C,Ship,3,2,250,4,low,F,3,5449,1,No,41.5
6660,F,Ship,5,3,224,4,low,M,7,4553,0,No,42.4
6661,D,Ship,4,1,261,3,low,F,10,5943,0,No,41.4
6662,F,Ship,3,1,200,2,medium,M,8,4337,0,No,42.5
6663,A,Ship,4,1,200,4,medium,M,3,5837,0,No,41.7
6664,B,Ship,2,1,143,3,low,M,4,4512,0,No,41.4
6665,C,Ship,3,4,199,3,low,M,7,5089,0,No,43.5
6666,F,Ship,4,5,157,3,medium,M,2,5791,1,No,45.9
6667,D,Ship,3,2,225,3,high,M,5,4304,1,No,44.7
6668,F,Ship,3,3,152,2,medium,M,3,4193,1,No,43.2
6669,A,Ship,4,4,236,2,medium,F,6,5101,1,No,42.6
6670,B,Ship,3,1,266,5,low,M,1,5459,0,No,42.5
6671,C,Ship,3,2,243,4,medium,M,4,4410,1,No,41.8
6672,F,Ship,4,5,224,6,high,F,5,5659,1,No,42.8
6673,D,Ship,3,5,153,4,low,F,10,5897,0,No,39.3
6674,F,Ship,4,2,232,3,medium,F,7,5737,1,No,44.2
6675,A,Ship,3,3,253,3,medium,M,5,4754,1,No,43.8
6676,B,Ship,3,3,150,3,low,M,5,5328,0,No,43.2
6677,C,Ship,4,3,198,2,low,M,5,5724,1,No,43.6
6678,F,Ship,4,4,231,3,low,M,9,4305,1,No,44.1
6679,D,Ship,3,5,135,2,medium,F,9,5614,1,No,42.3
6680,F,Ship,5,4,153,3,low,M,5,4711,1,No,45.2
6681,A,Ship,4,2,201,2,low,M,3,4869,1,No,42.9
6682,B,Ship,4,4,273,2,medium,M,6,5676,1,No,42.4
6683,C,Ship,5,4,245,3,high,M,4,4298,0,No,45.9
6684,F,Ship,4,4,157,2,low,M,9,4491,1,No,42.1
6685,D,Ship,4,3,150,2,high,F,8,4965,1,No,42.6
6686,F,Ship,3,3,243,2,low,M,3,4675,1,No,43.0
6687,A,Road,4,5,105,5,high,M,4,5824,1,No,41.5
6688,B,Road,5,4,221,5,low,M,6,5059,0,No,41.5
6689,C,Road,3,1,236,6,medium,F,10,4858,0,No,41.3
6690,F,Road,4,4,263,3,medium,M,5,4193,0,No,44.2
6691,D,Road,3,3,213,2,low,M,10,5495,0,No,42.7
6692,F,Road,6,1,259,3,low,F,3,5683,0,No,44.5
6693,A,Road,4,2,190,3,medium,M,7,4766,0,No,43.5
6694,B,Road,3,5,213,4,medium,M,9,5550,1,No,41.5
6695,C,Road,5,3,261,4,medium,F,5,4623,1,No,41.6
6696,F,Road,3,5,254,3,medium,M,5,4946,0,No,43.8
6697,D,Road,3,4,151,4,medium,F,1,4587,1,No,42.3
6698,F,Road,5,1,187,4,medium,F,9,5657,1,No,42.7
6699,A,Road,4,5,139,2,medium,F,1,4606,0,No,43.9
6700,B,Road,5,2,173,2,high,F,10,4741,0,No,43.7
6701,C,Road,3,3,136,3,low,M,10,5175,0,No,43.0
6702,F,Road,4,1,272,4,high,M,1,5597,0,No,41.7
6703,D,Road,6,4,116,3,low,M,6,4649,0,No,45.7
6704,F,Road,4,2,181,3,low,M,10,4212,1,No,43.1
6705,A,Road,5,3,230,3,medium,M,4,4914,1,No,45.1
6706,B,Road,2,5,127,3,medium,F,3,5964,0,No,41.4
6707,C,Road,3,1,182,3,low,M,2,5760,0,No,46.4
6708,F,Road,3,1,186,2,medium,F,7,4556,0,No,42.4
6709,D,Flight,5,1,271,4,low,M,3,4610,1,No,41.6
6710,F,Flight,5,3,171,2,medium,F,1,5385,1,No,45.9
6711,A,Flight,4,3,238,2,medium,F,2,5328,0,No,43.0
6712,B,Flight,4,4,184,3,low,M,8,4453,1,No,43.9
6713,C,Flight,5,2,214,2,low,F,8,4767,0,No,44.4
6714,F,Flight,4,4,279,6,medium,M,5,4898,1,No,42.2
6715,D,Flight,3,2,168,4,low,F,1,4184,1,No,43.4
6716,F,Flight,6,4,221,5,medium,M,8,4511,1,No,42.4
6717,A,Flight,3,5,260,3,medium,M,7,5379,1,No,43.5
6718,B,Flight,4,3,204,3,medium,M,2,5010,0,No,43.6
6719,C,Flight,4,2,142,3,medium,F,6,4918,0,No,43.3
6720,F,Flight,4,3,178,3,medium,M,3,5669,0,No,43.1
6721,D,Flight,2,1,203,3,medium,M,6,4234,0,No,43.6
6722,F,Flight,4,2,180,4,medium,M,9,4329,0,No,41.2
6723,A,Flight,4,4,193,3,medium,F,3,4596,0,No,42.8
6724,B,Flight,5,4,99,2,high,F,4,4259,0,No,44.5
6725,C,Flight,3,1,250,3,low,M,1,4347,0,No,44.5
6726,F,Flight,4,1,152,3,medium,F,3,4250,1,No,43.5
6727,D,Flight,4,1,265,2,low,F,10,5418,1,No,42.3
6728,F,Flight,2,3,226,2,medium,M,2,4566,0,No,40.2
6729,A,Flight,3,3,234,3,low,M,3,4405,0,No,43.7
6730,B,Flight,4,3,225,2,high,F,4,4732,0,No,42.9
6731,C,Ship,3,5,161,2,medium,M,9,4623,0,No,42.1
6732,F,Ship,5,2,246,3,medium,F,10,5110,0,No,44.1
6733,D,Ship,4,5,162,3,medium,F,10,4850,1,No,43.2
6734,F,Ship,4,4,135,3,medium,M,2,5016,0,No,43.6
6735,A,Ship,4,3,201,2,low,F,10,4875,0,No,42.3
6736,B,Ship,6,4,235,6,low,M,1,5533,1,No,42.8
6737,C,Ship,5,2,214,2,low,F,10,5192,0,No,43.0
6738,F,Ship,6,3,245,5,medium,F,8,5678,1,No,43.2
6739,D,Ship,5,5,192,2,low,M,10,5564,0,No,43.0
6740,F,Ship,5,5,179,5,low,M,3,4333,1,No,42.5
6741,A,Ship,6,3,210,4,medium,M,9,5440,0,No,41.9
6742,B,Ship,3,2,209,2,medium,F,2,4635,0,No,43.4
6743,C,Ship,4,2,200,3,medium,M,7,4323,0,No,43.9
6744,F,Ship,6,3,165,5,medium,M,5,4871,0,No,42.3
6745,D,Ship,3,5,168,3,medium,M,7,4296,0,No,44.7
6746,F,Ship,4,4,203,2,low,F,10,5192,0,No,42.1
6747,A,Ship,4,5,202,3,medium,M,8,5416,0,No,43.6
6748,B,Ship,4,2,266,3,medium,F,2,5252,1,No,43.5
6749,C,Ship,2,1,248,6,low,F,2,5182,0,No,40.3
6750,F,Ship,5,3,173,3,low,M,5,5395,0,No,44.8
6751,D,Ship,2,4,156,3,medium,F,8,5668,1,No,42.2
6752,F,Ship,3,5,109,2,high,M,2,5978,1,No,42.8
6753,A,Ship,3,4,250,3,low,M,6,4830,1,No,43.4
6754,B,Ship,2,4,195,4,medium,M,3,5641,1,No,40.1
6755,C,Ship,4,1,160,5,low,F,10,4018,1,Yes,53.1
6756,F,Ship,2,5,189,3,low,F,5,5320,0,No,41.6
6757,D,Ship,4,3,239,3,medium,M,9,5897,1,No,43.0
6758,F,Ship,3,3,204,2,medium,F,5,5399,0,No,42.4
6759,A,Ship,4,5,156,3,low,M,5,4610,0,No,42.6
6760,B,Ship,5,2,192,3,high,F,7,5695,1,No,45.6
6761,C,Ship,4,2,233,2,low,M,7,5546,1,No,42.7
6762,F,Ship,5,3,253,3,low,F,3,5944,1,No,45.4
6763,D,Ship,2,1,277,6,low,M,10,4165,0,No,39.2
6764,F,Ship,4,2,211,2,low,F,9,5883,1,No,42.1
6765,A,Ship,6,4,172,6,medium,F,10,5554,1,No,41.5
6766,B,Ship,5,4,211,4,low,F,4,4498,1,No,42.1
6767,C,Ship,2,3,248,4,high,F,2,4521,0,No,39.3
6768,F,Ship,3,4,176,3,medium,M,4,5623,0,No,43.1
6769,D,Ship,4,1,100,6,medium,M,6,5841,0,No,41.7
6770,F,Ship,5,5,195,4,low,F,1,4393,1,No,43.4
6771,A,Ship,3,2,137,3,low,F,4,5617,0,No,43.3
6772,B,Ship,4,4,195,4,medium,M,2,5464,0,No,41.4
6773,C,Ship,2,5,185,3,low,F,9,5810,0,No,42.9
6774,F,Ship,3,1,250,2,medium,F,9,4753,0,No,42.3
6775,D,Ship,3,2,150,3,low,M,2,4660,1,No,43.9
6776,F,Ship,3,1,166,3,medium,F,9,4251,0,No,43.2
6777,A,Ship,4,5,257,2,medium,M,5,4127,0,No,44.6
6778,B,Ship,5,1,249,3,medium,F,5,4392,0,No,45.9
6779,C,Ship,5,5,268,3,medium,F,7,4480,1,No,46.3
6780,F,Ship,4,4,273,3,low,F,3,5749,1,No,44.8
6781,D,Ship,5,5,246,3,medium,F,9,4107,0,Yes,52.7
6782,F,Ship,5,1,142,6,medium,M,1,4843,1,No,42.2
6783,A,Ship,5,2,168,2,low,M,6,5464,1,No,44.0
6784,B,Ship,5,2,249,3,low,M,9,5978,1,No,43.6
6785,C,Ship,3,1,220,3,medium,F,6,5319,0,No,43.2
6786,F,Ship,4,3,189,2,low,F,7,4765,0,No,42.8
6787,D,Ship,5,2,237,4,low,M,5,5623,1,No,41.7
6788,F,Ship,4,4,247,3,high,F,2,5324,1,No,43.3
6789,A,Ship,3,4,250,6,medium,M,1,4543,1,No,41.5
6790,B,Ship,4,4,207,10,low,F,1,4602,0,No,38.0
6791,C,Ship,4,4,201,10,low,M,3,4202,0,No,41.8
6792,F,Ship,4,2,142,2,low,M,6,5326,0,No,42.4
6793,D,Ship,3,1,207,2,low,M,7,4639,0,No,42.7
6794,F,Ship,3,1,214,2,high,F,10,4310,0,No,42.4
6795,A,Ship,4,3,134,10,medium,M,8,4337,0,No,43.6
6796,B,Ship,3,4,178,8,medium,F,6,4146,0,No,41.7
6797,C,Ship,4,1,186,2,low,M,4,4686,1,No,42.9
6798,F,Ship,4,4,250,3,low,M,10,4505,0,No,42.9
6799,D,Ship,4,3,172,3,medium,F,10,5434,0,No,43.2
6800,F,Ship,3,4,265,10,low,M,10,4049,0,No,44.8
6801,A,Ship,3,2,158,7,medium,M,10,4244,1,No,38.6
6802,B,Ship,3,1,180,7,medium,M,10,5536,0,No,41.2
6803,C,Ship,4,2,173,3,high,F,3,5364,0,No,43.2
6804,F,Ship,3,3,153,10,medium,M,10,5772,0,No,41.0
6805,D,Ship,4,4,182,3,high,F,7,5197,0,No,43.2
6806,F,Ship,3,1,192,3,low,F,9,5004,0,No,43.2
6807,A,Ship,6,5,285,7,medium,M,9,4112,0,No,46.1
6808,B,Ship,3,3,151,6,low,F,6,4279,0,No,41.3
6809,C,Ship,3,3,242,2,low,F,7,4501,0,No,43.0
6810,F,Ship,3,1,237,3,medium,F,4,5860,0,No,41.9
6811,D,Ship,5,2,259,5,low,F,7,1032,0,No,46.1
6812,F,Ship,4,3,249,6,low,M,2,1046,1,No,49.3
6813,A,Ship,6,3,289,4,high,F,5,1708,0,No,46.5
6814,B,Ship,6,3,308,5,medium,F,4,1118,0,No,46.4
6815,C,Ship,6,3,297,4,medium,M,2,1954,0,No,48.1
6816,F,Ship,4,1,255,5,low,F,4,1005,0,No,44.6
6817,D,Ship,6,1,266,4,low,M,9,1287,0,No,45.5
6818,F,Ship,7,2,302,4,low,M,6,1632,0,No,46.3
6819,A,Ship,4,5,223,5,medium,F,6,1579,1,No,46.2
6820,B,Ship,6,5,261,4,low,F,9,1266,1,No,45.5
6821,C,Ship,4,4,273,5,low,M,10,1316,0,No,47.3
6822,F,Ship,6,3,260,4,low,M,9,1131,1,No,45.8
6823,D,Ship,5,2,266,5,low,F,1,1504,1,No,48.1
6824,F,Road,2,1,164,5,low,M,4,1708,0,Yes,54.1
6825,A,Road,5,3,240,6,medium,F,3,1321,0,No,48.1
6826,B,Road,6,3,305,4,medium,F,9,1479,1,No,45.4
6827,C,Road,5,4,248,5,low,F,3,1471,1,No,47.8
6828,F,Road,7,3,279,4,medium,M,8,1060,0,No,47.5
6829,D,Road,5,4,244,6,low,F,10,1978,1,No,46.4
6830,F,Road,5,4,267,5,low,M,9,1017,0,No,41.7
6831,A,Road,7,1,275,4,medium,M,7,1754,0,No,47.0
6832,B,Road,5,1,168,2,low,F,10,4240,0,No,44.0
6833,C,Road,5,2,249,3,low,M,2,4696,0,No,45.6
6834,F,Road,3,2,220,3,medium,M,7,4555,1,No,43.3
6835,D,Road,4,4,189,2,low,M,5,4553,0,No,42.2
6836,F,Road,5,2,237,4,low,F,9,5922,0,No,42.8
6837,A,Road,4,3,247,3,high,F,1,5214,0,No,44.6
6838,B,Road,3,3,250,6,medium,M,9,5322,1,No,42.5
6839,C,Road,4,3,207,10,low,F,9,4179,0,No,41.3
6840,F,Road,4,5,201,10,low,F,7,5340,0,No,44.1
6841,D,Road,4,5,142,2,low,M,2,4472,0,No,43.2
6842,F,Road,3,4,207,2,low,M,6,5852,1,No,41.7
6843,A,Road,3,2,214,2,high,F,7,4938,0,No,42.7
6844,B,Road,4,5,134,10,medium,M,5,4244,0,No,43.4
6845,C,Road,3,3,178,8,medium,M,8,4774,1,No,44.2
6846,F,Flight,4,2,186,2,low,M,2,5604,1,No,43.0
6847,D,Flight,4,2,250,3,low,M,5,4488,1,No,43.2
6848,F,Flight,4,1,172,3,medium,F,10,5106,1,No,43.2
6849,A,Flight,3,5,265,10,low,M,6,4380,0,No,41.8
6850,B,Flight,3,1,158,7,medium,F,6,4166,0,No,42.9
6851,C,Flight,3,3,180,7,medium,F,4,5068,1,No,43.5
6852,F,Flight,4,1,173,3,high,M,1,5749,0,No,46.3
6853,D,Flight,3,4,153,10,medium,F,4,5456,1,No,43.4
6854,F,Flight,4,3,182,3,high,F,3,5624,0,No,43.1
6855,A,Flight,3,5,192,3,low,F,7,4056,1,Yes,54.4
6856,B,Flight,6,3,285,7,medium,M,7,5030,1,No,44.1
6857,C,Flight,3,5,151,6,low,M,8,4692,1,No,42.4
6858,F,Flight,3,5,242,2,low,M,1,5803,1,No,47.4
6859,D,Flight,3,1,237,3,medium,F,1,4476,1,No,44.8
6860,F,Flight,5,4,259,5,low,M,10,1177,0,No,46.2
6861,A,Flight,4,2,249,6,low,F,9,1673,1,No,47.4
6862,B,Flight,6,4,289,4,high,F,4,1822,0,No,46.4
6863,C,Flight,6,2,308,5,medium,M,4,1303,0,No,46.4
6864,F,Flight,6,3,297,4,medium,M,1,1080,0,No,48.2
6865,D,Flight,4,3,255,5,low,M,1,1192,0,No,48.4
6866,F,Flight,6,3,266,4,low,F,9,1876,0,No,45.1
6867,A,Flight,7,1,302,4,low,M,4,1647,0,No,47.1
6868,B,Ship,4,4,223,5,medium,M,1,1124,1,No,48.4
6869,C,Ship,6,4,261,4,low,F,5,1794,1,No,46.4
6870,F,Ship,4,2,273,5,low,F,4,1223,1,No,47.0
6871,D,Ship,6,3,260,4,low,F,10,1140,0,No,46.2
6872,F,Ship,5,2,266,5,low,F,10,1274,1,No,45.9
6873,A,Ship,2,3,164,5,low,M,7,1243,0,Yes,53.7
6874,B,Ship,5,2,240,6,medium,F,2,1852,1,No,48.4
6875,C,Ship,6,5,305,4,medium,F,9,1072,0,No,46.8
6876,F,Ship,5,2,248,5,low,M,4,1284,1,No,46.3
6877,D,Ship,7,2,279,4,medium,M,5,1210,0,No,46.8
6878,F,Ship,5,2,244,6,low,M,5,1702,1,No,46.9
6879,A,Ship,5,1,237,5,medium,F,2,1429,1,No,48.3
6880,B,Ship,4,2,251,6,medium,F,1,1154,1,No,48.2
6881,C,Ship,4,4,247,6,low,F,4,1044,0,No,47.3
6882,F,Ship,5,2,262,6,medium,F,4,1532,1,No,46.8
6883,D,Ship,5,3,223,5,medium,M,10,1170,1,No,46.2
6884,F,Ship,5,5,275,5,low,F,3,1145,0,No,47.8
6885,A,Ship,6,3,139,6,medium,F,8,1284,1,No,46.8
6886,B,Ship,4,3,245,6,low,F,3,1155,0,No,48.9
6887,C,Ship,6,3,278,4,high,F,3,1033,0,No,47.9
6888,F,Ship,5,3,243,5,low,M,2,1776,1,No,48.3
6889,D,Ship,7,3,309,4,low,F,1,1290,1,No,49.0
6890,F,Ship,6,2,279,4,low,M,1,1150,1,No,48.2
6891,A,Ship,6,3,247,4,medium,M,3,1903,0,No,47.7
6892,B,Ship,5,1,235,5,medium,F,6,1059,1,No,45.5
6893,C,Ship,5,5,268,5,medium,F,10,1906,0,No,45.5
6894,F,Ship,6,1,309,4,medium,M,9,1305,0,No,45.5
6895,D,Ship,6,5,308,4,low,M,2,1125,1,No,48.3
6896,F,Ship,5,5,237,5,high,F,2,1593,1,No,48.3
6897,A,Ship,6,2,291,4,low,M,9,1241,1,No,45.6
6898,B,Ship,4,2,264,5,medium,F,6,1736,1,No,46.4
6899,C,Ship,2,2,212,4,medium,F,3,1284,1,Yes,55.3
6900,F,Ship,4,5,196,4,low,M,10,1694,1,No,48.2
6901,D,Ship,5,5,260,5,low,F,6,1860,0,No,45.4
6902,F,Ship,6,5,266,4,low,F,6,1201,0,No,45.7
6903,A,Ship,5,2,254,5,high,M,6,1491,1,No,45.4
6904,B,Ship,5,2,249,5,low,F,8,1018,1,No,42.2
6905,C,Ship,6,5,279,4,medium,M,7,1300,0,No,46.4
6906,F,Ship,6,3,306,4,high,F,5,1261,1,No,46.4
6907,D,Ship,4,5,249,5,medium,M,3,1530,1,No,48.4
6908,F,Ship,6,4,297,4,low,F,9,1249,1,No,45.5
6909,A,Ship,6,1,273,4,low,M,6,1561,0,No,45.6
6910,B,Ship,6,4,299,4,low,F,9,1817,0,No,45.4
6911,C,Ship,5,5,240,5,medium,M,10,1574,1,No,45.8
6912,F,Ship,5,4,260,6,low,F,2,1765,0,No,48.6
6913,D,Ship,5,1,251,5,low,F,7,1924,1,No,46.0
6914,F,Ship,5,5,256,5,medium,M,2,1693,1,No,48.3
6915,A,Ship,5,2,226,5,medium,M,5,1659,0,No,46.4
6916,B,Ship,5,3,262,5,low,F,10,1197,1,No,46.2
6917,C,Ship,7,4,261,5,low,M,6,1334,0,No,45.3
6918,F,Ship,2,2,181,2,low,F,6,1324,1,Yes,82.5
6919,D,Ship,6,1,254,4,medium,F,6,1928,1,No,45.5
6920,F,Ship,6,1,288,4,medium,M,8,1806,1,No,46.2
6921,A,Ship,6,3,245,4,low,M,10,1798,0,No,45.8
6922,B,Ship,5,3,252,2,medium,M,9,1809,0,Yes,77.0
6923,C,Ship,4,1,293,3,low,M,8,1326,1,Yes,82.5
6924,F,Ship,5,3,253,4,low,M,9,1729,0,No,45.6
6925,D,Ship,6,1,245,4,low,F,10,1606,0,No,45.9
6926,F,Ship,6,4,247,4,medium,M,3,1946,0,No,48.0
6927,A,Ship,5,4,274,5,low,M,7,1371,1,No,46.2
6928,B,Ship,6,4,283,4,low,F,8,1480,0,No,46.2
6929,C,Ship,6,4,286,4,low,F,8,1690,1,No,46.3
6930,F,Ship,5,4,257,5,low,M,10,1695,1,No,45.9
6931,D,Ship,5,2,258,5,low,F,2,1232,1,No,48.2
6932,F,Ship,4,2,201,3,medium,F,6,5616,1,No,43.2
6933,A,Ship,3,1,231,3,low,M,1,5392,1,No,44.8
6934,B,Ship,4,5,161,2,high,F,5,5133,1,No,42.6
6935,C,Ship,5,1,250,3,low,M,8,5845,0,No,43.7
6936,F,Ship,4,2,169,6,low,F,6,4179,0,No,40.6
6937,D,Ship,4,4,191,2,low,M,1,4318,1,No,45.2
6938,F,Ship,4,2,271,3,medium,F,4,4186,1,No,44.3
6939,A,Ship,5,4,271,3,low,M,3,5218,1,No,45.2
6940,B,Ship,4,2,224,3,low,M,1,5821,0,No,45.2
6941,C,Ship,3,5,276,5,low,F,10,5302,1,No,41.1
6942,F,Ship,4,1,264,2,low,F,3,5258,0,No,42.8
6943,D,Ship,5,2,185,3,low,M,10,4354,0,No,45.6
6944,F,Ship,3,3,253,2,low,M,5,4112,1,Yes,51.4
6945,A,Ship,3,5,155,4,low,F,1,4432,1,No,42.4
6946,B,Ship,4,1,219,3,low,F,5,5632,0,No,43.1
6947,C,Ship,3,2,204,4,medium,M,7,4768,0,No,42.5
6948,F,Ship,4,1,196,4,low,F,3,5496,0,No,41.1
6949,D,Ship,3,4,205,5,low,F,4,4483,0,No,41.6
6950,F,Ship,3,4,187,3,low,F,9,4725,1,No,43.3
6951,A,Ship,3,1,221,2,medium,F,6,5267,0,No,42.6
6952,B,Ship,5,4,143,3,medium,F,1,5165,1,No,46.4
6953,C,Ship,5,3,135,3,high,M,4,5858,0,No,43.9
6954,F,Ship,3,1,207,2,low,F,7,5596,0,No,42.6
6955,D,Ship,3,2,245,2,low,F,7,4692,0,No,42.8
6956,F,Ship,5,2,257,3,low,F,2,4677,1,No,45.6
6957,A,Ship,3,1,186,3,high,F,1,5694,1,No,45.4
6958,B,Ship,5,2,246,3,low,M,2,4054,1,Yes,53.6
6959,C,Ship,3,4,255,2,low,M,2,4504,0,No,43.7
6960,F,Ship,5,3,206,3,low,F,1,4645,0,No,46.4
6961,D,Road,3,1,178,4,medium,M,9,4298,0,No,40.8
6962,F,Road,5,2,274,2,low,F,5,4154,0,No,44.1
6963,A,Road,3,1,269,4,low,F,7,5107,0,No,42.3
6964,B,Road,5,1,282,4,low,F,9,4766,0,No,42.0
6965,C,Road,2,4,108,5,high,M,5,4874,1,No,40.6
6966,F,Road,4,5,268,6,medium,F,7,4709,0,No,41.9
6967,D,Road,2,3,215,2,medium,F,3,5052,1,No,41.3
6968,F,Road,4,1,169,4,low,M,1,5323,0,No,41.9
6969,A,Road,3,4,165,3,low,F,4,4482,0,No,43.3
6970,B,Road,4,4,192,4,low,F,2,5856,1,No,42.7
6971,C,Road,4,3,206,2,low,M,9,5076,1,No,43.0
6972,F,Road,3,5,151,2,medium,M,8,4408,1,No,42.8
6973,D,Road,3,4,150,3,low,F,5,4950,0,No,43.8
6974,F,Road,4,3,250,3,low,M,10,4316,0,No,44.4
6975,A,Road,5,3,168,3,medium,F,2,5986,1,Yes,50.7
6976,B,Road,4,1,137,2,low,M,3,4657,0,No,42.9
6977,C,Road,6,5,148,4,low,M,1,5216,1,No,43.9
6978,F,Road,6,2,215,5,low,F,7,4057,0,No,48.2
6979,D,Road,4,2,269,2,medium,F,2,4013,1,Yes,63.5
6980,F,Road,3,5,139,3,low,F,1,4060,1,Yes,54.4
6981,A,Road,4,1,205,5,low,M,10,4944,0,No,40.7
6982,B,Road,5,4,212,2,low,F,9,4925,0,No,43.1
6983,C,Flight,3,3,136,2,medium,M,10,5749,0,No,43.2
6984,F,Flight,3,3,231,3,medium,F,4,4088,0,Yes,50.2
6985,D,Flight,4,4,215,2,low,F,7,5151,1,No,42.7
6986,F,Flight,4,4,179,3,medium,F,3,5624,0,No,43.1
6987,A,Flight,3,2,223,4,medium,M,3,5374,0,No,41.5
6988,B,Flight,3,5,210,3,low,M,6,5566,0,No,43.2
6989,C,Flight,4,5,133,3,high,F,8,5653,1,No,43.6
6990,F,Flight,3,1,187,2,low,F,8,4292,1,No,43.4
6991,D,Flight,4,1,256,2,medium,M,2,5630,0,No,42.9
6992,F,Flight,4,5,138,2,low,M,10,4788,0,No,42.4
6993,A,Flight,3,4,198,3,medium,M,7,4020,0,Yes,57.0
6994,B,Flight,5,5,256,3,medium,F,6,4145,1,No,45.7
6995,C,Flight,4,3,254,2,low,M,3,5546,0,No,42.7
6996,F,Flight,4,1,267,2,medium,M,9,5230,1,No,42.4
6997,D,Flight,3,2,286,6,high,F,5,5588,0,No,42.4
6998,F,Flight,3,2,215,4,low,F,3,4042,0,No,49.4
6999,A,Flight,5,5,222,3,medium,M,5,4949,0,No,45.0
7000,B,Flight,5,3,267,4,medium,F,1,4837,1,No,43.0
7001,C,Flight,5,5,235,5,low,F,4,5908,1,No,46.8
7002,F,Flight,4,1,181,2,low,M,2,4154,0,No,42.9
7003,D,Flight,4,1,173,4,low,F,5,5530,1,No,41.1
7004,F,Flight,3,5,208,3,low,M,1,4803,0,No,44.9
7005,A,Ship,4,3,221,2,low,F,6,4114,1,Yes,51.8
7006,B,Ship,3,5,141,2,medium,F,9,5000,0,No,42.2
7007,C,Ship,4,1,238,3,high,F,4,4910,0,No,43.4
7008,F,Ship,3,2,126,5,low,F,6,4372,1,No,41.4
7009,D,Ship,4,1,196,2,low,M,3,4752,0,No,42.9
7010,F,Ship,4,3,169,2,high,M,7,4032,1,Yes,57.1
7011,A,Ship,3,3,249,3,low,M,10,5184,0,No,43.0
7012,B,Ship,4,2,198,6,medium,M,5,4659,0,No,42.0
7013,C,Ship,4,3,197,3,low,M,2,4410,0,No,43.7
7014,F,Ship,3,5,251,4,medium,F,3,5215,1,No,41.7
7015,D,Ship,4,4,145,3,medium,M,8,5780,0,No,45.1
7016,F,Ship,4,1,249,3,low,M,4,5253,1,No,43.3
7017,A,Ship,6,1,103,4,low,M,2,5089,0,No,42.6
7018,B,Ship,2,5,264,5,medium,F,1,4426,0,No,38.8
7019,C,Ship,6,1,206,6,medium,F,8,4243,1,No,42.6
7020,F,Ship,4,4,139,3,medium,M,2,5135,0,No,43.6
7021,D,Ship,5,3,270,2,low,F,7,5248,1,No,44.4
7022,F,Ship,4,2,227,2,low,M,8,4878,1,No,42.7
7023,A,Ship,3,1,179,2,medium,F,10,4828,0,No,42.2
7024,B,Ship,3,3,273,3,medium,F,6,5269,1,No,43.3
7025,C,Ship,5,1,153,2,low,F,7,4944,1,No,44.4
7026,F,Ship,4,1,112,6,medium,M,9,5248,1,No,42.2
7027,D,Ship,6,3,114,4,high,F,10,5865,0,No,38.3
7028,F,Ship,4,4,214,2,high,F,1,4117,1,Yes,53.5
7029,A,Ship,3,4,196,4,low,F,4,5031,0,No,41.7
7030,B,Ship,5,1,159,2,medium,F,5,4382,0,No,44.5
7031,C,Ship,3,2,258,2,low,M,1,5862,0,No,44.7
7032,F,Ship,5,5,125,3,low,M,10,4997,0,No,44.1
7033,D,Ship,6,2,232,3,medium,F,7,5219,1,No,45.6
7034,F,Ship,4,3,196,2,high,M,10,5709,1,No,42.7
7035,A,Ship,4,2,257,3,low,M,3,5549,1,No,43.2
7036,B,Ship,2,1,219,4,low,M,6,5124,0,No,39.9
7037,C,Ship,4,2,223,3,medium,F,7,5977,0,No,42.2
7038,F,Ship,3,1,166,2,low,F,10,4137,0,No,40.1
7039,D,Ship,6,1,264,3,high,F,5,4435,1,No,46.0
7040,F,Ship,3,3,182,3,low,F,5,5914,0,No,43.3
7041,A,Ship,4,1,260,2,medium,F,2,4529,0,No,43.0
7042,B,Ship,4,1,268,3,low,M,8,5486,0,No,43.6
7043,C,Ship,6,4,272,4,low,F,4,4098,0,No,47.2
7044,F,Ship,4,5,135,3,low,F,3,4760,0,No,43.5
7045,D,Ship,3,2,164,2,medium,M,3,4442,1,No,43.1
7046,F,Ship,4,4,153,5,medium,M,9,5818,0,No,41.1
7047,A,Ship,3,4,175,3,low,M,8,4274,1,No,44.4
7048,B,Ship,3,1,231,3,medium,M,9,5148,1,No,43.3
7049,C,Ship,5,4,222,3,low,M,3,5555,0,No,45.0
7050,F,Ship,3,4,261,2,low,F,1,5844,0,No,45.3
7051,D,Ship,3,2,223,2,low,F,10,4604,0,No,41.7
7052,F,Ship,3,5,222,5,medium,M,2,4027,1,Yes,55.3
7053,A,Ship,4,5,240,3,low,F,9,5794,1,No,44.2
7054,B,Ship,4,5,137,2,high,F,6,5208,0,No,42.4
7055,C,Ship,4,2,181,3,medium,M,6,5964,0,No,41.9
7056,F,Ship,3,3,261,4,low,M,3,5722,1,No,43.1
7057,D,Ship,3,1,226,2,low,M,4,4804,0,No,42.9
7058,F,Ship,4,5,246,2,medium,F,3,5705,0,No,43.3
7059,A,Ship,3,4,226,2,medium,F,1,5460,0,No,44.6
7060,B,Ship,3,4,238,2,low,M,3,4723,0,No,43.0
7061,C,Ship,3,1,173,3,low,F,3,4453,1,No,43.7
7062,F,Ship,3,4,257,4,low,M,10,4415,0,No,40.7
7063,D,Ship,3,2,160,4,low,F,9,5112,1,No,41.7
7064,F,Ship,3,3,179,3,low,F,9,4459,1,No,43.6
7065,A,Ship,3,1,101,5,low,F,3,4807,0,No,41.8
7066,B,Ship,2,3,263,4,medium,M,9,5390,0,No,41.2
7067,C,Ship,3,1,210,3,medium,M,4,5683,0,No,41.9
7068,F,Ship,3,4,166,4,low,M,4,5107,0,No,41.7
7069,D,Ship,2,3,163,3,low,F,4,4862,0,No,41.7
7070,F,Ship,4,3,143,2,medium,M,1,4402,1,No,44.3
7071,A,Ship,4,3,248,6,medium,M,5,4212,0,No,41.2
7072,B,Ship,3,1,198,2,low,F,8,4940,0,No,42.6
7073,C,Ship,3,1,150,2,low,F,6,5355,0,No,42.4
7074,F,Ship,4,3,195,4,medium,F,1,5004,0,No,42.1
7075,D,Ship,4,4,213,3,low,F,1,4266,0,No,45.2
7076,F,Ship,4,3,245,4,medium,M,8,5982,1,No,42.7
7077,A,Ship,3,1,199,3,medium,F,8,5557,1,No,43.6
7078,B,Ship,4,1,192,4,high,M,5,4142,1,No,41.4
7079,C,Ship,6,3,247,6,medium,M,3,4582,0,No,41.8
7080,F,Ship,3,5,221,3,medium,M,7,4741,1,No,43.6
7081,D,Ship,3,1,200,4,medium,F,9,5193,0,No,41.7
7082,F,Ship,4,3,260,3,low,F,5,5540,0,No,43.0
7083,A,Ship,4,5,98,4,low,F,5,4643,0,No,41.1
7084,B,Ship,5,1,198,4,low,F,5,5719,0,No,42.6
7085,C,Ship,4,1,168,2,medium,F,1,5698,1,No,45.6
7086,F,Ship,6,1,260,3,medium,M,1,5134,0,No,46.5
7087,D,Ship,4,1,266,4,low,M,3,5773,1,No,43.1
7088,F,Ship,3,3,239,3,low,M,8,5366,1,No,43.6
7089,A,Ship,4,1,214,5,medium,M,9,5801,0,No,41.9
7090,B,Ship,3,3,203,3,medium,F,8,5929,0,No,43.5
7091,C,Ship,2,5,264,3,medium,F,3,4320,1,No,44.0
7092,F,Ship,4,3,169,6,medium,F,2,5607,0,No,41.3
7093,D,Ship,3,1,167,2,low,M,1,5749,0,No,46.7
7094,F,Ship,3,3,266,7,low,M,2,5671,1,No,42.9
7095,A,Ship,3,2,182,10,low,M,1,4303,0,No,38.0
7096,B,Ship,5,2,195,6,high,M,5,5339,1,No,42.4
7097,C,Ship,4,1,153,3,low,F,8,5198,0,No,43.3
7098,F,Road,5,1,238,3,high,M,2,5369,1,No,45.1
7099,D,Road,5,5,238,8,low,M,9,5186,0,No,43.3
7100,F,Road,3,4,180,7,high,M,4,5500,0,No,43.3
7101,A,Road,5,4,262,6,medium,F,1,1177,0,No,47.8
7102,B,Road,5,2,223,5,medium,M,5,1484,1,No,46.2
7103,C,Road,5,2,275,5,low,F,10,1924,0,No,45.5
7104,F,Road,6,2,139,6,medium,M,8,1691,1,No,46.8
7105,D,Road,4,1,245,6,low,F,7,1884,1,No,47.1
7106,F,Road,6,2,278,4,high,F,8,1967,0,No,45.0
7107,A,Road,5,4,243,5,low,F,5,1118,0,No,46.3
7108,B,Road,7,1,309,4,low,F,4,1151,0,No,46.8
7109,C,Road,6,2,279,4,low,F,5,1836,0,No,46.4
7110,F,Road,6,5,247,4,medium,M,7,1461,1,No,46.3
7111,D,Road,5,5,235,5,medium,F,10,1393,0,No,45.8
7112,F,Road,5,3,268,5,medium,F,10,1660,0,No,45.9
7113,A,Road,6,2,309,4,medium,M,10,1782,0,No,45.9
7114,B,Road,4,5,213,3,low,F,7,4490,0,No,43.5
7115,C,Road,4,4,245,4,medium,F,6,5051,0,No,40.9
7116,F,Road,3,1,199,3,medium,F,7,4377,1,No,44.2
7117,D,Road,4,3,192,4,high,F,1,5669,1,No,42.2
7118,F,Road,6,5,247,6,medium,M,3,4832,0,No,42.2
7119,A,Road,3,5,221,3,medium,F,8,4523,0,No,43.1
7120,B,Flight,3,4,200,4,medium,F,8,4944,0,No,42.2
7121,C,Flight,4,4,260,3,low,M,9,4224,0,No,43.6
7122,F,Flight,4,5,98,4,low,M,5,5188,0,No,41.3
7123,D,Flight,5,1,198,4,low,F,5,5025,1,No,41.8
7124,F,Flight,4,1,168,2,medium,F,8,5276,1,No,42.7
7125,A,Flight,6,4,260,3,medium,M,9,4730,1,No,45.0
7126,B,Flight,4,2,266,4,low,F,7,4639,0,No,41.7
7127,C,Flight,3,1,239,3,low,M,2,4425,0,No,43.9
7128,F,Flight,4,1,214,5,medium,F,6,4573,1,No,40.7
7129,D,Flight,3,3,203,3,medium,F,3,4196,0,No,44.1
7130,F,Flight,2,4,264,3,medium,F,6,4025,1,Yes,58.4
7131,A,Flight,4,3,169,6,medium,M,3,5957,1,No,46.8
7132,B,Flight,3,5,167,2,low,M,5,5042,1,No,42.6
7133,C,Flight,3,1,266,7,low,M,5,4102,1,Yes,54.2
7134,F,Flight,3,3,182,10,low,M,3,5555,0,No,42.3
7135,D,Flight,5,1,195,6,high,F,8,4944,1,No,42.9
7136,F,Flight,4,4,153,3,low,M,5,4624,0,No,43.1
7137,A,Flight,5,4,238,3,high,F,5,5907,1,No,45.3
7138,B,Flight,5,4,238,8,low,M,3,4046,0,Yes,58.1
7139,C,Flight,3,4,180,7,high,M,4,4408,0,No,43.2
7140,F,Flight,5,1,262,6,medium,M,1,1696,0,No,48.0
7141,D,Flight,5,5,223,5,medium,F,5,1678,0,No,46.4
7142,F,Ship,5,3,275,5,low,M,7,1349,0,No,46.2
7143,A,Ship,6,5,139,6,medium,F,10,1081,1,No,47.2
7144,B,Ship,4,4,245,6,low,F,6,1437,1,No,46.7
7145,C,Ship,6,5,278,4,high,F,6,1761,0,No,45.7
7146,F,Ship,5,4,243,5,low,F,2,1637,0,No,48.3
7147,D,Ship,7,4,309,4,low,M,7,1880,0,No,47.0
7148,F,Ship,6,4,279,4,low,M,9,1128,0,No,45.8
7149,A,Ship,6,2,247,4,medium,M,8,1941,0,No,46.2
7150,B,Ship,5,5,235,5,medium,M,9,1032,1,No,46.3
7151,C,Ship,5,5,274,5,low,M,7,1875,1,No,46.0
7152,F,Ship,6,5,283,4,low,M,3,1374,1,No,48.0
7153,D,Ship,6,5,286,4,low,M,9,1282,1,No,45.5
7154,F,Ship,5,1,257,5,low,M,9,1329,0,No,45.4
7155,A,Ship,5,4,223,5,low,M,2,1400,0,No,48.3
7156,B,Ship,4,5,239,5,low,F,7,1001,1,No,43.8
7157,C,Ship,4,5,246,6,low,M,1,1400,1,No,48.4
7158,F,Ship,7,2,295,4,low,F,10,1587,0,No,46.7
7159,D,Ship,6,1,305,4,low,M,5,1588,0,No,46.4
7160,F,Ship,3,4,177,4,medium,F,3,1148,0,Yes,55.2
7161,A,Ship,5,3,257,5,low,F,3,1262,1,No,47.8
7162,B,Ship,6,2,306,4,low,F,6,1123,0,No,45.7
7163,C,Ship,4,3,226,6,medium,M,6,1704,1,No,46.9
7164,F,Ship,4,5,228,5,low,M,9,1381,0,No,46.4
7165,D,Ship,5,4,225,5,low,M,7,1476,0,No,46.2
7166,F,Ship,7,5,289,4,low,F,5,1864,1,No,47.2
7167,A,Ship,5,4,261,5,low,M,2,1409,0,No,48.3
7168,B,Ship,5,3,255,5,medium,F,10,1886,0,No,45.5
7169,C,Ship,5,3,266,5,medium,F,2,1510,1,No,48.3
7170,F,Ship,6,3,290,4,low,M,5,1784,0,No,46.4
7171,D,Ship,4,5,235,5,low,M,6,1460,0,No,46.2
7172,F,Ship,6,4,250,4,low,M,3,1490,1,No,48.0
7173,A,Ship,5,3,245,5,low,F,3,1409,0,No,47.8
7174,B,Ship,6,4,286,4,medium,M,9,1096,1,No,46.8
7175,C,Ship,5,5,271,4,low,M,9,1989,0,No,46.1
7176,F,Ship,4,4,242,6,low,F,9,1192,1,No,47.4
7177,D,Ship,7,5,282,5,low,M,8,1091,1,No,47.3
7178,F,Ship,4,1,254,5,low,F,7,1003,0,No,43.8
7179,A,Ship,5,2,242,5,medium,F,1,1004,1,No,45.5
7180,B,Ship,5,5,263,4,low,F,9,1551,0,No,45.5
7181,C,Ship,7,5,278,4,low,F,5,1126,1,No,46.8
7182,F,Ship,6,5,255,4,low,M,3,1624,1,No,48.1
7183,D,Ship,4,4,184,3,low,M,4,1330,1,Yes,83.2
7184,F,Ship,6,4,257,4,medium,F,9,1108,1,No,46.3
7185,A,Ship,3,2,214,2,medium,M,3,1983,1,Yes,82.3
7186,B,Ship,6,1,301,4,low,F,3,1200,1,No,47.9
7187,C,Ship,6,1,264,4,medium,M,1,1273,0,No,48.2
7188,F,Ship,5,3,256,5,medium,M,5,1080,1,No,46.3
7189,D,Ship,5,5,275,6,low,M,1,1507,0,No,47.9
7190,F,Ship,4,1,236,5,medium,M,4,1953,0,No,46.6
7191,A,Ship,5,2,303,4,low,F,9,1224,1,No,45.9
7192,B,Ship,6,3,284,4,medium,M,4,1652,1,No,46.5
7193,C,Ship,4,4,229,6,low,M,2,1279,0,No,49.0
7194,F,Ship,5,3,258,5,low,F,4,1665,1,No,46.4
7195,D,Ship,5,1,243,5,low,M,3,1066,1,No,47.8
7196,F,Ship,6,1,306,4,medium,M,8,1378,0,No,46.2
7197,A,Ship,4,2,235,6,low,M,6,1386,0,No,46.7
7198,B,Ship,4,3,150,4,low,F,4,1021,0,No,45.5
7199,C,Ship,6,4,291,4,low,F,5,1112,1,No,46.4
7200,F,Ship,7,3,278,4,low,M,2,1038,1,No,49.9
7201,D,Ship,5,5,240,6,low,F,10,1986,0,No,47.6
7202,F,Ship,6,1,272,4,medium,M,10,1534,1,No,45.8
7203,A,Ship,5,5,246,5,low,F,6,1911,0,No,45.2
7204,B,Ship,6,2,266,4,medium,M,3,1090,0,No,47.9
7205,C,Ship,5,4,252,5,low,F,10,1015,1,No,42.1
7206,F,Ship,6,5,254,4,low,F,2,1824,0,No,48.3
7207,D,Ship,7,3,305,4,medium,F,3,1426,1,No,48.3
7208,F,Ship,6,5,307,4,high,M,3,1406,0,No,48.0
7209,A,Ship,6,4,278,5,low,M,5,1180,0,No,46.4
7210,B,Ship,6,3,265,5,medium,M,10,1897,0,No,45.5
7211,C,Ship,6,5,248,4,low,F,10,1005,0,No,42.2
7212,F,Ship,7,5,299,4,low,M,4,1052,1,No,48.1
7213,D,Ship,6,2,280,4,low,M,10,1866,1,No,45.7
7214,F,Ship,7,4,247,4,low,F,9,1228,0,No,45.9
7215,A,Ship,6,1,273,4,low,M,3,1361,1,No,48.0
7216,B,Ship,6,2,254,5,low,M,7,1638,1,No,46.4
7217,C,Ship,5,2,246,5,medium,F,9,1876,0,No,45.2
7218,F,Ship,7,4,251,5,low,M,3,1433,0,No,47.8
7219,D,Ship,5,5,262,5,low,M,9,1400,0,No,45.4
7220,F,Ship,5,1,245,5,low,F,3,1956,1,No,47.7
7221,A,Ship,4,2,273,5,medium,F,8,2000,0,Yes,58.0
7222,B,Ship,3,1,268,4,medium,F,4,5006,0,No,41.7
7223,C,Ship,4,2,244,5,low,F,7,5337,0,No,42.1
7224,F,Ship,3,3,260,2,low,M,6,5044,0,No,42.6
7225,D,Ship,3,1,271,3,low,M,4,4108,0,Yes,50.9
7226,F,Ship,5,4,219,2,medium,F,5,4919,1,No,44.1
7227,A,Ship,4,1,193,3,medium,F,9,5354,0,No,43.4
7228,B,Ship,5,5,149,3,medium,M,9,5979,0,No,43.6
7229,C,Ship,3,5,268,2,low,F,4,5909,0,No,43.2
7230,F,Ship,3,5,151,2,low,M,3,5039,0,No,43.0
7231,D,Ship,4,3,171,2,medium,M,10,5211,0,No,42.1
7232,F,Ship,3,3,202,2,medium,F,1,5220,1,No,44.8
7233,A,Ship,5,2,174,4,medium,M,8,5627,1,No,42.6
7234,B,Ship,4,2,227,3,medium,M,7,4041,0,Yes,56.7
7235,C,Road,6,3,175,4,low,M,3,4143,0,No,42.5
7236,F,Road,3,4,191,3,medium,M,6,4586,1,No,43.0
7237,D,Road,4,5,240,3,low,F,5,5734,1,No,44.1
7238,F,Road,3,1,238,3,medium,F,6,5092,0,No,43.4
7239,A,Road,3,3,99,5,medium,M,9,5470,0,No,42.0
7240,B,Road,3,5,142,3,low,F,2,4619,0,No,43.7
7241,C,Road,4,5,148,3,high,F,6,5473,1,No,43.1
7242,F,Road,4,5,129,5,medium,M,7,5554,1,No,42.1
7243,D,Road,6,3,262,6,high,M,5,4506,0,No,42.1
7244,F,Road,4,4,190,2,low,M,2,4460,0,No,43.3
7245,A,Road,5,1,268,5,medium,M,1,4704,0,No,42.9
7246,B,Road,3,5,205,4,low,M,2,5294,0,No,41.9
7247,C,Road,3,1,186,2,medium,M,3,5818,0,No,42.9
7248,F,Road,3,2,185,4,low,F,8,5545,0,No,42.4
7249,D,Road,5,4,173,3,low,M,9,5432,0,No,44.5
7250,F,Road,3,2,208,2,high,M,1,4999,0,No,44.9
7251,A,Road,5,1,177,2,medium,M,9,4881,0,No,43.5
7252,B,Road,3,1,190,3,low,F,1,5065,1,No,45.0
7253,C,Road,5,4,257,3,medium,F,3,4895,1,No,45.3
7254,F,Road,3,4,168,3,medium,M,5,5183,0,No,43.1
7255,D,Road,3,2,229,3,low,M,2,4447,1,No,43.9
7256,F,Road,4,1,152,2,high,M,2,5396,0,No,43.0
7257,A,Flight,5,4,154,2,medium,M,10,5670,0,No,43.3
7258,B,Flight,5,5,239,3,medium,M,8,4975,0,No,45.0
7259,C,Flight,3,5,252,2,low,M,2,4888,1,No,43.5
7260,F,Flight,4,4,258,2,medium,F,5,4363,1,No,42.8
7261,D,Flight,4,5,184,4,medium,F,3,5430,1,No,41.1
7262,F,Flight,4,3,148,5,medium,M,2,4065,1,Yes,50.2
7263,A,Flight,5,2,240,2,medium,M,4,4447,1,No,44.6
7264,B,Flight,6,2,169,2,medium,M,9,5580,0,No,43.7
7265,C,Flight,3,4,156,3,medium,M,4,4519,1,No,43.1
7266,F,Flight,4,4,264,3,medium,F,9,5555,1,No,43.1
7267,D,Flight,4,5,223,3,medium,M,7,5832,1,No,42.6
7268,F,Flight,5,4,233,3,low,M,6,4275,1,No,46.8
7269,A,Flight,3,4,230,3,medium,F,7,5891,0,No,43.1
7270,B,Flight,2,3,175,6,high,F,6,5341,1,No,41.4
7271,C,Flight,4,3,155,3,high,F,2,4534,0,No,43.3
7272,F,Flight,4,2,220,2,medium,M,5,5864,0,No,41.1
7273,D,Flight,4,2,283,2,high,F,1,4115,0,Yes,51.3
7274,F,Flight,3,3,239,4,low,F,5,4084,1,No,48.2
7275,A,Flight,5,2,248,2,low,F,10,4813,0,No,43.6
7276,B,Flight,4,3,256,3,low,F,4,5068,1,No,43.4
7277,C,Flight,4,2,267,2,low,M,7,5746,1,No,43.6
7278,F,Flight,3,5,207,4,low,M,10,4092,1,No,46.0
7279,D,Ship,3,1,204,4,medium,F,6,5926,1,No,46.2
7280,F,Ship,4,4,209,2,medium,F,3,4407,0,No,43.0
7281,A,Ship,4,3,183,3,low,M,4,5866,0,No,41.8
7282,B,Ship,2,5,140,4,high,F,2,4636,1,No,39.3
7283,C,Ship,4,3,161,3,high,F,7,4799,1,No,43.5
7284,F,Ship,4,3,151,3,medium,F,9,4908,0,No,43.2
7285,D,Ship,5,4,257,2,medium,M,10,5095,0,No,43.2
7286,F,Ship,3,4,199,3,medium,F,3,4067,0,Yes,51.2
7287,A,Ship,4,1,191,2,low,F,4,5851,1,No,42.1
7288,B,Ship,3,5,236,2,low,M,10,5755,1,No,44.0
7289,C,Ship,4,3,217,3,medium,F,7,4723,1,No,43.5
7290,F,Ship,5,3,202,2,low,F,6,5716,0,No,44.6
7291,D,Ship,3,4,246,3,high,F,1,4273,1,No,44.7
7292,F,Ship,4,4,194,4,low,F,10,5024,0,No,40.5
7293,A,Ship,3,2,221,2,medium,M,10,4715,1,No,42.2
7294,B,Ship,4,4,231,5,low,F,6,5482,0,No,41.0
7295,C,Ship,5,5,254,5,low,F,2,4426,0,No,42.6
7296,F,Ship,4,3,252,2,low,M,6,5266,1,No,42.6
7297,D,Ship,3,5,196,3,high,F,4,4569,0,No,43.1
7298,F,Ship,5,5,104,4,high,F,9,5652,0,No,42.7
7299,A,Ship,5,5,156,4,low,F,5,5987,1,Yes,51.2
7300,B,Ship,5,4,250,4,low,M,2,4183,0,No,42.9
7301,C,Ship,3,4,267,2,low,M,9,5940,0,No,42.7
7302,F,Ship,3,2,197,4,medium,M,1,5210,1,No,42.5
7303,D,Ship,3,4,227,4,low,F,9,5465,0,No,41.8
7304,F,Ship,5,1,248,3,low,F,2,4075,0,Yes,51.7
7305,A,Ship,3,3,274,3,medium,M,3,5157,0,No,43.6
7306,B,Ship,6,1,232,6,low,M,4,5877,0,No,41.3
7307,C,Ship,3,2,181,3,low,M,4,5966,1,No,43.0
7308,F,Ship,2,5,101,3,low,M,10,4353,0,No,43.5
7309,D,Ship,4,4,161,2,medium,F,8,4348,1,No,42.5
7310,F,Ship,4,2,268,2,medium,F,8,4219,0,No,43.2
7311,A,Ship,4,4,218,4,medium,F,10,4967,0,No,40.6
7312,B,Ship,3,2,192,3,low,M,1,4308,1,No,45.2
7313,C,Ship,2,3,197,2,medium,F,2,4277,0,No,43.2
7314,F,Ship,4,4,253,2,medium,F,5,5624,0,No,42.4
7315,D,Ship,3,1,183,4,low,M,5,5326,0,No,41.4
7316,F,Ship,3,5,177,4,high,M,9,5311,0,No,41.8
7317,A,Ship,5,1,241,3,low,F,7,5134,1,No,45.4
7318,B,Ship,3,5,180,4,low,F,9,5105,1,No,41.7
7319,C,Ship,5,2,158,3,medium,M,2,5221,0,No,45.3
7320,F,Ship,4,1,209,3,low,F,7,4808,1,No,43.5
7321,D,Ship,5,4,273,6,medium,F,7,4058,1,Yes,50.9
7322,F,Ship,6,2,226,4,high,F,7,5600,0,No,43.1
7323,A,Ship,4,3,178,3,medium,M,6,4576,0,No,42.9
7324,B,Ship,5,1,151,6,medium,M,2,4529,0,No,41.6
7325,C,Ship,3,1,212,2,medium,M,7,5022,0,No,42.7
7326,F,Ship,3,2,239,4,medium,F,10,4410,0,No,40.9
7327,D,Ship,5,3,257,5,medium,M,5,4183,0,No,41.5
7328,F,Ship,3,3,165,2,low,M,8,5813,0,No,42.9
7329,A,Ship,4,3,183,2,medium,F,8,5690,1,No,41.6
7330,B,Ship,4,5,135,3,low,M,1,5013,0,No,44.7
7331,C,Ship,4,1,200,3,low,M,5,4686,0,No,43.3
7332,F,Ship,4,2,162,4,medium,M,7,5294,0,No,41.9
7333,D,Ship,3,3,218,3,medium,M,6,5288,1,No,43.2
7334,F,Ship,3,4,158,2,medium,M,7,4744,0,No,42.8
7335,A,Ship,4,2,213,3,medium,M,8,5214,1,No,43.6
7336,B,Ship,3,1,215,2,medium,F,9,4940,0,No,42.2
7337,C,Ship,3,3,268,2,high,F,5,5195,0,No,42.4
7338,F,Ship,3,1,207,4,low,M,9,4252,0,No,40.3
7339,D,Ship,2,5,270,6,medium,F,1,5675,0,No,37.8
7340,F,Ship,5,2,245,2,low,M,6,5366,1,No,44.0
7341,A,Ship,4,2,154,2,medium,F,6,4705,1,No,42.7
7342,B,Ship,3,1,155,3,medium,F,2,5446,0,No,43.6
7343,C,Ship,4,4,238,3,low,F,7,4709,0,No,43.5
7344,F,Ship,3,2,151,2,medium,M,1,5179,0,No,44.6
7345,D,Ship,3,4,185,2,low,M,4,5926,0,No,43.2
7346,F,Ship,4,3,171,3,medium,F,8,4826,0,No,43.6
7347,A,Ship,3,2,206,2,low,F,7,4185,1,No,43.6
7348,B,Ship,3,3,232,2,low,M,5,4255,1,No,43.6
7349,C,Ship,4,2,187,2,medium,F,7,5524,1,No,42.7
7350,F,Ship,4,4,209,3,medium,M,8,5884,1,No,42.7
7351,D,Ship,4,2,262,3,low,M,2,4015,0,Yes,54.4
7352,F,Ship,3,2,154,3,low,F,6,5540,1,No,43.2
7353,A,Ship,5,1,163,3,medium,F,1,5194,0,No,46.1
7354,B,Ship,4,1,257,2,low,M,7,4869,0,No,42.8
7355,C,Ship,3,5,265,4,low,F,8,5087,1,No,42.3
7356,F,Ship,3,2,220,3,low,F,7,5503,0,No,43.5
7357,D,Ship,3,1,201,3,low,F,6,4953,0,No,43.4
7358,F,Ship,2,4,268,4,low,M,5,4400,1,No,41.2
7359,A,Ship,4,1,139,3,medium,M,7,4550,0,No,43.3
7360,B,Ship,3,5,241,4,low,F,3,5051,0,No,41.7
7361,C,Ship,4,4,145,3,high,M,2,5665,0,No,43.2
7362,F,Ship,4,3,157,3,medium,M,9,4990,0,No,43.2
7363,D,Ship,4,3,203,2,medium,F,7,4185,0,No,43.7
7364,F,Ship,4,4,163,3,medium,M,7,4463,0,No,43.9
7365,A,Ship,4,1,263,2,low,F,5,4010,1,Yes,66.4
7366,B,Ship,5,5,258,4,high,F,5,4562,0,No,41.6
7367,C,Ship,5,3,251,3,medium,F,8,4228,1,No,46.7
7368,F,Ship,3,4,140,6,low,M,9,4558,0,No,41.6
7369,D,Ship,4,1,179,4,medium,F,2,4071,1,No,49.5
7370,F,Ship,5,4,211,2,medium,F,7,4734,0,No,44.8
7371,A,Ship,3,1,271,2,medium,F,7,4569,0,No,42.4
7372,B,Road,4,4,181,3,medium,M,1,5444,0,No,44.4
7373,C,Road,2,1,130,4,medium,F,10,4726,0,No,38.9
7374,F,Road,5,4,264,3,high,M,9,5841,1,No,43.3
7375,D,Road,4,2,221,3,low,F,7,4856,0,No,43.5
7376,F,Road,3,1,194,2,medium,F,1,5931,0,No,47.0
7377,A,Road,3,1,201,2,medium,F,4,4857,1,No,42.9
7378,B,Road,3,5,166,2,medium,M,6,4523,1,No,42.2
7379,C,Road,5,4,254,2,low,M,9,5658,1,No,43.2
7380,F,Road,4,3,144,3,low,F,7,5496,0,No,43.5
7381,D,Road,5,2,171,2,low,M,6,4236,0,No,45.4
7382,F,Road,6,4,240,3,low,F,9,4986,1,No,44.4
7383,A,Road,6,3,232,5,high,M,10,4576,1,No,41.1
7384,B,Road,5,4,145,6,medium,M,6,4403,0,No,41.9
7385,C,Road,3,3,275,4,medium,M,2,4086,1,No,49.1
7386,F,Road,3,1,146,10,low,F,5,4032,1,Yes,63.3
7387,D,Road,5,5,207,2,high,M,8,5066,1,No,44.0
7388,F,Road,4,1,157,7,low,F,7,4385,0,No,43.4
7389,A,Road,4,2,146,8,low,M,7,5245,1,No,44.0
7390,B,Road,4,1,139,8,medium,M,6,5667,1,No,43.6
7391,C,Road,3,5,223,7,high,M,8,4178,1,No,42.4
7392,F,Road,5,2,224,2,medium,F,10,5674,0,No,43.3
7393,D,Road,5,3,174,3,medium,F,6,5064,1,No,45.2
7394,F,Flight,4,5,152,7,low,M,9,4224,0,No,40.7
7395,A,Flight,4,2,223,5,medium,F,3,4480,0,No,41.3
7396,B,Flight,5,2,223,5,low,F,5,1010,1,No,43.4
7397,C,Flight,4,2,239,5,low,F,10,1429,0,No,47.3
7398,F,Flight,4,2,246,6,low,M,5,1622,0,No,47.7
7399,D,Flight,7,3,295,4,low,F,9,1235,0,No,45.8
7400,F,Flight,6,5,305,4,low,F,7,1099,1,No,46.5
7401,A,Flight,3,4,177,4,medium,M,5,1854,0,Yes,54.6
7402,B,Flight,5,4,257,5,low,F,1,1778,1,No,48.1
7403,C,Flight,6,3,306,4,low,F,5,1490,1,No,46.4
7404,F,Flight,4,3,226,6,medium,M,10,1174,0,No,48.3
7405,D,Flight,4,1,228,5,low,F,6,1727,1,No,46.4
7406,F,Flight,5,3,225,5,low,F,6,1082,0,No,45.5
7407,A,Flight,7,5,289,4,low,M,10,1385,0,No,46.7
7408,B,Flight,5,1,261,5,low,F,10,1713,0,No,45.9
7409,C,Flight,5,2,255,5,medium,M,4,1634,0,No,46.4
7410,F,Flight,5,4,266,5,medium,M,8,1592,1,No,46.1
7411,D,Flight,6,4,290,4,low,F,3,1544,1,No,48.0
7412,F,Flight,4,3,235,5,low,F,4,1839,1,No,46.8
7413,A,Flight,6,5,250,4,low,M,8,1689,0,No,46.3
7414,B,Flight,5,4,245,5,low,F,5,1293,1,No,46.3
7415,C,Flight,6,3,286,4,medium,F,7,1132,1,No,46.5
7416,F,Ship,5,4,271,4,low,F,5,1184,1,No,46.4
7417,D,Ship,4,1,242,6,low,M,4,1791,1,No,47.7
7418,F,Ship,7,5,282,5,low,M,7,1260,1,No,46.9
7419,A,Ship,4,4,254,5,low,M,9,1654,1,No,46.8
7420,B,Ship,5,5,242,5,medium,M,3,1444,1,No,47.8
7421,C,Ship,5,4,263,4,low,F,10,1995,0,Yes,55.6
7422,F,Ship,7,5,278,4,low,M,1,1210,0,No,49.0
7423,D,Ship,6,1,255,4,low,M,9,1575,0,No,45.4
7424,F,Ship,4,2,184,3,low,M,3,1705,1,Yes,82.7
7425,A,Ship,6,2,257,4,medium,M,2,1012,0,No,45.8
7426,B,Ship,3,2,214,2,medium,M,7,1693,0,Yes,83.0
7427,C,Ship,2,3,130,4,medium,M,10,4363,0,No,39.5
7428,F,Ship,5,5,264,3,high,F,3,5835,1,No,45.1
7429,D,Ship,4,2,221,3,low,M,10,4126,0,No,45.2
7430,F,Ship,3,5,194,2,medium,F,7,4809,0,No,42.8
7431,A,Ship,3,5,201,2,medium,M,2,4440,0,No,43.4
7432,B,Ship,3,2,166,2,medium,M,6,4765,0,No,42.6
7433,C,Ship,5,2,254,2,low,F,5,4985,1,No,44.1
7434,F,Ship,4,4,144,3,low,F,7,5351,1,No,43.5
7435,D,Ship,5,1,171,2,low,M,9,5252,0,No,43.2
7436,F,Ship,6,5,240,3,low,M,4,5219,1,No,45.3
7437,A,Ship,6,1,232,5,high,M,10,4345,0,No,41.5
7438,B,Ship,5,2,145,6,medium,M,9,4243,0,No,40.7
7439,C,Ship,3,5,275,4,medium,M,10,5066,0,No,40.6
7440,F,Ship,3,5,146,10,low,M,9,4128,0,No,40.7
7441,D,Ship,5,1,207,2,high,M,3,4083,0,Yes,50.6
7442,F,Ship,4,3,157,7,low,F,3,4878,1,No,42.6
7443,A,Ship,4,1,146,8,low,M,7,4576,0,No,43.3
7444,B,Ship,4,2,139,8,medium,F,2,5012,1,No,43.0
7445,C,Ship,3,1,223,7,high,M,5,4439,1,No,43.5
7446,F,Ship,5,3,224,2,medium,M,1,5603,0,No,45.4
7447,D,Ship,5,2,174,3,medium,F,10,4902,1,No,44.4
7448,F,Ship,4,1,152,7,low,F,5,5325,1,No,43.1
7449,A,Ship,4,5,223,5,medium,M,4,4704,0,No,41.1
7450,B,Ship,5,2,223,5,low,M,2,1232,1,No,48.2
7451,C,Ship,4,4,239,5,low,M,6,1986,1,No,46.0
7452,F,Ship,4,1,246,6,low,M,4,1489,0,No,47.6
7453,D,Ship,7,4,295,4,low,F,10,1217,1,No,47.1
7454,F,Ship,6,5,305,4,low,F,6,1787,1,No,45.7
7455,A,Ship,3,3,177,4,medium,F,4,1560,1,Yes,54.2
7456,B,Ship,5,3,257,5,low,F,8,1409,0,No,46.1
7457,C,Ship,6,4,306,4,low,F,5,1703,1,No,46.5
7458,F,Ship,4,5,226,6,medium,F,10,1348,1,No,48.0
7459,D,Ship,4,4,228,5,low,M,6,1853,1,No,45.9
7460,F,Ship,5,5,225,5,low,F,9,1646,1,No,45.6
7461,A,Ship,7,2,289,4,low,M,5,1918,1,No,47.0
7462,B,Ship,5,1,261,5,low,M,5,1837,1,No,46.3
7463,C,Ship,5,1,255,5,medium,M,9,1156,1,No,45.8
7464,F,Ship,5,5,266,5,medium,M,7,1440,0,No,46.2
7465,D,Ship,6,5,290,4,low,M,6,1929,0,No,45.5
7466,F,Ship,4,1,235,5,low,M,9,1821,1,No,46.5
7467,A,Ship,6,4,250,4,low,M,2,1969,1,No,47.1
7468,B,Ship,5,1,245,5,low,F,5,1996,1,Yes,56.2
7469,C,Ship,6,1,286,4,medium,M,1,1636,0,No,48.3
7470,F,Ship,5,5,271,4,low,M,8,1132,1,No,46.4
7471,D,Ship,4,1,242,6,low,M,8,1419,1,No,47.6
7472,F,Ship,7,2,282,5,low,M,6,1744,1,No,46.7
7473,A,Ship,4,4,254,5,low,M,2,1573,1,No,48.7
7474,B,Ship,5,4,242,5,medium,M,1,1824,1,No,48.1
7475,C,Ship,5,4,263,4,low,F,2,1625,0,No,48.4
7476,F,Ship,5,3,246,5,medium,M,4,1257,1,No,46.3
7477,D,Ship,7,3,251,5,low,F,8,1616,1,No,47.4
7478,F,Ship,5,2,262,5,low,M,4,1509,1,No,46.2
7479,A,Ship,5,5,245,5,low,F,1,1924,1,No,47.8
7480,B,Ship,4,5,273,5,medium,F,7,1409,0,No,47.0
7481,C,Ship,7,2,272,4,medium,M,9,1188,1,No,45.9
7482,F,Ship,5,5,269,5,low,M,4,1454,0,No,46.2
7483,D,Ship,4,2,263,5,low,F,5,1874,0,No,46.5
7484,F,Ship,6,4,284,4,low,M,7,1584,0,No,46.3
7485,A,Ship,5,2,232,5,medium,F,10,1916,0,No,45.5
7486,B,Ship,6,2,219,5,low,F,9,1071,0,No,46.7
7487,C,Ship,4,2,206,4,medium,F,5,1679,0,No,47.9
7488,F,Ship,5,1,242,5,medium,M,8,1382,1,No,46.1
7489,D,Ship,5,5,250,4,medium,F,8,1247,1,No,46.3
7490,F,Ship,7,3,267,4,medium,M,8,1892,1,No,47.2
7491,A,Ship,6,4,269,4,medium,F,1,1872,0,No,47.9
7492,B,Ship,4,2,248,6,low,M,1,1415,1,No,48.4
7493,C,Ship,3,3,154,4,medium,F,7,1915,0,Yes,54.5
7494,F,Ship,3,3,239,3,low,F,4,1399,0,Yes,85.3
7495,D,Ship,4,5,269,5,low,F,3,1118,0,No,48.3
7496,F,Ship,4,1,239,5,low,F,8,1048,0,No,47.4
7497,A,Ship,5,5,237,5,low,F,1,1526,0,No,48.1
7498,B,Ship,5,4,231,6,medium,F,3,1075,0,No,48.2
7499,C,Ship,5,5,249,5,medium,M,5,1662,1,No,46.4
7500,F,Ship,5,5,262,6,low,F,5,1418,1,No,46.8
7501,D,Ship,7,2,300,4,medium,F,10,1179,0,No,47.1
7502,F,Ship,7,1,265,4,medium,F,3,1357,1,No,48.3
7503,A,Ship,5,1,270,5,high,F,6,1836,1,No,45.5
7504,B,Ship,4,2,265,5,low,M,8,1555,0,No,47.0
7505,C,Ship,6,2,263,4,low,F,1,1258,1,No,48.2
7506,F,Ship,7,3,305,4,low,F,3,1872,0,No,48.6
7507,D,Ship,7,5,253,4,low,F,6,1344,1,No,45.9
7508,F,Ship,5,2,248,5,medium,F,9,1973,0,No,44.3
7509,A,Road,6,4,290,4,low,M,3,1710,0,No,48.1
7510,B,Road,5,4,239,5,low,F,10,1042,1,No,47.3
7511,C,Road,7,1,282,4,low,F,2,1566,0,No,49.1
7512,F,Road,7,5,275,4,low,F,3,1107,0,No,48.3
7513,D,Road,5,2,268,5,medium,F,5,1876,1,No,46.0
7514,F,Road,6,1,253,4,low,M,10,1962,0,No,45.1
7515,A,Road,6,2,294,4,medium,M,10,1148,0,No,46.2
7516,B,Road,5,5,240,5,medium,M,7,1255,0,No,46.3
7517,C,Road,5,4,228,5,low,M,5,1844,0,No,46.3
7518,F,Road,3,1,179,2,low,M,3,5159,1,No,43.0
7519,D,Road,6,2,260,3,low,M,2,4071,0,No,48.6
7520,F,Road,4,4,155,3,low,F,2,4094,1,Yes,51.3
7521,A,Road,3,5,204,2,low,M,1,4133,0,No,43.3
7522,B,Road,2,2,247,3,medium,F,9,4284,1,No,44.2
7523,C,Road,4,3,213,3,medium,M,7,5947,0,No,43.1
7524,F,Road,4,1,252,3,low,M,4,5119,1,No,43.4
7525,D,Road,4,3,165,2,medium,M,10,4351,0,No,42.5
7526,F,Road,4,3,174,3,low,F,3,4846,1,No,43.5
7527,A,Road,3,3,157,3,low,F,6,5187,0,No,43.1
7528,B,Road,4,2,177,3,low,F,4,4550,0,No,43.0
7529,C,Road,3,3,140,2,low,F,3,5713,0,No,43.6
7530,F,Road,5,2,204,5,low,M,3,5723,1,No,43.6
7531,D,Flight,3,4,174,3,low,F,10,4998,1,No,43.1
7532,F,Flight,4,4,148,2,low,M,4,5437,0,No,42.6
7533,A,Flight,3,1,166,5,low,F,8,4759,1,No,42.7
7534,B,Flight,5,2,232,3,low,M,5,5607,1,No,44.8
7535,C,Flight,4,2,191,4,low,M,7,5507,1,No,41.9
7536,F,Flight,4,2,270,3,medium,F,4,5566,0,No,43.1
7537,D,Flight,2,5,263,4,medium,F,4,4042,1,No,47.2
7538,F,Flight,3,1,214,2,low,F,3,5595,1,No,42.7
7539,A,Flight,3,1,153,3,low,M,9,4404,0,No,43.6
7540,B,Flight,6,3,218,3,low,M,6,4594,0,No,45.6
7541,C,Flight,5,5,201,3,medium,F,10,5121,1,No,44.1
7542,F,Flight,4,4,265,3,low,M,9,5508,0,No,43.8
7543,D,Flight,6,3,226,3,high,F,4,4604,1,No,45.4
7544,F,Flight,4,4,155,3,medium,M,6,5033,1,No,43.4
7545,A,Flight,5,2,146,3,low,F,7,4524,1,No,45.9
7546,B,Flight,3,1,177,3,low,F,9,4890,1,No,43.2
7547,C,Flight,5,5,171,3,medium,F,6,4209,1,No,46.9
7548,F,Flight,4,2,149,2,low,M,2,4026,1,Yes,54.7
7549,D,Flight,5,2,268,3,medium,M,8,5385,1,No,45.1
7550,F,Flight,3,2,150,3,high,M,2,5502,0,No,43.6
7551,A,Flight,3,3,217,2,high,F,9,5554,1,No,42.1
7552,B,Flight,4,1,205,2,low,M,10,4086,0,Yes,50.1
7553,C,Ship,4,2,220,2,low,F,6,5543,0,No,42.4
7554,F,Ship,3,3,168,2,low,F,10,4583,1,No,42.0
7555,D,Ship,5,5,203,5,medium,M,1,5356,1,No,42.9
7556,F,Ship,3,4,235,2,medium,M,7,4013,1,Yes,69.7
7557,A,Ship,3,3,261,3,medium,M,4,5482,1,No,43.3
7558,B,Ship,4,3,266,3,high,F,2,5298,0,No,43.4
7559,C,Ship,5,4,154,5,low,M,6,5659,1,No,42.2
7560,F,Ship,4,1,268,4,medium,F,2,4543,0,No,41.4
7561,D,Ship,2,2,169,3,medium,F,4,5485,1,No,41.7
7562,F,Ship,3,3,165,4,medium,M,2,4176,1,No,42.8
7563,A,Ship,4,4,171,2,low,M,7,5190,1,No,42.5
7564,B,Ship,4,5,275,5,low,F,6,4450,0,No,41.0
7565,C,Ship,3,4,184,3,low,M,7,5438,0,No,43.5
7566,F,Ship,4,2,236,3,low,M,4,4800,0,No,43.4
7567,D,Ship,4,3,261,4,medium,M,9,5116,1,No,41.4
7568,F,Ship,3,1,251,2,low,F,7,5368,1,No,42.6
7569,A,Ship,3,3,202,4,low,F,3,4003,1,Yes,67.1
7570,B,Ship,4,1,155,3,low,F,4,4397,0,No,43.6
7571,C,Ship,3,3,157,4,low,F,2,5715,1,No,43.6
7572,F,Ship,4,1,191,3,low,M,2,5189,0,No,43.3
7573,D,Ship,3,5,194,3,low,M,6,4295,1,No,44.4
7574,F,Ship,3,5,154,2,medium,M,6,4675,1,No,42.6
7575,A,Ship,3,5,270,3,medium,M,5,4843,1,No,43.8
7576,B,Ship,4,4,259,3,low,F,8,4223,1,No,44.3
7577,C,Ship,5,3,156,4,low,F,9,4098,0,No,46.7
7578,F,Ship,5,3,236,4,medium,M,7,4308,0,No,42.6
7579,D,Ship,4,4,188,3,low,M,7,5720,0,No,44.2
7580,F,Ship,6,3,183,4,medium,M,3,4842,0,No,42.4
7581,A,Ship,4,4,149,3,medium,M,6,5508,0,No,43.1
7582,B,Ship,5,4,199,4,low,F,7,5740,0,No,43.3
7583,C,Ship,4,4,245,2,low,F,2,4297,1,No,43.2
7584,F,Ship,3,2,158,3,medium,F,1,5438,0,No,44.8
7585,D,Ship,3,5,146,5,low,F,3,5489,0,No,41.7
7586,F,Ship,5,5,260,3,medium,M,8,4586,1,No,45.1
7587,A,Ship,5,1,238,6,medium,M,10,5508,0,No,42.2
7588,B,Ship,4,1,201,6,medium,F,8,5529,0,No,42.6
7589,C,Ship,3,1,220,4,medium,M,7,5894,1,No,44.8
7590,F,Ship,4,4,172,4,medium,M,7,4834,0,No,41.9
7591,D,Ship,4,2,274,3,medium,F,7,4477,1,No,43.6
7592,F,Ship,5,2,169,3,medium,M,3,5692,0,No,44.6
7593,A,Ship,5,1,256,2,medium,F,1,5352,1,No,45.9
7594,B,Ship,5,3,150,4,medium,F,1,5211,0,No,42.9
7595,C,Ship,3,3,176,3,low,F,10,5284,1,No,43.2
7596,F,Ship,5,2,269,2,medium,F,9,5672,0,No,43.2
7597,D,Ship,3,5,224,2,low,F,10,4380,1,No,42.4
7598,F,Ship,5,4,201,3,low,F,5,5137,0,No,45.1
7599,A,Ship,3,1,179,2,medium,M,2,4085,0,No,50.0
7600,B,Ship,5,3,245,4,low,M,1,5743,0,No,44.3
7601,C,Ship,4,3,139,2,high,F,2,4041,1,Yes,53.2
7602,F,Ship,3,3,261,4,medium,F,4,4307,1,No,41.4
7603,D,Ship,4,3,147,3,medium,M,1,5454,0,No,44.4
7604,F,Ship,4,1,240,4,medium,M,7,4818,1,No,41.9
7605,A,Ship,3,5,224,3,low,M,6,5115,0,No,43.4
7606,B,Ship,3,1,236,3,low,M,2,4298,0,No,43.8
7607,C,Ship,5,2,173,3,low,M,8,4797,1,No,45.9
7608,F,Ship,3,3,201,2,low,F,2,5361,0,No,43.2
7609,D,Ship,5,5,140,3,high,F,7,4799,1,No,46.3
7610,F,Ship,3,3,203,3,high,M,3,5440,0,No,43.3
7611,A,Ship,3,4,173,3,low,F,8,5979,0,No,43.0
7612,B,Ship,3,2,198,4,medium,F,4,4564,0,No,41.4
7613,C,Ship,4,2,273,3,low,M,2,5712,0,No,44.2
7614,F,Ship,5,4,131,6,low,M,8,4005,1,Yes,65.7
7615,D,Ship,5,3,178,4,medium,M,10,5382,1,No,41.2
7616,F,Ship,4,4,175,3,low,M,8,5944,1,No,43.2
7617,A,Ship,4,5,145,2,low,F,2,4686,1,No,43.3
7618,B,Ship,5,1,256,4,medium,F,5,4970,1,No,41.9
7619,C,Ship,4,2,175,6,low,F,5,5445,1,No,42.1
7620,F,Ship,4,4,170,4,low,M,5,4574,0,No,41.0
7621,D,Ship,2,3,206,4,medium,F,2,5443,0,No,39.4
7622,F,Ship,3,4,145,4,high,M,4,5801,0,No,42.3
7623,A,Ship,3,5,266,2,high,F,3,5195,0,No,42.7
7624,B,Ship,5,5,183,3,medium,F,3,4071,1,Yes,51.5
7625,C,Ship,5,1,210,2,low,M,2,4079,1,Yes,51.2
7626,F,Ship,5,1,134,2,low,F,7,5610,0,No,44.4
7627,D,Ship,3,3,223,3,low,M,10,5243,1,No,43.2
7628,F,Ship,5,5,223,3,low,M,5,4373,1,No,45.9
7629,A,Ship,4,4,255,3,high,F,3,5616,0,No,43.3
7630,B,Ship,4,1,270,3,low,F,6,5212,0,No,43.1
7631,C,Ship,4,2,260,2,low,M,7,5684,0,No,41.6
7632,F,Ship,5,4,225,2,low,M,8,4725,0,No,44.4
7633,D,Ship,4,1,237,4,low,F,4,4697,1,No,40.9
7634,F,Ship,4,5,111,4,medium,M,7,5988,1,Yes,52.1
7635,A,Ship,5,1,230,4,medium,M,4,5363,0,No,41.6
7636,B,Ship,2,4,193,2,low,F,5,5706,0,No,41.7
7637,C,Ship,3,4,162,4,medium,M,10,4235,0,No,38.8
7638,F,Ship,3,4,195,4,low,M,3,4743,0,No,41.9
7639,D,Ship,5,2,123,5,low,F,4,5284,0,No,41.9
7640,F,Ship,4,3,248,2,medium,F,10,5211,0,No,42.1
7641,A,Ship,4,1,151,3,low,F,4,5610,1,No,43.1
7642,B,Ship,4,3,252,4,low,M,2,5226,0,No,41.6
7643,C,Ship,5,2,134,4,low,M,5,5090,0,No,41.8
7644,F,Ship,3,2,189,2,medium,F,4,4160,0,No,42.4
7645,D,Ship,3,4,159,2,medium,F,6,4990,1,No,42.6
7646,F,Road,4,2,173,3,medium,M,6,4963,0,No,43.3
7647,A,Road,5,5,254,2,medium,M,6,4934,0,No,44.2
7648,B,Road,5,3,241,2,medium,M,5,5666,0,No,43.9
7649,C,Road,4,4,262,2,medium,M,1,4357,0,No,44.3
7650,F,Road,5,1,265,4,low,F,2,5416,1,No,42.2
7651,D,Road,6,4,201,4,low,F,8,5355,1,No,43.1
7652,F,Road,5,2,233,4,medium,F,9,5539,0,No,41.6
7653,A,Road,3,1,164,10,medium,F,6,5603,0,No,42.8
7654,B,Road,4,5,180,2,medium,M,1,5622,0,No,43.6
7655,C,Road,3,4,199,3,medium,M,1,4490,1,No,44.8
7656,F,Road,4,3,140,8,medium,M,8,4065,1,Yes,55.9
7657,D,Road,4,5,140,2,medium,F,5,4347,1,No,42.5
7658,F,Road,5,2,146,7,low,F,9,5631,0,No,43.1
7659,A,Road,5,3,216,10,medium,M,4,4409,1,No,44.0
7660,B,Road,3,5,159,2,high,F,9,4099,1,Yes,50.2
7661,C,Road,4,4,222,3,medium,M,4,5857,0,No,42.2
7662,F,Road,4,3,240,8,medium,M,8,4319,1,No,43.9
7663,D,Road,3,3,189,3,high,M,9,4278,1,No,43.8
7664,F,Road,3,1,252,2,low,M,9,5050,0,No,42.2
7665,A,Road,2,2,149,4,medium,M,7,4598,0,No,39.4
7666,B,Road,5,4,199,5,medium,F,6,4417,1,No,41.6
7667,C,Road,4,5,244,3,low,F,7,4172,0,No,44.6
7668,F,Flight,7,2,272,4,medium,F,8,1816,0,No,47.5
7669,D,Flight,5,3,269,5,low,F,3,1667,1,No,48.0
7670,F,Flight,4,1,263,5,low,F,8,1257,0,No,47.0
7671,A,Flight,6,4,284,4,low,F,9,1436,0,No,45.4
7672,B,Flight,5,5,232,5,medium,F,6,1246,0,No,45.5
7673,C,Flight,6,5,219,5,low,F,2,1475,1,No,48.3
7674,F,Flight,4,5,206,4,medium,F,1,1593,0,No,49.3
7675,D,Flight,5,4,242,5,medium,F,2,1717,1,No,48.3
7676,F,Flight,5,1,250,4,medium,M,4,1438,0,No,46.3
7677,A,Flight,7,4,267,4,medium,F,9,1378,1,No,45.5
7678,B,Flight,6,3,269,4,medium,F,3,1022,0,No,46.3
7679,C,Flight,3,2,189,2,medium,F,3,4617,0,No,42.4
7680,F,Flight,3,1,159,2,medium,F,3,5691,0,No,41.7
7681,D,Flight,4,3,173,3,medium,F,2,4351,0,No,43.7
7682,F,Flight,5,3,254,2,medium,F,5,4764,1,No,44.3
7683,A,Flight,5,2,241,2,medium,M,9,4965,0,No,43.1
7684,B,Flight,4,3,262,2,medium,F,3,4064,1,Yes,52.2
7685,C,Flight,5,2,265,4,low,F,7,4883,0,No,42.5
7686,F,Flight,6,1,201,4,low,F,5,4592,1,No,42.2
7687,D,Flight,5,4,233,4,medium,M,1,4255,1,No,43.1
7688,F,Flight,3,4,164,10,medium,F,10,4134,0,No,37.0
7689,A,Flight,4,2,180,2,medium,F,10,5666,1,No,42.4
7690,B,Ship,3,2,199,3,medium,F,8,4164,1,No,43.6
7691,C,Ship,4,4,140,8,medium,F,2,5481,0,No,42.8
7692,F,Ship,4,3,140,2,medium,F,2,5042,0,No,43.3
7693,D,Ship,5,2,146,7,low,M,7,5204,0,No,43.6
7694,F,Ship,5,1,216,10,medium,F,2,5672,0,No,40.7
7695,A,Ship,3,5,159,2,high,F,6,4295,0,No,43.3
7696,B,Ship,4,4,222,3,medium,F,6,4199,1,No,44.5
7697,C,Ship,4,1,240,8,medium,M,1,4638,0,No,41.8
7698,F,Ship,3,2,189,3,high,M,1,4997,1,No,45.0
7699,D,Ship,3,4,252,2,low,M,6,4630,1,No,42.5
7700,F,Ship,2,1,149,4,medium,F,7,5434,0,No,40.5
7701,A,Ship,5,4,199,5,medium,M,6,5210,1,No,41.6
7702,B,Ship,4,3,244,3,low,M,7,4761,0,No,43.5
7703,C,Ship,7,3,272,4,medium,M,2,1754,0,No,49.1
7704,F,Ship,5,5,269,5,low,F,6,1630,0,No,45.6
7705,D,Ship,4,1,263,5,low,M,1,1605,1,No,48.6
7706,F,Ship,6,4,284,4,low,F,9,1845,1,No,45.4
7707,A,Ship,5,3,232,5,medium,F,2,1057,1,No,48.2
7708,B,Ship,6,3,219,5,low,M,9,1483,1,No,45.3
7709,C,Ship,4,4,206,4,medium,F,9,1074,1,No,48.6
7710,F,Ship,5,3,242,5,medium,F,5,1820,0,No,46.3
7711,D,Ship,5,3,250,4,medium,F,4,1111,1,No,46.4
7712,F,Ship,7,5,267,4,medium,F,10,1067,0,No,48.4
7713,A,Ship,6,2,269,4,medium,F,3,1665,0,No,48.1
7714,B,Ship,5,2,240,5,medium,M,3,1079,0,No,47.8
7715,C,Ship,5,2,228,5,low,M,6,1726,1,No,45.6
7716,F,Ship,5,5,262,5,low,M,6,1887,1,No,45.2
7717,D,Ship,6,2,306,4,low,F,1,1815,1,No,48.2
7718,F,Ship,6,5,276,4,low,M,3,1136,0,No,47.9
7719,A,Ship,3,3,183,5,low,F,3,1504,0,Yes,55.1
7720,B,Ship,5,1,239,5,low,M,1,1239,0,No,48.1
7721,C,Ship,7,1,285,4,low,M,2,1516,0,No,49.1
7722,F,Ship,5,1,229,6,low,M,9,1883,1,No,45.7
7723,D,Ship,7,4,308,5,medium,F,7,1563,1,No,47.1
7724,F,Ship,6,1,293,4,low,F,10,1534,1,No,45.8
7725,A,Ship,6,1,247,4,low,F,4,1623,1,No,46.5
7726,B,Ship,6,2,260,5,low,F,9,1667,1,No,45.5
7727,C,Ship,7,3,308,4,medium,M,6,1113,0,No,46.0
7728,F,Ship,5,2,274,6,medium,M,2,1748,1,No,48.6
7729,D,Ship,5,2,236,6,low,F,6,1552,0,No,45.9
7730,F,Ship,7,4,291,4,medium,M,1,1817,1,No,49.5
7731,A,Ship,4,5,247,5,low,M,9,1499,0,No,46.4
7732,B,Ship,5,4,217,5,high,F,3,1007,1,No,45.2
7733,C,Ship,6,2,246,4,low,M,4,1555,0,No,46.4
7734,F,Ship,6,3,301,4,low,F,2,1083,0,No,48.3
7735,D,Ship,5,4,259,5,low,F,4,1991,1,Yes,53.1
7736,F,Ship,4,2,275,5,low,F,6,1438,0,No,46.2
7737,A,Ship,6,2,309,4,medium,F,8,1289,1,No,46.3
7738,B,Ship,5,2,232,6,medium,F,3,1540,0,No,48.3
7739,C,Ship,6,1,244,4,low,F,7,1007,0,No,42.7
7740,F,Ship,4,4,267,5,medium,F,9,1716,1,No,46.8
7741,D,Ship,6,1,254,4,low,F,2,1071,0,No,48.3
7742,F,Ship,5,2,270,4,medium,M,8,1631,1,No,46.3
7743,A,Ship,6,2,301,4,medium,M,10,1747,1,No,45.9
7744,B,Ship,4,5,221,5,low,F,5,1608,1,No,47.1
7745,C,Ship,5,3,243,5,low,F,9,1312,1,No,45.5
7746,F,Ship,6,4,264,4,low,M,1,1711,1,No,48.3
7747,D,Ship,4,3,228,5,low,F,9,1044,0,No,47.9
7748,F,Ship,5,1,262,5,low,F,5,1916,1,No,46.0
7749,A,Ship,4,2,270,5,medium,M,9,1167,0,No,46.8
7750,B,Ship,3,1,131,4,low,M,1,1628,0,Yes,55.7
7751,C,Ship,7,1,257,4,low,M,1,1405,1,No,49.0
7752,F,Ship,4,1,245,5,medium,M,1,1472,0,No,48.5
7753,D,Ship,5,5,272,5,medium,F,5,1868,1,No,46.1
7754,F,Ship,6,1,284,4,low,F,7,1153,0,No,46.5
7755,A,Ship,7,5,285,4,low,M,6,1591,1,No,46.2
7756,B,Ship,6,3,250,4,low,M,9,1618,0,No,45.6
7757,C,Ship,7,3,272,4,medium,M,7,1067,1,No,47.2
7758,F,Ship,4,3,254,5,low,F,3,1248,0,No,48.3
7759,D,Ship,5,4,217,5,low,F,5,1360,1,No,46.2
7760,F,Ship,7,5,253,4,low,M,10,1166,1,No,47.1
7761,A,Ship,5,1,276,5,low,F,6,1793,0,No,45.5
7762,B,Ship,4,1,241,5,low,F,4,1145,0,No,47.0
7763,C,Ship,6,2,259,5,medium,M,1,1357,0,No,48.2
7764,F,Ship,6,4,272,4,medium,F,10,1171,1,No,46.2
7765,D,Ship,6,1,280,4,medium,M,6,1735,1,No,45.7
7766,F,Ship,5,3,257,5,low,M,7,1090,0,No,46.4
7767,A,Ship,6,3,282,4,low,M,9,1417,1,No,45.4
7768,B,Ship,6,4,268,4,medium,M,9,1354,1,No,45.4
7769,C,Ship,5,3,238,5,high,M,10,1841,1,No,45.8
7770,F,Ship,7,4,310,4,low,M,6,1003,1,No,44.9
7771,D,Ship,4,1,187,2,low,M,5,5691,0,No,41.5
7772,F,Ship,3,3,167,4,medium,M,1,5301,0,No,42.3
7773,A,Ship,4,3,197,4,medium,M,9,4429,0,No,41.1
7774,B,Ship,6,1,214,2,low,M,5,4708,0,No,45.0
7775,C,Ship,4,2,174,2,low,F,8,4295,0,No,43.4
7776,F,Ship,4,5,239,3,medium,M,1,5482,1,No,44.4
7777,D,Ship,5,1,249,3,low,F,8,5940,0,No,45.3
7778,F,Ship,5,3,141,3,low,M,2,4124,1,No,49.8
7779,A,Ship,5,2,179,3,medium,M,5,4325,1,No,45.4
7780,B,Ship,3,1,253,3,high,M,8,5030,1,No,43.5
7781,C,Ship,2,3,219,4,low,F,9,4086,0,No,44.1
7782,F,Ship,4,1,249,6,medium,M,2,5720,1,No,43.2
7783,D,Road,3,3,196,3,low,M,9,4431,0,No,43.6
7784,F,Road,6,5,244,3,low,M,9,5634,0,No,44.6
7785,A,Road,4,2,144,3,low,M,2,4264,0,No,44.4
7786,B,Road,4,3,240,3,medium,M,6,4964,0,No,43.3
7787,C,Road,5,4,222,3,low,M,1,4834,1,No,46.3
7788,F,Road,4,4,246,3,medium,M,5,5029,1,No,43.3
7789,D,Road,6,1,188,5,low,M,4,4887,0,No,42.3
7790,F,Road,3,3,153,3,low,F,3,4829,0,No,43.6
7791,A,Road,3,1,151,2,low,F,7,4437,0,No,43.2
7792,B,Road,4,1,237,3,medium,F,8,5668,1,No,43.6
7793,C,Road,3,1,194,3,medium,F,4,5383,1,No,43.3
7794,F,Road,3,5,241,3,low,F,5,4861,1,No,43.8
7795,D,Road,4,2,209,2,medium,M,3,5607,0,No,42.7
7796,F,Road,3,1,160,2,low,F,10,5642,1,No,42.3
7797,A,Road,4,4,251,2,low,M,2,4800,0,No,43.3
7798,B,Road,5,3,193,4,medium,F,3,5026,0,No,42.1
7799,C,Road,4,4,169,3,medium,M,5,5743,0,No,44.1
7800,F,Road,3,5,234,2,medium,F,1,4455,1,No,44.6
7801,D,Road,4,5,192,2,high,F,4,4518,0,No,42.4
7802,F,Road,2,5,160,4,low,F,7,5754,0,No,41.5
7803,A,Road,5,3,201,2,low,F,1,4548,1,No,45.9
7804,B,Road,4,1,260,3,low,M,9,4239,0,No,43.7
7805,C,Flight,3,3,244,4,medium,M,10,5181,0,No,40.8
7806,F,Flight,3,2,219,6,low,F,9,5263,1,No,42.5
7807,D,Flight,4,2,219,4,high,F,2,4422,1,No,41.6
7808,F,Flight,3,5,175,3,high,F,6,5150,0,No,43.4
7809,A,Flight,4,2,196,3,medium,F,2,4474,0,No,43.5
7810,B,Flight,3,5,230,3,high,M,4,5189,1,No,43.3
7811,C,Flight,4,3,262,4,high,F,2,4783,1,No,41.6
7812,F,Flight,5,4,228,4,high,F,7,5913,0,No,45.8
7813,D,Flight,3,2,138,2,medium,M,8,5714,0,No,43.1
7814,F,Flight,4,1,240,3,low,F,4,4787,0,No,43.4
7815,A,Flight,3,1,104,4,low,F,9,5211,1,No,41.7
7816,B,Flight,3,2,261,2,medium,M,10,4035,0,Yes,54.6
7817,C,Flight,4,3,181,3,low,M,4,4399,1,No,43.6
7818,F,Flight,5,2,152,3,medium,M,4,4699,1,No,45.3
7819,D,Flight,2,2,215,5,medium,M,3,5185,1,No,40.8
7820,F,Flight,5,4,266,6,medium,F,7,4486,0,No,42.5
7821,A,Flight,4,5,265,2,medium,F,9,5135,1,No,42.4
7822,B,Flight,5,5,142,4,medium,M,8,5372,0,No,42.6
7823,C,Flight,5,3,169,2,low,F,1,4500,1,No,46.4
7824,F,Flight,3,5,257,3,medium,M,4,5196,1,No,43.3
7825,D,Flight,3,2,142,3,low,M,9,4234,0,No,43.5
7826,F,Flight,2,4,233,4,medium,F,4,5408,0,No,39.9
7827,A,Ship,4,2,136,4,medium,M,9,5038,0,No,41.2
7828,B,Ship,2,2,173,3,low,F,10,4736,0,No,42.4
7829,C,Ship,3,4,221,3,low,M,10,4927,1,No,43.0
7830,F,Ship,5,3,204,3,low,M,10,5610,1,No,44.1
7831,D,Ship,4,5,149,2,low,M,2,5724,1,No,45.1
7832,F,Ship,2,1,166,3,medium,F,7,5990,1,No,48.2
7833,A,Ship,5,4,265,2,low,F,2,5164,1,No,44.7
7834,B,Ship,3,1,140,2,low,F,8,5253,1,No,42.7
7835,C,Ship,4,3,234,3,medium,F,9,4868,1,No,43.3
7836,F,Ship,3,5,139,2,low,F,6,5181,0,No,42.4
7837,D,Ship,3,4,232,2,low,F,8,5629,1,No,42.7
7838,F,Ship,3,5,187,4,medium,F,4,5640,0,No,41.6
7839,A,Ship,3,4,197,6,medium,M,3,4890,1,No,42.2
7840,B,Ship,3,4,273,2,medium,F,5,5223,0,No,42.6
7841,C,Ship,3,2,201,3,medium,M,7,4890,0,No,43.5
7842,F,Ship,2,2,201,3,high,M,2,4865,1,No,41.1
7843,D,Ship,4,3,227,3,medium,M,10,5782,1,No,44.1
7844,F,Ship,3,5,171,2,medium,M,1,4783,1,No,44.8
7845,A,Ship,3,5,192,2,low,F,7,5069,1,No,42.7
7846,B,Ship,3,1,226,3,high,M,2,4831,1,No,43.9
7847,C,Ship,3,4,252,2,medium,F,6,4040,1,Yes,56.3
7848,F,Ship,4,5,177,3,medium,F,7,4243,1,No,44.8
7849,D,Ship,3,5,211,3,medium,M,5,4058,1,Yes,53.8
7850,F,Ship,6,3,170,4,low,M,1,4912,0,No,43.7
7851,A,Ship,2,3,118,4,medium,M,7,5510,0,No,40.5
7852,B,Ship,4,4,146,3,low,M,3,5225,1,No,43.4
7853,C,Ship,3,5,150,3,high,M,6,4565,0,No,43.0
7854,F,Ship,5,5,243,3,medium,M,3,5700,1,No,45.4
7855,D,Ship,4,4,135,3,medium,M,6,4335,1,No,43.5
7856,F,Ship,4,5,209,3,low,F,6,5899,1,No,43.7
7857,A,Ship,4,5,217,3,medium,M,2,5461,1,No,43.3
7858,B,Ship,2,2,287,4,medium,M,10,5972,0,No,38.4
7859,C,Ship,2,3,239,6,medium,M,4,4022,0,Yes,53.9
7860,F,Ship,5,2,189,2,medium,M,2,4636,1,No,44.8
7861,D,Ship,4,2,139,3,medium,M,10,4648,0,No,43.2
7862,F,Ship,4,2,255,3,low,F,8,5865,0,No,41.8
7863,A,Ship,5,1,132,4,medium,F,4,5461,0,No,41.6
7864,B,Ship,4,1,136,3,medium,F,4,5060,1,No,43.4
7865,C,Ship,5,3,143,3,low,M,6,4761,1,No,45.5
7866,F,Ship,3,4,201,2,low,F,8,4394,0,No,42.8
7867,D,Ship,6,5,278,5,medium,F,2,4361,1,No,43.0
7868,F,Ship,4,3,213,3,medium,M,4,4367,0,No,43.6
7869,A,Ship,2,1,202,2,medium,F,5,4456,0,No,43.0
7870,B,Ship,4,5,240,2,medium,M,6,5045,1,No,42.6
7871,C,Ship,5,4,223,3,low,M,7,4671,1,No,45.8
7872,F,Ship,4,4,193,3,low,M,2,5975,1,No,41.8
7873,D,Ship,3,1,224,3,low,M,8,4908,0,No,43.5
7874,F,Ship,3,1,202,3,medium,F,7,5818,0,No,42.4
7875,A,Ship,4,5,236,4,medium,M,1,4082,0,No,48.8
7876,B,Ship,3,3,216,4,low,F,9,5107,1,No,41.7
7877,C,Ship,3,1,229,3,medium,M,7,5324,1,No,43.5
7878,F,Ship,4,5,275,3,medium,M,1,5394,1,No,44.4
7879,D,Ship,3,3,250,2,medium,F,8,5067,0,No,42.7
7880,F,Ship,4,3,196,3,low,M,10,4433,1,No,43.6
7881,A,Ship,2,2,220,3,low,M,1,5289,0,No,42.1
7882,B,Ship,4,4,152,3,low,M,8,4430,0,No,43.9
7883,C,Ship,3,2,186,2,low,M,7,5522,0,No,42.6
7884,F,Ship,3,1,189,3,low,F,3,5866,1,No,42.2
7885,D,Ship,3,1,222,3,low,M,1,5362,1,No,44.8
7886,F,Ship,4,1,139,3,low,F,7,5317,0,No,43.5
7887,A,Ship,5,1,169,4,low,M,6,4253,1,No,41.2
7888,B,Ship,4,3,137,3,medium,M,9,5016,0,No,43.2
7889,C,Ship,3,1,212,6,low,M,5,5339,0,No,42.4
7890,F,Ship,3,5,230,4,low,F,5,4450,1,No,41.9
7891,D,Ship,3,2,262,2,low,M,7,5141,1,No,42.7
7892,F,Ship,4,4,166,2,low,M,8,5192,0,No,42.5
7893,A,Ship,6,2,99,3,low,M,8,5872,0,No,42.3
7894,B,Ship,4,2,263,3,low,F,7,5395,1,No,43.5
7895,C,Ship,5,4,223,3,low,M,8,4310,1,No,46.7
7896,F,Ship,3,1,220,2,low,F,7,5653,0,No,42.7
7897,D,Ship,3,3,242,3,medium,F,8,5915,1,No,43.5
7898,F,Ship,3,4,163,3,high,F,6,5912,0,No,43.4
7899,A,Ship,3,4,273,2,medium,M,2,4219,1,No,44.5
7900,B,Ship,5,5,261,5,medium,M,9,5385,0,No,42.0
7901,C,Ship,5,1,179,2,low,M,8,5198,1,No,43.8
7902,F,Ship,5,2,182,3,low,F,10,4128,1,No,47.2
7903,D,Ship,3,4,202,2,medium,F,6,5030,0,No,42.6
7904,F,Ship,5,2,154,4,low,F,8,4820,0,No,42.5
7905,A,Ship,4,4,224,2,low,F,8,5754,1,No,44.5
7906,B,Ship,3,2,139,3,medium,M,4,5531,0,No,43.3
7907,C,Ship,3,5,256,2,medium,F,6,5375,0,No,42.4
7908,F,Ship,3,2,251,4,high,F,7,4038,0,Yes,53.6
7909,D,Ship,4,5,254,3,medium,F,10,4148,0,No,42.1
7910,F,Ship,5,1,181,3,low,F,6,5423,0,No,44.9
7911,A,Ship,4,4,254,3,low,M,7,5637,0,No,43.5
7912,B,Ship,3,3,239,3,medium,M,7,4942,0,No,43.5
7913,C,Ship,3,3,167,2,low,M,6,5101,0,No,42.6
7914,F,Ship,4,2,192,2,low,M,9,4140,0,No,40.4
7915,D,Ship,3,2,163,2,low,F,5,5021,0,No,42.6
7916,F,Ship,3,1,213,2,low,M,6,4747,0,No,42.6
7917,A,Ship,3,3,230,3,low,M,4,4018,1,Yes,55.2
7918,B,Ship,3,3,264,3,low,M,3,4970,0,No,43.6
7919,C,Ship,5,1,182,2,low,M,6,4121,1,Yes,51.8
7920,F,Road,5,1,223,3,medium,F,4,4905,1,No,45.1
7921,D,Road,4,1,261,2,medium,F,9,4158,0,No,41.0
7922,F,Road,4,2,248,2,low,F,10,5783,0,No,43.3
7923,A,Road,4,5,169,4,low,M,5,5347,0,No,41.1
7924,B,Road,3,4,188,6,medium,F,6,4031,1,Yes,54.8
7925,C,Road,3,4,142,4,medium,M,5,4429,0,No,41.7
7926,F,Road,4,1,208,2,low,F,5,5707,1,No,43.0
7927,D,Road,4,5,239,2,medium,F,1,4247,0,No,44.7
7928,F,Road,5,5,218,5,low,M,5,4303,1,No,41.9
7929,A,Road,4,1,137,3,medium,F,3,4962,1,No,43.4
7930,B,Road,4,4,97,6,low,M,4,5801,0,No,42.9
7931,C,Road,3,1,242,10,high,M,9,5151,1,No,42.4
7932,F,Road,4,3,153,7,medium,F,4,4499,1,No,42.9
7933,D,Road,3,3,188,5,low,F,6,5713,0,No,42.7
7934,F,Road,4,1,272,2,low,F,8,5328,1,No,42.7
7935,A,Road,2,2,165,3,medium,F,10,4080,1,Yes,51.0
7936,B,Road,4,4,218,2,medium,F,3,5692,1,No,41.6
7937,C,Road,4,3,153,4,low,M,4,5161,0,No,41.3
7938,F,Road,6,1,250,2,medium,M,4,4016,0,Yes,54.5
7939,D,Road,4,1,204,8,low,F,7,5359,0,No,44.0
7940,F,Road,4,1,154,10,high,M,10,5674,1,No,42.8
7941,A,Road,4,2,233,7,medium,F,5,5361,0,No,43.1
7942,B,Flight,4,3,225,8,low,M,8,4718,1,No,43.5
7943,C,Flight,4,4,269,10,high,F,3,4488,0,No,41.8
7944,F,Flight,4,5,173,4,low,M,7,4978,1,No,41.9
7945,D,Flight,4,1,145,3,low,M,8,5127,0,No,43.5
7946,F,Flight,4,4,242,2,medium,M,6,5866,0,No,41.3
7947,A,Flight,3,5,255,7,medium,M,8,4091,1,Yes,54.4
7948,B,Flight,4,1,254,7,low,M,5,4104,1,Yes,54.1
7949,C,Flight,4,3,150,3,high,F,2,4383,0,No,43.7
7950,F,Flight,4,2,201,8,medium,F,6,5128,0,No,43.1
7951,D,Flight,5,2,262,5,low,M,5,1751,0,No,46.4
7952,F,Flight,6,4,306,4,low,F,8,1465,0,No,46.2
7953,A,Flight,6,5,276,4,low,M,9,1319,0,No,45.4
7954,B,Flight,3,2,183,5,low,M,3,1336,1,Yes,54.9
7955,C,Flight,5,1,239,5,low,F,7,1859,1,No,46.1
7956,F,Flight,7,3,285,4,low,M,10,1935,1,No,47.0
7957,D,Flight,5,5,229,6,low,F,6,1857,0,No,45.8
7958,F,Flight,7,5,308,5,medium,M,6,1154,0,No,45.4
7959,A,Flight,6,2,293,4,low,F,7,1477,0,No,46.3
7960,B,Flight,6,4,247,4,low,M,7,1831,0,No,46.4
7961,C,Flight,6,1,260,5,low,F,3,1434,0,No,47.9
7962,F,Flight,7,1,308,4,medium,M,5,1705,0,No,47.1
7963,D,Flight,5,3,274,6,medium,M,7,1293,0,No,46.7
7964,F,Ship,5,1,236,6,low,M,4,1123,1,No,46.8
7965,A,Ship,7,1,291,4,medium,F,1,1796,0,No,49.2
7966,B,Ship,5,4,223,3,medium,M,7,5738,0,No,46.0
7967,C,Ship,4,4,261,2,medium,M,8,5006,1,No,42.7
7968,F,Ship,4,1,248,2,low,F,6,5621,0,No,42.4
7969,D,Ship,4,5,169,4,low,F,6,4213,0,No,40.5
7970,F,Ship,3,2,188,6,medium,F,1,4856,0,No,41.9
7971,A,Ship,3,1,142,4,medium,M,7,4780,0,No,42.3
7972,B,Ship,4,1,208,2,low,M,6,5266,0,No,42.6
7973,C,Ship,4,3,239,2,medium,F,7,5384,0,No,42.7
7974,F,Ship,5,3,218,5,low,F,9,4435,1,No,41.7
7975,D,Ship,4,5,137,3,medium,M,1,4861,0,No,44.6
7976,F,Ship,4,3,97,6,low,F,4,4375,0,No,42.1
7977,A,Ship,3,4,242,10,high,M,5,4127,0,No,45.6
7978,B,Ship,4,1,153,7,medium,F,4,5761,1,No,44.8
7979,C,Ship,3,4,188,5,low,F,3,4835,1,No,41.8
7980,F,Ship,4,4,272,2,low,M,7,4042,1,Yes,55.9
7981,D,Ship,2,4,165,3,medium,M,7,5856,0,No,40.3
7982,F,Ship,4,4,218,2,medium,M,3,5039,0,No,42.9
7983,A,Ship,4,4,153,4,low,M,5,5162,0,No,41.3
7984,B,Ship,6,3,250,2,medium,F,1,4747,0,No,46.9
7985,C,Ship,4,2,204,8,low,F,1,4038,1,Yes,62.5
7986,F,Ship,4,3,154,10,high,M,7,5317,0,No,44.1
7987,D,Ship,4,1,233,7,medium,M,7,4272,1,No,43.6
7988,F,Ship,4,2,225,8,low,F,8,5623,0,No,44.0
7989,A,Ship,4,2,269,10,high,M,2,5616,1,No,40.7
7990,B,Ship,4,1,173,4,low,F,1,5789,0,No,44.7
7991,C,Ship,4,3,145,3,low,F,5,5802,1,No,44.4
7992,F,Ship,4,5,242,2,medium,F,2,4806,1,No,43.3
7993,D,Ship,3,2,255,7,medium,M,2,5282,0,No,42.7
7994,F,Ship,4,2,254,7,low,F,6,5121,0,No,42.6
7995,A,Ship,4,5,150,3,high,F,10,5767,1,No,44.7
7996,B,Ship,4,1,201,8,medium,M,4,4295,0,No,43.7
7997,C,Ship,5,3,262,5,low,F,8,1493,1,No,46.1
7998,F,Ship,6,1,306,4,low,F,4,1449,1,No,46.4
7999,D,Ship,6,4,276,4,low,F,2,1120,1,No,48.3
8000,F,Ship,3,2,183,5,low,F,2,1158,1,Yes,55.4
8001,A,Ship,5,2,239,5,low,M,1,1518,1,No,48.1
8002,B,Ship,7,2,285,4,low,M,2,1491,1,No,49.1
8003,C,Ship,5,4,229,6,low,F,9,1733,0,No,46.1
8004,F,Ship,7,3,308,5,medium,M,10,1152,1,No,47.3
8005,D,Ship,6,4,293,4,low,F,8,1145,1,No,46.4
8006,F,Ship,6,3,247,4,low,F,6,1537,0,No,45.6
8007,A,Ship,6,3,260,5,low,M,8,1324,1,No,46.1
8008,B,Ship,7,1,308,4,medium,M,7,1841,1,No,47.2
8009,C,Ship,6,2,282,4,low,M,1,1857,1,No,48.1
8010,F,Ship,6,4,268,4,medium,F,3,1586,0,No,48.0
8011,D,Ship,5,3,238,5,high,M,7,1848,0,No,46.1
8012,F,Ship,5,3,254,6,low,M,7,1064,0,No,46.9
8013,A,Ship,5,3,252,5,low,M,3,1474,0,No,47.8
8014,B,Ship,6,4,254,4,low,M,9,1594,0,No,45.4
8015,C,Ship,4,1,263,5,low,M,8,1426,1,No,47.0
8016,F,Ship,5,4,256,5,low,M,6,1551,0,No,45.4
8017,D,Ship,6,5,264,4,medium,M,8,1755,0,No,46.3
8018,F,Ship,4,5,237,5,low,M,2,1357,1,No,48.7
8019,A,Ship,4,1,226,5,medium,M,6,1510,1,No,46.2
8020,B,Ship,7,5,289,4,low,M,3,1656,1,No,48.7
8021,C,Ship,7,4,281,4,low,M,9,1970,0,No,44.7
8022,F,Ship,5,1,258,5,low,F,4,1032,0,No,46.3
8023,D,Ship,6,2,263,4,low,F,8,1635,0,No,46.3
8024,F,Ship,5,3,245,5,low,F,2,1937,0,No,48.2
8025,A,Ship,7,3,296,4,medium,M,8,1826,1,No,47.5
8026,B,Ship,7,3,286,4,low,F,5,1866,1,No,47.2
8027,C,Ship,6,3,252,2,low,M,1,1756,0,Yes,73.8
8028,F,Ship,6,5,301,4,low,F,7,1393,1,No,46.3
8029,D,Ship,7,1,290,4,low,M,4,1488,0,No,46.7
8030,F,Ship,7,1,247,4,medium,M,6,1297,1,No,46.0
8031,A,Ship,5,5,238,6,low,F,3,1965,1,No,48.1
8032,B,Ship,5,2,263,5,medium,F,10,1059,0,No,47.0
8033,C,Ship,5,2,263,4,low,M,3,1740,1,No,48.1
8034,F,Ship,5,2,248,5,low,F,3,1046,1,No,48.1
8035,D,Ship,7,2,289,5,low,M,1,1178,0,No,48.1
8036,F,Ship,4,4,256,5,high,M,1,1927,1,No,48.3
8037,A,Ship,6,2,287,4,low,F,7,1837,1,No,46.4
8038,B,Ship,4,2,250,5,medium,M,10,1026,1,No,46.9
8039,C,Ship,7,3,301,4,medium,M,1,1966,1,No,48.8
8040,F,Ship,4,1,245,5,low,F,3,1537,0,No,48.4
8041,D,Ship,4,5,226,5,medium,M,8,1133,0,No,47.1
8042,F,Ship,6,2,272,5,low,M,8,1045,0,No,46.6
8043,A,Ship,3,3,307,5,low,F,3,1578,1,Yes,55.1
8044,B,Ship,6,1,138,3,low,M,6,1604,0,Yes,76.8
8045,C,Ship,5,1,248,5,low,F,8,1810,0,No,46.1
8046,F,Ship,5,1,307,4,low,M,8,1511,1,No,46.2
8047,D,Ship,6,2,256,4,low,F,6,1507,0,No,45.6
8048,F,Ship,6,5,301,5,low,M,8,1443,0,No,46.1
8049,A,Ship,7,3,245,4,medium,F,10,1610,1,No,46.9
8050,B,Ship,2,2,168,2,medium,F,2,1227,1,Yes,81.5
8051,C,Ship,6,1,295,4,low,M,10,1600,0,No,45.9
8052,F,Ship,6,4,299,4,low,M,9,1527,0,No,45.4
8053,D,Ship,6,4,253,4,medium,M,9,1488,0,No,45.4
8054,F,Ship,7,4,269,4,medium,M,5,1073,0,No,47.1
8055,A,Ship,5,1,267,5,medium,F,10,1818,0,No,45.8
8056,B,Ship,3,5,212,3,medium,M,7,4411,1,No,44.2
8057,C,Road,5,3,258,3,medium,F,1,5719,0,No,47.1
8058,F,Road,4,3,136,3,low,M,6,4911,1,No,43.3
8059,D,Road,3,1,101,2,medium,F,1,5560,0,No,44.1
8060,F,Road,5,2,191,4,low,F,3,5578,0,No,41.9
8061,A,Road,5,5,186,4,low,M,3,4287,0,No,42.2
8062,B,Road,4,4,104,5,low,F,7,5590,0,No,42.1
8063,C,Road,4,3,201,4,medium,F,3,4797,0,No,41.3
8064,F,Road,3,2,235,2,medium,F,10,4172,0,No,41.3
8065,D,Road,4,4,271,6,high,M,3,5204,0,No,41.7
8066,F,Road,2,3,133,4,low,F,5,5989,1,No,48.7
8067,A,Road,3,1,256,4,low,M,6,4814,1,No,41.2
8068,B,Road,3,1,225,2,low,F,2,4438,1,No,43.4
8069,C,Road,5,3,202,3,low,M,4,4134,1,No,43.9
8070,F,Road,4,4,214,3,medium,F,1,4717,0,No,44.6
8071,D,Road,6,3,217,6,medium,M,3,4209,0,No,41.6
8072,F,Road,4,1,241,2,low,M,3,5672,0,No,42.5
8073,A,Road,2,3,263,3,low,M,10,5997,0,No,46.8
8074,B,Road,4,2,273,2,low,F,9,4221,0,No,42.2
8075,C,Road,4,4,199,3,low,F,9,5016,0,No,43.2
8076,F,Road,4,1,198,4,medium,F,9,5382,0,No,41.5
8077,D,Road,2,4,101,6,low,F,6,5080,1,No,41.4
8078,F,Road,4,4,155,4,low,F,10,5483,1,No,41.1
8079,A,Flight,2,1,155,2,low,M,2,5661,1,No,40.6
8080,B,Flight,4,3,117,3,medium,F,4,4666,0,No,43.4
8081,C,Flight,3,2,262,2,low,M,5,5747,1,No,43.7
8082,F,Flight,5,4,142,3,low,F,8,5468,1,No,45.1
8083,D,Flight,4,4,115,3,medium,M,7,4609,0,No,42.9
8084,F,Flight,4,4,175,3,low,F,6,4600,1,No,42.7
8085,A,Flight,2,5,239,2,low,F,9,5363,1,No,41.7
8086,B,Flight,4,1,171,2,low,M,3,4271,0,No,43.4
8087,C,Flight,4,4,174,3,low,M,8,4348,0,No,43.6
8088,F,Flight,4,1,164,3,high,F,1,5492,0,No,44.4
8089,D,Flight,3,2,262,2,medium,M,4,5738,0,No,44.2
8090,F,Flight,3,5,262,2,medium,F,7,4422,1,No,43.2
8091,A,Flight,3,1,245,3,low,F,4,5449,0,No,43.3
8092,B,Flight,3,4,184,3,low,F,2,4875,0,No,43.9
8093,C,Flight,5,1,231,2,low,M,10,4892,1,No,43.5
8094,F,Flight,5,1,226,4,high,F,2,5600,0,No,42.2
8095,D,Flight,4,1,211,3,medium,F,2,5851,0,No,43.6
8096,F,Flight,4,2,266,5,medium,M,3,4578,0,No,41.3
8097,A,Flight,4,2,216,3,low,M,4,4309,1,No,44.0
8098,B,Flight,4,3,153,3,low,M,5,5743,1,No,44.1
8099,C,Flight,2,2,242,3,high,M,9,4717,0,No,42.5
8100,F,Flight,5,1,282,5,low,M,6,5182,1,No,41.6
8101,D,Ship,4,1,165,3,medium,F,10,4574,0,No,42.9
8102,F,Ship,3,1,146,3,medium,M,9,4944,1,No,43.1
8103,A,Ship,5,3,113,3,medium,F,5,4743,0,No,45.2
8104,B,Ship,3,2,161,3,medium,F,1,5757,0,No,47.6
8105,C,Ship,2,2,219,2,medium,M,8,4518,0,No,40.1
8106,F,Ship,4,2,237,2,low,F,1,5261,0,No,44.5
8107,D,Ship,4,3,246,3,low,M,5,4384,0,No,43.7
8108,F,Ship,3,4,229,6,medium,F,3,5471,0,No,42.1
8109,A,Ship,3,3,195,3,low,M,1,4224,0,No,46.2
8110,B,Ship,4,3,160,2,low,M,5,4522,1,No,42.2
8111,C,Ship,3,5,144,2,medium,M,6,5983,0,No,42.6
8112,F,Ship,3,3,217,4,medium,F,3,5602,0,No,41.5
8113,D,Ship,3,4,240,3,high,F,6,4412,0,No,43.9
8114,F,Ship,3,2,210,3,medium,M,8,4011,0,Yes,66.9
8115,A,Ship,4,2,249,3,low,F,9,5459,1,No,43.4
8116,B,Ship,4,1,178,3,high,M,3,5520,1,No,43.2
8117,C,Ship,6,4,224,4,low,F,6,4493,0,No,41.5
8118,F,Ship,3,1,142,3,medium,F,10,4915,1,No,43.0
8119,D,Ship,4,5,163,2,medium,F,10,5529,1,No,42.1
8120,F,Ship,4,1,261,4,medium,F,10,4632,0,No,40.7
8121,A,Ship,3,4,151,3,medium,M,5,4767,1,No,43.8
8122,B,Ship,4,2,197,2,medium,M,3,4715,1,No,42.9
8123,C,Ship,6,3,155,2,medium,F,1,4182,1,No,47.2
8124,F,Ship,3,5,152,4,medium,M,2,4809,0,No,42.0
8125,D,Ship,4,5,275,6,low,M,3,5008,0,No,41.7
8126,F,Ship,3,1,102,4,medium,F,4,5936,1,No,46.9
8127,A,Ship,4,1,285,2,low,M,4,4401,0,No,43.0
8128,B,Ship,4,5,248,2,medium,M,10,4366,1,No,42.5
8129,C,Ship,3,4,274,3,low,F,7,5036,1,No,43.5
8130,F,Ship,4,4,104,4,low,M,6,4323,1,No,41.0
8131,D,Ship,5,4,176,3,medium,M,10,5456,0,No,44.1
8132,F,Ship,5,4,237,3,medium,F,1,4369,0,No,46.7
8133,A,Ship,4,4,247,2,medium,M,9,5095,0,No,42.4
8134,B,Ship,5,5,212,5,low,F,6,4463,0,No,41.6
8135,C,Ship,4,5,226,2,low,M,1,4532,0,No,44.1
8136,F,Ship,6,2,213,2,medium,F,7,5415,0,No,45.1
8137,D,Ship,4,3,177,3,low,M,1,5282,0,No,44.5
8138,F,Ship,4,5,235,4,medium,M,6,4633,1,No,40.5
8139,A,Ship,3,4,263,3,medium,F,2,5741,1,No,45.4
8140,B,Ship,3,3,181,3,low,F,10,5337,0,No,43.2
8141,C,Ship,3,2,178,2,medium,F,2,4122,0,No,47.4
8142,F,Ship,3,5,243,3,medium,F,4,4130,1,No,44.9
8143,D,Ship,3,3,230,3,medium,F,2,4742,1,No,43.9
8144,F,Ship,4,3,106,2,medium,F,6,5867,0,No,41.3
8145,A,Ship,4,5,266,3,medium,F,2,4867,0,No,43.6
8146,B,Ship,5,2,284,4,low,M,1,4171,1,No,44.6
8147,C,Ship,2,5,233,3,low,M,9,4751,1,No,42.5
8148,F,Ship,3,3,200,3,high,F,2,4777,1,No,43.9
8149,D,Ship,3,2,176,2,medium,F,1,5292,0,No,44.7
8150,F,Ship,5,1,279,5,medium,M,4,4405,1,No,42.4
8151,A,Ship,3,3,164,3,high,M,9,5070,0,No,43.2
8152,B,Ship,4,3,163,3,low,F,10,5002,1,No,43.1
8153,C,Ship,4,5,254,3,medium,F,3,4404,0,No,43.6
8154,F,Ship,5,4,234,3,low,F,2,4269,0,No,45.6
8155,D,Ship,4,1,191,3,low,F,8,4021,1,Yes,56.9
8156,F,Ship,3,3,224,3,medium,F,5,4214,1,No,44.7
8157,A,Ship,3,1,250,2,low,F,5,4232,0,No,43.8
8158,B,Ship,4,5,101,6,medium,M,8,4146,0,No,41.0
8159,C,Ship,3,2,227,3,medium,M,6,5058,0,No,43.4
8160,F,Ship,3,1,173,2,medium,F,4,5521,0,No,42.7
8161,D,Ship,4,3,209,5,medium,M,6,4384,0,No,41.3
8162,F,Ship,3,5,241,3,low,F,4,4132,0,No,41.6
8163,A,Ship,5,5,257,3,medium,F,9,5972,0,No,43.0
8164,B,Ship,5,1,146,3,high,F,3,4345,1,No,45.7
8165,C,Ship,2,3,129,5,medium,M,3,5444,1,No,40.6
8166,F,Ship,3,4,285,3,low,M,9,4768,1,No,43.3
8167,D,Ship,3,1,133,3,low,F,5,5213,1,No,43.3
8168,F,Ship,4,2,185,3,low,M,1,4786,0,No,44.6
8169,A,Ship,5,5,193,4,medium,M,8,5714,0,No,43.5
8170,B,Ship,5,4,228,6,medium,M,5,4974,1,No,42.7
8171,C,Ship,3,3,179,2,low,M,5,5058,0,No,42.6
8172,F,Ship,4,2,224,3,low,F,9,4896,0,No,43.3
8173,D,Ship,3,2,279,6,medium,M,1,5855,0,No,42.2
8174,F,Ship,4,2,181,3,medium,M,4,5717,0,No,43.7
8175,A,Ship,5,5,198,2,medium,M,9,4526,0,No,43.5
8176,B,Ship,3,5,193,3,medium,F,4,5817,0,No,42.7
8177,C,Ship,5,4,184,3,low,F,1,4208,1,No,47.2
8178,F,Ship,5,2,139,3,low,M,9,5920,0,No,44.1
8179,D,Ship,5,3,210,3,low,M,5,4560,1,No,44.9
8180,F,Ship,4,3,225,2,low,M,2,4520,1,No,43.0
8181,A,Ship,3,1,189,2,low,F,5,4738,0,No,43.1
8182,B,Ship,4,5,164,4,low,F,4,5736,0,No,42.3
8183,C,Ship,3,5,196,3,low,M,1,5303,1,No,44.8
8184,F,Ship,5,3,246,2,medium,F,1,4533,0,No,45.9
8185,D,Ship,4,4,188,4,low,F,10,4571,1,No,40.7
8186,F,Ship,3,3,250,2,medium,F,4,4380,0,No,43.1
8187,A,Ship,4,2,156,4,medium,F,2,5795,1,No,44.1
8188,B,Ship,3,1,218,4,low,M,6,5480,1,No,41.2
8189,C,Ship,5,5,172,2,low,M,5,5791,0,No,45.2
8190,F,Ship,3,1,259,2,low,F,3,4380,0,No,43.1
8191,D,Ship,3,3,231,3,medium,F,9,4623,1,No,43.1
8192,F,Ship,5,2,224,3,high,M,4,4271,0,No,45.9
8193,A,Ship,4,5,201,3,low,M,7,4048,0,Yes,54.2
8194,B,Road,4,2,189,2,medium,M,5,4374,0,No,42.8
8195,C,Road,5,4,265,3,medium,M,10,4565,0,No,44.4
8196,F,Road,3,5,147,3,medium,M,5,5357,1,No,43.2
8197,D,Road,4,4,195,3,low,F,6,5783,0,No,44.8
8198,F,Road,4,5,216,3,medium,F,7,5891,0,No,43.1
8199,A,Road,4,2,148,2,low,M,5,4031,0,Yes,55.9
8200,B,Road,5,4,180,4,medium,F,7,4200,1,No,42.2
8201,C,Road,3,3,169,3,low,F,7,5976,0,No,42.5
8202,F,Road,3,4,200,3,low,F,7,5400,0,No,43.5
8203,D,Road,3,3,255,2,low,F,10,5632,0,No,42.3
8204,F,Road,4,3,238,2,low,F,1,4051,0,Yes,51.7
8205,A,Road,3,4,163,3,medium,M,5,5088,1,No,43.4
8206,B,Road,4,5,177,3,medium,M,7,4031,1,Yes,56.4
8207,C,Road,4,5,206,3,medium,M,5,5785,1,No,44.5
8208,F,Road,3,4,175,3,low,F,2,5272,0,No,43.7
8209,D,Road,5,5,247,2,medium,M,5,4250,0,No,44.2
8210,F,Road,4,3,152,4,medium,F,4,5809,0,No,41.7
8211,A,Road,4,4,162,3,low,F,8,5394,0,No,43.6
8212,B,Road,3,4,206,3,medium,F,5,5915,0,No,43.3
8213,C,Road,3,4,186,4,low,F,6,5540,0,No,41.2
8214,F,Road,4,5,179,3,low,F,4,4487,0,No,43.2
8215,D,Road,3,5,172,3,medium,F,7,4929,0,No,43.5
8216,F,Flight,3,3,158,2,medium,M,7,4865,0,No,42.8
8217,A,Flight,6,5,143,5,high,M,9,4060,0,No,46.0
8218,B,Flight,5,3,171,3,medium,F,7,4994,0,No,45.4
8219,C,Flight,4,2,175,3,high,M,4,4426,0,No,43.6
8220,F,Flight,4,5,173,3,medium,F,8,4040,1,Yes,56.1
8221,D,Flight,4,4,268,3,medium,M,10,4531,0,No,42.9
8222,F,Flight,4,5,232,3,low,F,8,5923,0,No,43.4
8223,A,Flight,4,2,203,4,medium,F,9,4217,0,No,39.8
8224,B,Flight,3,4,140,3,low,M,3,5300,0,No,43.4
8225,C,Flight,3,4,138,3,medium,F,10,4327,1,No,43.2
8226,F,Flight,5,1,262,3,medium,M,9,5146,0,No,44.4
8227,D,Flight,4,1,245,3,low,F,9,4024,1,Yes,55.7
8228,F,Flight,3,4,224,3,low,F,10,4806,1,No,43.1
8229,A,Flight,3,4,186,2,low,F,4,4585,0,No,42.5
8230,B,Flight,4,2,282,4,medium,M,5,5422,1,No,41.1
8231,C,Flight,5,1,266,3,low,M,8,4786,1,No,45.4
8232,F,Flight,4,2,256,4,low,F,7,5571,0,No,41.9
8233,D,Flight,3,3,155,3,medium,F,7,5464,0,No,43.5
8234,F,Flight,2,4,142,3,high,M,2,5700,0,No,41.8
8235,A,Flight,6,3,229,8,medium,M,6,4600,0,No,42.0
8236,B,Flight,4,3,211,8,medium,F,6,5583,0,No,42.9
8237,C,Flight,5,1,264,6,high,F,4,5337,0,No,42.1
8238,F,Ship,6,1,217,4,medium,M,3,5571,0,No,42.4
8239,D,Ship,5,3,145,3,low,M,3,4077,1,Yes,51.5
8240,F,Ship,3,2,185,4,low,M,6,5854,0,No,41.4
8241,A,Ship,4,4,221,10,high,M,6,5582,1,No,43.1
8242,B,Ship,4,5,208,3,low,F,8,4632,0,No,43.4
8243,C,Ship,4,5,260,2,medium,M,2,5368,0,No,43.0
8244,F,Ship,4,4,177,7,low,F,3,5646,1,No,42.8
8245,D,Ship,4,1,144,4,low,F,10,4175,0,No,39.2
8246,F,Ship,3,5,174,2,low,F,4,5692,0,No,41.6
8247,A,Ship,3,2,215,4,high,M,1,4158,0,No,42.8
8248,B,Ship,4,5,270,10,medium,M,9,5085,1,No,44.3
8249,C,Ship,3,4,209,2,high,M,10,4540,0,No,42.0
8250,F,Ship,5,1,103,5,low,F,10,5413,1,No,41.4
8251,D,Ship,5,1,184,3,low,F,10,4674,1,No,44.6
8252,F,Ship,5,3,226,2,high,F,6,5033,0,No,44.2
8253,A,Ship,5,2,158,3,low,M,4,4324,0,No,45.4
8254,B,Ship,3,2,274,2,high,M,2,5029,0,No,43.4
8255,C,Ship,3,4,245,3,medium,F,7,5429,0,No,43.5
8256,F,Ship,5,3,254,6,low,M,8,1932,0,No,46.7
8257,D,Ship,5,3,252,5,low,M,2,1312,1,No,48.2
8258,F,Ship,6,4,254,4,low,M,2,1174,0,No,48.3
8259,A,Ship,4,3,263,5,low,F,10,1762,0,No,47.6
8260,B,Ship,5,1,256,5,low,F,5,1970,0,No,45.1
8261,C,Ship,6,5,264,4,medium,F,9,1922,1,No,45.1
8262,F,Ship,4,2,237,5,low,M,6,1734,1,No,46.4
8263,D,Ship,4,1,226,5,medium,F,2,1912,0,No,48.2
8264,F,Ship,7,1,289,4,low,F,4,1543,1,No,47.0
8265,A,Ship,7,1,281,4,low,F,9,1235,0,No,45.8
8266,B,Ship,5,5,258,5,low,M,6,1068,1,No,45.5
8267,C,Ship,6,4,263,4,low,M,3,1276,0,No,47.9
8268,F,Ship,5,3,245,5,low,F,1,1605,0,No,48.2
8269,D,Ship,7,3,296,4,medium,F,7,1427,0,No,46.7
8270,F,Ship,7,4,286,4,low,M,3,1262,1,No,48.3
8271,A,Ship,6,3,252,2,low,M,6,1470,1,Yes,75.0
8272,B,Ship,6,5,301,4,low,F,4,1707,1,No,46.5
8273,C,Ship,7,4,290,4,low,F,10,1886,1,No,46.8
8274,F,Ship,7,2,247,4,medium,F,9,1096,1,No,47.2
8275,D,Ship,3,1,138,3,medium,F,2,4766,1,No,43.9
8276,F,Ship,5,4,262,3,medium,F,6,4428,0,No,46.2
8277,A,Ship,4,2,245,3,low,F,5,5226,0,No,43.2
8278,B,Ship,3,1,224,3,low,F,1,4862,1,No,44.9
8279,C,Ship,3,1,186,2,low,F,1,5054,1,No,44.9
8280,F,Ship,4,1,282,4,medium,M,10,5065,0,No,40.5
8281,D,Ship,5,4,266,3,low,M,2,5260,1,No,45.3
8282,F,Ship,4,5,256,4,low,F,8,5244,1,No,42.0
8283,A,Ship,3,1,155,3,medium,F,7,5709,0,No,43.9
8284,B,Ship,2,5,142,3,high,M,10,5174,0,No,42.6
8285,C,Ship,6,5,229,8,medium,F,2,4271,1,No,43.2
8286,F,Ship,4,3,211,8,medium,F,3,4550,0,No,42.6
8287,D,Ship,5,5,264,6,high,M,8,4644,1,No,42.8
8288,F,Ship,6,4,217,4,medium,F,4,4247,1,No,42.2
8289,A,Ship,5,4,145,3,low,M,2,4492,1,No,45.9
8290,B,Ship,3,5,185,4,low,M,9,5704,0,No,42.9
8291,C,Ship,4,5,221,10,high,M,9,4646,0,No,43.0
8292,F,Ship,4,2,208,3,low,M,8,4342,0,No,43.6
8293,D,Ship,4,4,260,2,medium,M,6,4474,0,No,42.5
8294,F,Ship,4,5,177,7,low,F,2,4299,0,No,42.1
8295,A,Ship,4,1,144,4,low,M,8,4970,0,No,42.0
8296,B,Ship,3,3,174,2,low,F,1,5556,0,No,44.1
8297,C,Ship,3,2,215,4,high,M,2,4673,1,No,41.9
8298,F,Ship,4,1,270,10,medium,F,5,5494,1,No,43.6
8299,D,Ship,3,4,209,2,high,F,5,4363,0,No,43.3
8300,F,Ship,5,1,103,5,low,M,3,4966,0,No,42.3
8301,A,Ship,5,2,184,3,low,F,4,4552,0,No,45.0
8302,B,Ship,5,3,226,2,high,F,2,4219,0,No,45.5
8303,C,Ship,5,4,158,3,low,F,10,4670,1,No,44.6
8304,F,Ship,3,1,274,2,high,M,2,4352,0,No,43.4
8305,D,Ship,3,2,245,3,medium,F,7,4121,0,Yes,50.4
8306,F,Ship,5,4,254,6,low,M,4,1850,1,No,46.7
8307,A,Ship,5,4,252,5,low,M,9,1133,1,No,45.8
8308,B,Ship,6,2,254,4,low,F,9,1626,0,No,45.6
8309,C,Ship,4,1,263,5,low,M,3,1777,0,No,48.5
8310,F,Ship,5,5,256,5,low,F,10,1333,1,No,45.8
8311,D,Ship,6,3,264,4,medium,M,5,1397,0,No,46.4
8312,F,Ship,4,1,237,5,low,F,5,1041,0,No,47.3
8313,A,Ship,4,1,226,5,medium,M,6,1723,0,No,46.4
8314,B,Ship,7,4,289,4,low,M,1,1657,0,No,49.4
8315,C,Ship,7,2,281,4,low,F,6,1118,1,No,46.0
8316,F,Ship,5,5,258,5,low,F,10,1719,1,No,45.9
8317,D,Ship,6,5,263,4,low,M,10,1669,0,No,45.9
8318,F,Ship,5,3,245,5,low,F,10,1112,0,No,46.2
8319,A,Ship,7,3,296,4,medium,F,2,1304,1,No,48.8
8320,B,Ship,7,3,286,4,low,M,2,1712,1,No,49.2
8321,C,Ship,6,5,299,4,low,F,1,1629,1,No,48.3
8322,F,Ship,6,4,253,4,medium,M,10,1248,0,No,45.9
8323,D,Ship,7,5,269,4,medium,F,9,1835,0,No,45.9
8324,F,Ship,5,1,267,5,medium,F,3,1194,1,No,47.8
8325,A,Ship,5,4,226,5,medium,F,4,1518,0,No,46.2
8326,B,Ship,6,4,278,4,low,M,3,1141,1,No,47.9
8327,C,Ship,4,4,232,5,medium,M,2,1386,0,No,48.7
8328,F,Ship,6,4,287,4,low,F,5,1972,1,No,45.2
8329,D,Ship,4,2,228,5,low,M,6,1718,0,No,46.4
8330,F,Ship,5,1,232,5,low,M,4,1776,0,No,46.3
8331,A,Road,6,5,308,4,low,M,8,1569,1,No,46.2
8332,B,Road,7,5,287,4,low,F,8,1748,0,No,47.3
8333,C,Road,6,3,246,4,medium,F,8,1741,0,No,46.3
8334,F,Road,4,1,262,6,low,M,1,1627,1,No,48.4
8335,D,Road,6,4,275,4,low,M,10,1005,0,No,42.2
8336,F,Road,5,4,236,5,medium,F,2,1664,1,No,48.3
8337,A,Road,5,2,221,6,medium,M,2,1781,1,No,48.6
8338,B,Road,5,4,271,5,low,M,4,1320,0,No,46.2
8339,C,Road,4,4,229,5,low,M,9,1361,0,No,46.4
8340,F,Road,5,1,291,4,low,F,3,1663,1,No,48.1
8341,D,Road,5,5,261,6,medium,F,1,1082,0,No,47.8
8342,F,Road,6,4,285,4,medium,F,10,1422,0,No,45.8
8343,A,Road,6,4,262,5,low,M,9,1369,0,No,45.3
8344,B,Road,4,5,219,5,low,M,2,1260,0,No,48.5
8345,C,Road,6,1,302,4,low,F,1,1622,1,No,48.3
8346,F,Road,4,4,269,5,medium,F,2,1473,0,No,48.7
8347,D,Road,5,4,260,5,low,M,10,1708,1,No,45.9
8348,F,Road,7,2,297,4,low,F,7,1383,1,No,46.7
8349,A,Road,6,1,278,4,medium,M,6,1576,0,No,45.6
8350,B,Road,5,3,265,5,low,F,3,1005,1,No,45.2
8351,C,Road,6,2,286,4,low,F,5,1248,1,No,46.4
8352,F,Road,6,2,248,4,low,F,10,1563,1,No,45.8
8353,D,Flight,6,5,302,4,low,F,7,1592,0,No,46.3
8354,F,Flight,6,1,272,4,low,F,2,1018,0,No,45.8
8355,A,Flight,6,4,279,4,low,F,10,1462,1,No,45.8
8356,B,Flight,4,2,255,5,medium,M,2,1255,0,No,48.5
8357,C,Flight,5,4,245,5,medium,F,4,1771,1,No,46.3
8358,F,Flight,4,5,247,5,medium,M,6,1737,0,No,46.4
8359,D,Flight,6,4,275,4,medium,F,5,1989,0,No,46.2
8360,F,Flight,6,3,255,4,medium,F,8,1805,0,No,46.2
8361,A,Flight,6,2,243,4,high,M,2,1665,1,No,48.5
8362,B,Flight,4,1,234,6,low,M,7,1711,0,No,47.7
8363,C,Flight,5,2,276,6,medium,F,6,1043,0,No,45.7
8364,F,Flight,5,1,228,5,low,F,7,1818,0,No,46.2
8365,D,Flight,5,5,232,6,low,M,2,1550,1,No,48.6
8366,F,Flight,5,1,248,4,low,F,6,1944,1,No,45.5
8367,A,Flight,5,4,136,4,low,M,9,5469,0,No,41.8
8368,B,Flight,4,3,240,3,low,F,8,4423,0,No,43.9
8369,C,Flight,4,4,147,3,medium,M,9,4534,1,No,43.0
8370,F,Flight,4,1,222,2,low,F,10,4714,1,No,42.4
8371,D,Flight,3,3,163,3,medium,M,5,5362,0,No,43.2
8372,F,Flight,5,4,254,3,low,F,4,5611,1,No,45.0
8373,A,Flight,4,2,246,3,medium,M,1,5113,0,No,44.7
8374,B,Flight,2,1,168,4,low,M,6,4800,0,No,39.4
8375,C,Ship,4,1,145,3,medium,M,8,4915,0,No,43.5
8376,F,Ship,5,2,224,2,medium,M,8,4047,1,Yes,55.4
8377,D,Ship,4,5,248,4,low,F,2,4427,0,No,41.6
8378,F,Ship,3,3,212,2,low,M,2,5125,0,No,43.4
8379,A,Ship,5,5,268,3,low,F,8,5480,0,No,45.1
8380,B,Ship,4,1,200,3,medium,F,5,4120,1,Yes,52.9
8381,C,Ship,5,2,246,3,low,F,9,5795,0,No,45.3
8382,F,Ship,4,3,142,3,medium,M,1,4900,0,No,44.6
8383,D,Ship,4,3,173,4,low,M,9,5672,0,No,41.7
8384,F,Ship,5,3,156,4,medium,F,8,5868,0,No,42.1
8385,A,Ship,3,1,223,2,low,M,8,5719,1,No,43.6
8386,B,Ship,4,5,231,3,low,F,4,5174,1,No,43.1
8387,C,Ship,2,4,264,3,low,F,1,5437,1,No,42.0
8388,F,Ship,4,4,175,5,low,M,10,4498,1,No,40.4
8389,D,Ship,2,4,149,5,medium,F,7,5541,0,No,41.3
8390,F,Ship,3,1,226,2,low,M,7,4703,0,No,42.8
8391,A,Ship,3,1,133,3,medium,F,5,4538,0,No,43.4
8392,B,Ship,5,2,190,2,low,M,1,5005,0,No,46.1
8393,C,Ship,3,5,238,2,high,M,5,4052,0,Yes,52.6
8394,F,Ship,6,4,152,3,low,M,10,4376,1,No,45.7
8395,D,Ship,3,4,249,3,high,F,10,5629,1,No,43.2
8396,F,Ship,4,3,181,2,low,F,4,5622,1,No,42.4
8397,A,Ship,3,3,239,2,medium,F,2,5625,0,No,43.0
8398,B,Ship,3,1,167,3,medium,M,10,4341,1,No,43.2
8399,C,Ship,3,5,246,3,medium,M,1,5650,1,No,44.4
8400,F,Ship,5,1,139,3,medium,F,1,5953,1,No,47.4
8401,D,Ship,5,1,150,4,low,F,1,5098,0,No,42.9
8402,F,Ship,3,3,151,3,medium,F,1,5297,0,No,44.9
8403,A,Ship,4,1,186,3,low,F,6,4758,0,No,43.4
8404,B,Ship,3,4,250,3,low,M,6,5565,0,No,43.2
8405,C,Ship,4,1,162,3,medium,M,6,4343,1,No,43.5
8406,F,Ship,5,3,135,3,medium,F,5,4484,0,No,45.5
8407,D,Ship,3,1,238,2,medium,M,5,4355,1,No,43.3
8408,F,Ship,6,5,167,2,low,M,10,4013,1,Yes,63.0
8409,A,Ship,4,1,269,5,medium,M,3,4534,1,No,41.1
8410,B,Ship,4,2,187,2,medium,M,7,4470,1,No,43.0
8411,C,Ship,3,3,241,2,high,M,2,4836,1,No,43.5
8412,F,Ship,3,2,168,3,medium,M,10,4979,1,No,43.1
8413,D,Ship,4,4,273,2,low,M,1,5759,1,No,47.4
8414,F,Ship,4,3,257,3,low,M,8,4447,1,No,43.9
8415,A,Ship,5,1,205,2,low,F,3,5682,1,No,43.7
8416,B,Ship,4,1,260,5,low,M,1,5559,1,No,41.9
8417,C,Ship,2,1,207,3,medium,F,10,5394,0,No,42.6
8418,F,Ship,3,1,202,2,medium,M,7,4598,0,No,42.1
8419,D,Ship,5,1,224,3,low,M,7,5870,1,No,43.8
8420,F,Ship,5,1,193,2,low,M,8,5184,0,No,43.8
8421,A,Ship,5,3,199,3,low,F,3,4885,1,No,45.3
8422,B,Ship,4,3,187,4,low,M,9,5699,1,No,42.6
8423,C,Ship,5,2,208,3,low,M,6,4744,1,No,45.5
8424,F,Ship,3,5,228,2,medium,F,3,5208,0,No,42.7
8425,D,Ship,3,3,160,4,medium,F,7,5147,0,No,42.3
8426,F,Ship,3,1,195,3,medium,F,3,5961,0,No,43.3
8427,A,Ship,3,4,240,2,medium,F,2,5661,0,No,43.0
8428,B,Ship,2,2,271,4,medium,M,9,4066,0,No,44.2
8429,C,Ship,4,1,236,3,low,F,8,4114,0,Yes,52.0
8430,F,Ship,3,2,199,4,medium,F,1,5660,0,No,42.6
8431,D,Ship,3,1,246,2,low,F,9,4947,0,No,42.2
8432,F,Ship,3,1,250,4,low,F,8,4028,1,Yes,54.1
8433,A,Ship,4,1,188,2,low,M,10,5085,1,No,42.9
8434,B,Ship,3,2,256,3,low,M,1,4932,0,No,44.9
8435,C,Ship,3,5,147,3,medium,M,8,5272,1,No,43.6
8436,F,Ship,3,3,234,3,low,F,6,5652,0,No,43.2
8437,D,Ship,3,1,247,4,low,F,8,5376,1,No,42.4
8438,F,Ship,5,1,267,4,low,M,5,5792,0,No,42.5
8439,A,Ship,6,5,246,5,high,F,3,4660,1,No,42.5
8440,B,Ship,4,1,284,4,low,F,4,4795,1,No,41.3
8441,C,Ship,3,3,142,6,medium,F,2,5748,1,No,43.9
8442,F,Ship,3,1,132,2,medium,M,2,4129,0,No,44.6
8443,D,Ship,3,5,252,2,high,M,4,4098,1,Yes,50.8
8444,F,Ship,4,1,243,3,high,F,5,5989,0,No,47.8
8445,A,Ship,6,4,281,3,low,F,7,5180,0,No,45.3
8446,B,Ship,3,5,142,2,low,M,6,5974,1,No,42.0
8447,C,Ship,3,1,209,2,low,F,2,4855,0,No,43.5
8448,F,Ship,3,3,157,4,medium,F,7,4487,1,No,42.1
8449,D,Ship,5,1,267,3,low,M,7,5789,1,No,46.5
8450,F,Ship,5,5,177,5,low,F,1,4379,1,No,43.5
8451,A,Ship,4,3,214,2,medium,F,6,4345,0,No,42.6
8452,B,Ship,4,3,247,3,low,F,4,4962,1,No,43.4
8453,C,Ship,3,1,268,4,low,M,10,5226,1,No,40.8
8454,F,Ship,5,3,242,3,medium,F,6,5013,1,No,45.2
8455,D,Ship,2,4,176,3,low,M,1,4509,0,No,41.6
8456,F,Ship,5,5,231,3,medium,F,10,5361,0,No,44.1
8457,A,Ship,3,5,124,2,medium,M,1,5709,1,No,45.7
8458,B,Ship,3,2,179,3,low,M,4,4102,1,Yes,50.9
8459,C,Ship,4,3,207,3,low,F,7,4220,1,No,44.8
8460,F,Ship,4,2,128,3,medium,M,7,5675,1,No,43.5
8461,D,Ship,3,5,167,2,medium,F,8,5083,0,No,42.7
8462,F,Ship,3,2,243,4,medium,M,5,4670,1,No,41.7
8463,A,Ship,4,5,252,4,low,F,6,4983,0,No,40.9
8464,B,Ship,4,1,202,2,medium,M,10,5428,1,No,42.3
8465,C,Ship,4,3,241,2,medium,M,3,4636,1,No,42.9
8466,F,Ship,4,5,182,2,medium,F,10,5098,1,No,42.4
8467,D,Ship,2,2,156,3,low,F,5,5628,1,No,41.7
8468,F,Road,4,4,266,3,low,F,6,5758,1,No,45.2
8469,A,Road,4,1,228,3,low,F,9,4678,0,No,43.3
8470,B,Road,4,5,210,4,low,M,3,5432,1,No,41.1
8471,C,Road,3,5,135,2,medium,M,7,5331,0,No,42.6
8472,F,Road,4,5,248,2,medium,M,4,4789,1,No,42.9
8473,D,Road,3,3,227,3,medium,M,3,5644,0,No,43.2
8474,F,Road,3,2,257,3,medium,M,2,5486,1,No,43.6
8475,A,Road,4,5,199,3,low,M,2,4462,0,No,43.6
8476,B,Road,4,3,232,2,low,M,1,5398,0,No,44.3
8477,C,Road,5,1,258,6,low,F,7,4344,0,No,42.8
8478,F,Road,5,1,268,3,medium,F,5,5663,0,No,44.9
8479,D,Road,3,4,260,5,low,M,2,4461,0,No,42.1
8480,F,Road,4,2,190,2,medium,F,1,4020,1,Yes,54.9
8481,A,Road,5,5,176,3,medium,F,8,5335,1,No,45.1
8482,B,Road,3,2,227,2,low,M,10,5401,0,No,42.3
8483,C,Road,6,4,150,5,medium,F,8,4709,0,No,42.6
8484,F,Road,3,2,160,2,high,M,4,4376,0,No,43.1
8485,D,Road,6,3,113,2,medium,F,4,5130,1,No,45.1
8486,F,Road,5,1,145,3,low,F,5,5019,0,No,45.1
8487,A,Road,4,4,206,3,low,M,2,5572,1,No,43.3
8488,B,Road,3,1,207,3,low,F,5,4643,1,No,43.8
8489,C,Road,3,3,133,2,medium,M,8,4241,0,No,43.3
8490,F,Flight,3,5,261,3,low,F,10,4224,1,No,43.0
8491,D,Flight,4,1,194,2,medium,F,1,4198,0,No,45.2
8492,F,Flight,3,1,244,3,medium,M,6,4062,1,Yes,53.9
8493,A,Flight,4,5,150,3,low,M,5,4512,0,No,42.9
8494,B,Flight,3,1,267,2,low,M,7,4486,1,No,42.8
8495,C,Flight,3,2,251,2,medium,F,4,4074,0,No,49.4
8496,F,Flight,4,2,185,3,low,M,8,4322,1,No,44.8
8497,D,Flight,2,1,112,5,low,F,1,4543,0,No,38.5
8498,F,Flight,3,2,264,4,medium,M,1,4877,0,No,42.5
8499,A,Flight,5,4,274,3,low,M,1,5017,1,No,46.4
8500,B,Flight,4,5,234,3,medium,F,10,4204,1,No,43.1
8501,C,Flight,3,1,157,2,medium,M,7,5560,0,No,42.6
8502,F,Flight,6,1,247,6,medium,F,6,4691,0,No,41.5
8503,D,Flight,5,1,179,2,high,M,8,5301,1,No,44.0
8504,F,Flight,3,1,202,2,medium,F,10,4412,1,No,42.4
8505,A,Flight,4,2,148,2,medium,M,3,4651,0,No,42.9
8506,B,Flight,5,1,183,6,medium,F,2,5082,0,No,41.9
8507,C,Flight,3,2,229,3,medium,M,9,4491,1,No,43.0
8508,F,Flight,3,4,196,4,low,M,5,4749,1,No,42.2
8509,D,Flight,3,3,264,3,low,F,6,5482,1,No,43.2
8510,F,Flight,3,2,233,4,medium,M,1,5886,0,No,43.5
8511,A,Flight,3,1,166,2,low,F,7,4375,0,No,43.2
8512,B,Ship,5,3,185,2,low,M,2,5420,0,No,44.5
8513,C,Ship,3,5,184,3,low,F,2,4357,1,No,43.9
8514,F,Ship,6,3,98,6,low,M,9,4787,1,No,41.8
8515,D,Ship,3,2,177,2,high,F,7,4764,1,No,42.8
8516,F,Ship,3,5,193,2,low,F,10,5776,0,No,43.8
8517,A,Ship,3,3,165,2,medium,M,1,4768,0,No,44.8
8518,B,Ship,4,4,183,4,low,F,6,4562,1,No,40.5
8519,C,Ship,4,4,161,3,low,M,2,5257,0,No,43.5
8520,F,Ship,2,1,238,2,low,F,4,4992,0,No,41.3
8521,D,Ship,3,5,191,4,low,M,4,4008,1,Yes,68.0
8522,F,Ship,3,2,165,3,low,M,6,5642,0,No,43.2
8523,A,Ship,3,5,233,2,medium,M,1,4913,0,No,44.7
8524,B,Ship,4,1,234,2,medium,M,4,5066,1,No,42.8
8525,C,Ship,4,1,252,3,medium,M,4,5540,0,No,43.1
8526,F,Ship,3,1,155,3,low,F,9,5539,0,No,43.1
8527,D,Ship,3,5,269,8,medium,M,8,4462,0,No,43.2
8528,F,Ship,4,5,224,2,low,M,8,5871,0,No,41.4
8529,A,Ship,5,3,230,3,medium,F,7,4844,0,No,45.7
8530,B,Ship,4,5,253,3,low,F,9,4205,0,No,43.6
8531,C,Ship,5,2,181,3,low,M,4,4323,0,No,45.4
8532,F,Ship,4,2,233,4,high,F,1,4316,0,No,42.0
8533,D,Ship,4,1,243,5,medium,F,1,4624,1,No,42.2
8534,F,Ship,5,4,271,2,medium,F,6,4801,1,No,45.0
8535,A,Ship,4,3,134,4,low,F,5,4507,1,No,40.8
8536,B,Ship,3,5,154,10,high,F,10,5282,1,No,41.0
8537,C,Ship,6,1,222,8,low,M,2,4914,0,No,43.6
8538,F,Ship,3,4,251,10,medium,F,2,4336,1,No,40.0
8539,D,Ship,4,3,239,3,low,M,10,4020,0,Yes,54.7
8540,F,Ship,5,4,211,3,low,M,9,4908,0,No,44.3
8541,A,Ship,3,4,195,10,low,M,5,5950,1,No,48.7
8542,B,Ship,4,4,224,10,medium,F,9,4149,0,No,40.9
8543,C,Ship,4,5,144,8,medium,F,2,4956,1,No,43.1
8544,F,Ship,4,2,167,4,high,M,5,5250,0,No,41.3
8545,D,Ship,3,1,188,4,medium,F,8,5884,1,No,42.3
8546,F,Ship,2,4,245,2,medium,F,3,5850,1,No,40.5
8547,A,Ship,2,5,212,2,high,F,3,4389,0,No,42.6
8548,B,Ship,3,3,240,3,low,F,5,4888,1,No,43.8
8549,C,Ship,5,2,226,5,medium,M,5,1323,0,No,46.2
8550,F,Ship,6,5,278,4,low,M,2,1167,1,No,48.3
8551,D,Ship,4,2,232,5,medium,F,4,1783,0,No,47.1
8552,F,Ship,6,3,287,4,low,M,3,1824,0,No,48.0
8553,A,Ship,4,4,228,5,low,F,1,1788,1,No,48.5
8554,B,Ship,5,4,232,5,low,M,10,1512,0,No,45.8
8555,C,Ship,6,5,308,4,low,M,8,1164,1,No,46.4
8556,F,Ship,7,4,287,4,low,M,9,1667,1,No,45.7
8557,D,Ship,6,4,246,4,medium,M,3,1852,0,No,47.9
8558,F,Ship,4,5,262,6,low,M,10,1156,0,No,48.3
8559,A,Ship,6,1,275,4,low,M,7,1767,0,No,46.4
8560,B,Ship,5,1,236,5,medium,F,3,1699,0,No,48.0
8561,C,Ship,5,4,221,6,medium,M,6,1488,1,No,45.9
8562,F,Ship,5,1,271,5,low,F,5,1869,1,No,46.1
8563,D,Ship,4,4,229,5,low,M,7,1049,1,No,47.4
8564,F,Ship,3,2,177,2,high,M,9,4648,0,No,42.3
8565,A,Ship,3,2,193,2,low,M,3,4799,1,No,43.0
8566,B,Ship,3,4,165,2,medium,M,1,5745,0,No,46.7
8567,C,Ship,4,5,183,4,low,M,3,5881,0,No,41.8
8568,F,Ship,4,2,161,3,low,F,8,4382,0,No,43.9
8569,D,Ship,2,5,238,2,low,F,6,5325,1,No,41.0
8570,F,Ship,3,5,191,4,low,M,2,5177,1,No,42.0
8571,A,Ship,3,1,165,3,low,M,10,5823,0,No,41.6
8572,B,Ship,3,5,233,2,medium,F,2,4193,0,No,44.2
8573,C,Ship,4,4,234,2,medium,F,8,5744,0,No,43.7
8574,F,Ship,4,3,252,3,medium,F,10,5802,1,No,43.8
8575,D,Ship,3,2,155,3,low,M,1,5731,1,No,46.6
8576,F,Ship,3,1,269,8,medium,F,4,4290,0,No,43.3
8577,A,Ship,4,1,224,2,low,F,6,4454,1,No,42.9
8578,B,Ship,5,4,230,3,medium,M,6,4257,0,No,46.7
8579,C,Ship,4,5,253,3,low,F,1,5402,0,No,44.4
8580,F,Ship,5,1,181,3,low,F,3,5118,0,No,45.3
8581,D,Ship,4,2,233,4,high,F,6,5256,0,No,41.0
8582,F,Ship,4,4,243,5,medium,M,10,4356,0,No,40.7
8583,A,Ship,5,5,271,2,medium,M,6,4788,1,No,44.5
8584,B,Ship,4,3,134,4,low,M,8,4879,1,No,41.9
8585,C,Ship,3,2,154,10,high,F,8,5811,1,No,44.0
8586,F,Ship,6,4,222,8,low,F,1,5808,1,No,47.0
8587,D,Ship,3,5,251,10,medium,M,9,5962,0,No,44.3
8588,F,Ship,4,5,239,3,low,M,6,5154,1,No,43.4
8589,A,Ship,5,1,211,3,low,M,7,5594,1,No,45.4
8590,B,Ship,3,2,195,10,low,F,9,4256,0,No,39.9
8591,C,Ship,4,5,224,10,medium,F,7,4521,1,No,43.2
8592,F,Ship,4,4,144,8,medium,M,6,4390,1,No,42.9
8593,D,Ship,4,1,167,4,high,M,7,5264,0,No,41.9
8594,F,Ship,3,3,188,4,medium,M,1,4296,1,No,41.6
8595,A,Ship,2,4,245,2,medium,F,10,5389,0,No,41.9
8596,B,Ship,2,1,212,2,high,F,8,4128,0,No,45.3
8597,C,Ship,3,5,240,3,low,F,6,5642,0,No,43.2
8598,F,Ship,5,1,226,5,medium,M,3,1409,0,No,47.8
8599,D,Ship,6,3,278,4,low,F,9,1368,0,No,45.4
8600,F,Ship,4,1,232,5,medium,M,8,1943,0,No,47.0
8601,A,Ship,6,5,287,4,low,M,8,1465,0,No,46.2
8602,B,Ship,4,5,228,5,low,M,5,1373,1,No,47.0
8603,C,Ship,5,5,232,5,low,M,1,1127,0,No,48.1
8604,F,Ship,6,5,308,4,low,M,4,1202,0,No,46.4
8605,D,Road,7,1,287,4,low,M,1,1660,0,No,49.4
8606,F,Road,6,5,246,4,medium,M,2,1581,0,No,48.4
8607,A,Road,4,1,262,6,low,F,3,1830,1,No,48.9
8608,B,Road,6,5,275,4,low,F,6,1872,0,No,45.3
8609,C,Road,5,3,236,5,medium,M,10,1630,0,No,45.9
8610,F,Road,5,2,221,6,medium,M,4,1952,1,No,47.0
8611,D,Road,5,4,228,5,low,F,9,1549,1,No,45.4
8612,F,Road,4,5,234,5,low,F,1,1991,1,Yes,54.0
8613,A,Road,5,1,242,5,low,M,9,1767,0,No,45.5
8614,B,Road,7,1,307,4,low,F,8,1339,0,No,46.9
8615,C,Road,6,3,260,4,low,M,4,1358,0,No,46.4
8616,F,Road,4,5,239,5,low,M,7,1380,0,No,47.0
8617,D,Road,6,4,305,4,low,F,1,1384,0,No,48.3
8618,F,Road,5,2,254,6,low,F,5,1951,0,No,47.2
8619,A,Road,2,1,258,5,low,F,9,1548,1,Yes,53.6
8620,B,Road,5,3,267,6,low,M,10,1027,0,No,45.8
8621,C,Road,4,2,246,5,low,F,10,1720,0,No,47.7
8622,F,Road,4,2,246,5,low,M,9,1206,1,No,46.8
8623,D,Road,4,2,261,5,medium,M,5,1073,1,No,47.0
8624,F,Road,5,1,239,5,low,F,6,1815,0,No,45.5
8625,A,Road,5,3,245,5,low,M,8,1471,0,No,46.1
8626,B,Road,5,3,237,5,medium,F,2,1869,1,No,48.1
8627,C,Flight,7,3,307,4,low,M,1,1793,1,No,49.3
8628,F,Flight,5,2,252,5,low,F,10,1568,0,No,45.8
8629,D,Flight,5,5,225,5,low,M,7,1168,0,No,46.4
8630,F,Flight,6,4,258,4,low,F,7,1726,1,No,46.5
8631,A,Flight,7,1,254,4,medium,M,6,1279,1,No,46.0
8632,B,Flight,5,3,232,5,low,F,1,1835,1,No,48.1
8633,C,Flight,7,1,255,4,medium,F,3,1450,0,No,48.3
8634,F,Flight,5,1,235,5,low,F,10,1920,0,No,45.5
8635,D,Flight,7,5,269,4,medium,M,2,1592,0,No,49.1
8636,F,Flight,6,2,243,4,low,M,4,1768,0,No,46.4
8637,A,Flight,7,2,253,4,low,M,1,1294,1,No,49.0
8638,B,Flight,5,1,266,5,medium,F,2,1798,0,No,48.2
8639,C,Flight,5,3,154,4,low,F,3,1066,1,No,47.8
8640,F,Flight,4,3,245,5,low,M,4,1470,0,No,47.0
8641,D,Flight,4,5,275,5,medium,F,8,1093,1,No,47.1
8642,F,Flight,6,1,261,4,medium,M,10,1290,1,No,45.9
8643,A,Flight,4,5,273,5,low,M,2,1441,0,No,48.7
8644,B,Flight,6,4,303,5,low,M,5,1195,1,No,46.4
8645,C,Flight,5,1,255,5,low,M,3,1574,1,No,47.8
8646,F,Flight,4,4,225,5,low,F,1,1476,1,No,48.5
8647,D,Flight,4,5,233,6,low,M,8,1176,0,No,47.7
8648,F,Flight,6,1,285,4,low,F,3,1448,1,No,48.0
8649,A,Ship,5,5,272,4,medium,M,10,1383,1,No,45.9
8650,B,Ship,7,5,273,4,medium,M,9,1329,1,No,45.5
8651,C,Ship,4,3,253,6,low,F,4,1788,1,No,47.7
8652,F,Ship,6,2,279,4,medium,F,4,1148,0,No,46.4
8653,D,Ship,4,2,235,5,low,M,8,1021,0,No,43.7
8654,F,Ship,4,1,255,5,low,F,9,1793,1,No,46.8
8655,A,Ship,7,5,301,4,low,F,7,1727,0,No,47.1
8656,B,Ship,7,1,245,4,medium,M,4,1653,1,No,47.1
8657,C,Ship,7,5,265,4,low,F,1,1601,0,No,49.4
8658,F,Ship,4,4,252,5,medium,M,2,1995,1,Yes,57.1
8659,D,Ship,6,1,281,4,medium,M,2,1592,0,No,48.4
8660,F,Ship,6,2,269,4,medium,F,10,1166,0,No,46.2
8661,A,Ship,4,2,271,5,medium,M,4,1633,1,No,47.1
8662,B,Ship,5,2,239,5,medium,F,6,1365,1,No,45.4
8663,C,Ship,7,5,293,4,low,F,2,1080,1,No,49.1
8664,F,Ship,4,1,165,5,medium,F,1,4170,1,No,44.1
8665,D,Ship,3,3,202,4,low,F,9,4917,0,No,41.3
8666,F,Ship,4,4,201,3,low,F,2,5385,0,No,43.3
8667,A,Ship,5,5,161,3,low,F,5,4702,0,No,45.2
8668,B,Ship,5,5,193,3,low,F,3,5037,0,No,45.3
8669,C,Ship,3,1,152,3,low,M,1,4949,1,No,44.9
8670,F,Ship,4,4,189,2,medium,M,3,5837,1,No,43.2
8671,D,Ship,3,1,159,3,low,M,10,4784,1,No,43.1
8672,F,Ship,5,1,259,3,low,M,1,5725,0,No,47.5
8673,A,Ship,3,2,224,3,medium,M,8,5869,0,No,42.1
8674,B,Ship,4,4,172,2,medium,F,3,5538,1,No,42.7
8675,C,Ship,4,5,148,3,medium,F,5,5216,0,No,43.2
8676,F,Ship,4,3,274,3,medium,F,8,4276,0,No,44.4
8677,D,Ship,3,1,207,4,low,F,9,5889,0,No,41.1
8678,F,Ship,4,5,159,5,medium,F,2,5654,1,No,42.4
8679,A,Ship,3,1,198,3,low,M,3,4965,1,No,43.6
8680,B,Ship,4,5,196,2,medium,F,3,5505,0,No,42.7
8681,C,Ship,5,1,137,2,low,M,9,4580,1,No,43.5
8682,F,Ship,3,3,192,3,medium,M,4,5479,0,No,43.3
8683,D,Ship,3,4,214,3,low,F,1,5722,0,No,46.2
8684,F,Ship,6,3,267,4,medium,M,2,5917,1,No,47.4
8685,A,Ship,3,5,205,3,medium,F,9,4565,1,No,43.0
8686,B,Ship,2,4,102,4,medium,F,6,5421,0,No,39.7
8687,C,Ship,3,2,150,2,medium,M,5,5264,0,No,42.6
8688,F,Ship,5,1,176,3,low,M,3,5919,0,No,45.5
8689,D,Ship,3,3,169,3,high,M,1,4647,0,No,44.9
8690,F,Ship,4,4,151,3,medium,F,5,4732,0,No,43.3
8691,A,Ship,3,5,243,3,low,M,1,4623,0,No,44.9
8692,B,Ship,4,2,150,2,low,F,2,5301,0,No,43.0
8693,C,Ship,4,3,229,2,low,M,6,4226,1,No,43.5
8694,F,Ship,6,2,164,4,low,M,6,5264,0,No,42.0
8695,D,Ship,3,5,220,3,low,F,9,5672,1,No,43.4
8696,F,Ship,3,1,187,3,medium,M,7,4607,0,No,42.9
8697,A,Ship,5,4,255,3,low,F,1,5775,1,No,49.1
8698,B,Ship,5,4,252,3,medium,M,2,4162,0,No,45.8
8699,C,Ship,5,5,242,4,medium,F,2,5359,0,No,42.2
8700,F,Ship,3,1,162,3,low,M,7,5073,0,No,43.5
8701,D,Ship,3,2,219,3,medium,M,1,4918,1,No,44.9
8702,F,Ship,4,2,248,3,low,M,2,5028,1,No,43.6
8703,A,Ship,4,3,228,3,medium,F,1,5408,1,No,44.4
8704,B,Ship,4,4,149,2,medium,F,2,5881,0,No,44.0
8705,C,Ship,3,5,206,3,medium,F,9,5751,0,No,44.4
8706,F,Ship,3,1,204,3,medium,M,4,4619,1,No,43.2
8707,D,Ship,5,3,222,4,medium,M,2,4060,0,No,48.8
8708,F,Ship,3,5,248,2,medium,M,1,4108,1,Yes,52.4
8709,A,Ship,3,3,225,3,medium,F,7,4961,1,No,43.5
8710,B,Ship,3,2,244,2,high,F,9,4142,0,No,41.0
8711,C,Ship,2,3,184,4,medium,M,3,4719,0,No,39.8
8712,F,Ship,4,5,223,3,low,M,9,5649,1,No,43.4
8713,D,Ship,4,2,133,6,medium,F,9,4879,0,No,41.9
8714,F,Ship,4,3,164,4,medium,M,1,4257,0,No,42.1
8715,A,Ship,3,5,222,4,medium,F,9,4247,0,No,40.0
8716,B,Ship,2,1,198,2,low,M,8,4323,0,No,42.8
8717,C,Ship,5,5,198,3,low,F,5,4754,1,No,45.2
8718,F,Ship,5,1,193,6,medium,F,4,5964,0,No,45.6
8719,D,Ship,5,1,149,3,low,F,9,5173,1,No,44.2
8720,F,Ship,4,4,265,4,medium,F,6,4607,1,No,40.1
8721,A,Ship,3,3,187,2,low,F,7,4859,0,No,42.8
8722,B,Ship,4,5,198,2,medium,F,9,4108,0,Yes,50.4
8723,C,Ship,3,4,177,3,medium,F,1,4965,0,No,44.9
8724,F,Ship,5,3,255,4,low,F,5,5870,0,No,41.1
8725,D,Ship,3,2,141,2,medium,F,7,5231,0,No,42.6
8726,F,Ship,3,2,180,2,medium,F,4,4758,1,No,42.9
8727,A,Ship,3,4,254,3,high,M,4,5830,1,No,42.7
8728,B,Ship,2,3,211,2,medium,M,2,4611,0,No,39.9
8729,C,Ship,3,4,238,2,medium,M,7,5974,0,No,41.8
8730,F,Ship,4,4,239,3,medium,M,6,5632,0,No,43.2
8731,D,Ship,4,3,175,2,medium,M,3,4961,1,No,42.9
8732,F,Ship,5,2,238,2,low,M,5,5703,0,No,44.4
8733,A,Ship,6,4,268,4,medium,M,5,4126,1,No,45.9
8734,B,Ship,4,5,142,2,medium,M,10,5428,1,No,42.3
8735,C,Ship,3,2,186,2,medium,M,3,5712,0,No,43.6
8736,F,Ship,4,3,154,3,medium,F,4,4867,1,No,43.4
8737,D,Ship,4,4,229,2,low,F,9,5672,1,No,42.4
8738,F,Ship,3,4,264,3,low,M,8,4575,1,No,43.1
8739,A,Ship,4,3,196,3,medium,F,8,5541,0,No,43.6
8740,B,Ship,5,2,169,2,medium,M,4,6000,1,Yes,51.2
8741,C,Ship,3,5,168,3,low,M,8,5877,0,No,42.4
8742,F,Road,3,4,226,2,high,F,8,5793,0,No,43.8
8743,D,Road,5,4,189,2,low,F,4,5575,1,No,44.1
8744,F,Road,4,4,183,2,low,F,7,4572,1,No,42.4
8745,A,Road,3,1,228,2,low,F,7,4977,0,No,42.7
8746,B,Road,3,2,260,2,low,M,7,5553,1,No,42.6
8747,C,Road,4,2,112,2,medium,F,8,4599,0,No,42.1
8748,F,Road,5,5,221,3,medium,M,9,5295,0,No,44.5
8749,D,Road,4,5,258,3,low,M,8,4046,1,Yes,54.7
8750,F,Road,4,2,133,3,medium,F,5,5950,0,No,43.0
8751,A,Road,3,1,139,3,low,F,4,4666,0,No,43.6
8752,B,Road,5,1,251,4,medium,M,10,5931,0,No,40.3
8753,C,Road,5,1,258,3,high,M,3,4908,0,No,45.3
8754,F,Road,4,2,229,2,medium,F,7,4855,1,No,42.8
8755,D,Road,6,4,220,4,low,M,5,5465,1,No,42.2
8756,F,Road,5,3,160,3,low,F,10,4416,1,No,45.6
8757,A,Road,3,1,154,3,medium,M,4,4631,0,No,43.4
8758,B,Road,5,3,197,5,low,F,1,5581,0,No,42.7
8759,C,Road,4,4,141,3,low,M,10,4289,0,No,44.0
8760,F,Road,3,2,199,2,medium,F,7,5531,1,No,42.6
8761,D,Road,4,3,187,6,low,F,9,5872,0,No,41.4
8762,F,Road,3,4,136,3,medium,M,6,4631,0,No,43.3
8763,A,Road,3,4,232,5,medium,M,9,5759,0,No,43.8
8764,B,Flight,3,2,257,2,low,F,9,5085,1,No,42.9
8765,C,Flight,4,1,156,2,medium,M,4,5225,0,No,42.8
8766,F,Flight,3,5,179,3,low,M,2,4913,0,No,43.8
8767,D,Flight,5,5,182,3,low,F,9,5388,0,No,44.5
8768,F,Flight,4,4,209,6,low,F,7,4852,0,No,42.4
8769,A,Flight,5,5,137,3,medium,F,5,4814,0,No,45.1
8770,B,Flight,5,2,174,5,medium,M,8,4656,0,No,42.6
8771,C,Flight,3,4,251,3,medium,M,5,5608,1,No,43.2
8772,F,Flight,5,4,220,2,medium,M,8,5073,0,No,44.0
8773,D,Flight,3,3,196,4,low,F,9,5631,1,No,41.8
8774,F,Flight,3,1,162,3,medium,F,10,5726,0,No,43.8
8775,A,Flight,4,2,242,2,medium,F,8,5243,1,No,42.7
8776,B,Flight,4,3,226,3,medium,M,10,5305,0,No,43.2
8777,C,Flight,3,1,101,3,medium,M,7,4275,1,No,44.8
8778,F,Flight,5,2,226,3,medium,F,1,5451,0,No,46.1
8779,D,Flight,5,3,280,6,high,M,5,4585,0,No,42.1
8780,F,Flight,4,2,257,2,high,M,3,4108,1,Yes,50.7
8781,A,Flight,5,5,185,5,low,M,5,4078,0,No,49.1
8782,B,Flight,3,2,199,3,low,F,8,5431,0,No,43.6
8783,C,Flight,3,2,273,3,high,M,8,5754,1,No,45.2
8784,F,Flight,4,5,229,4,medium,F,6,4157,0,No,40.0
8785,D,Flight,3,3,199,3,medium,F,1,4006,1,Yes,63.0
8786,F,Ship,3,1,151,3,low,F,7,4072,0,Yes,50.9
8787,A,Ship,5,1,213,2,high,F,10,5607,1,No,43.2
8788,B,Ship,3,4,151,3,medium,F,3,4938,0,No,43.6
8789,C,Ship,4,2,212,3,low,M,5,5413,0,No,43.0
8790,F,Ship,4,3,175,3,low,F,9,4840,1,No,43.3
8791,D,Ship,3,3,182,4,low,F,2,4746,1,No,42.2
8792,F,Ship,5,2,211,2,medium,F,2,5077,0,No,44.7
8793,A,Ship,3,1,160,3,medium,F,5,5524,0,No,43.2
8794,B,Ship,3,5,268,2,medium,F,10,5895,0,No,41.8
8795,C,Ship,3,5,188,4,medium,M,3,4033,0,Yes,53.2
8796,F,Ship,3,2,234,3,medium,M,5,4757,1,No,43.8
8797,D,Ship,5,1,151,4,low,M,5,4549,0,No,41.5
8798,F,Ship,3,3,150,2,medium,M,9,4100,0,Yes,50.2
8799,A,Ship,3,5,268,3,low,F,6,4172,1,No,44.3
8800,B,Ship,2,4,248,3,low,F,7,4142,0,No,43.6
8801,C,Ship,3,3,232,2,medium,F,8,5544,1,No,42.7
8802,F,Ship,5,2,164,3,medium,F,6,4302,0,No,46.8
8803,D,Ship,3,3,211,3,medium,M,3,5379,1,No,43.3
8804,F,Ship,3,5,195,2,medium,F,9,5832,0,No,41.5
8805,A,Ship,4,5,208,2,low,F,4,5831,0,No,42.2
8806,B,Ship,3,1,176,2,medium,F,4,5726,0,No,44.2
8807,C,Ship,5,2,258,3,medium,F,8,4921,0,No,45.0
8808,F,Ship,4,4,224,3,medium,F,1,4231,0,No,45.4
8809,D,Ship,4,4,263,3,medium,M,1,5283,1,No,44.5
8810,F,Ship,3,1,203,10,medium,F,7,5917,1,No,47.5
8811,A,Ship,4,4,266,7,medium,F,10,5901,0,No,39.9
8812,B,Ship,6,1,189,3,medium,F,9,5316,0,No,44.5
8813,C,Ship,3,1,242,8,medium,F,8,5401,0,No,44.2
8814,F,Ship,4,2,265,4,medium,F,3,4120,1,No,48.4
8815,D,Ship,3,2,138,10,low,M,1,5721,1,No,41.4
8816,F,Ship,4,4,268,3,low,F,9,4118,1,Yes,53.0
8817,A,Ship,4,3,211,7,high,M,9,5652,1,No,43.6
8818,B,Ship,6,3,137,8,low,F,6,5992,1,Yes,56.0
8819,C,Ship,4,5,234,5,low,F,2,1087,1,No,48.5
8820,F,Ship,5,4,242,5,low,M,1,1571,1,No,48.1
8821,D,Ship,7,2,307,4,low,M,8,1551,0,No,47.2
8822,F,Ship,6,1,260,4,low,F,6,1766,0,No,45.7
8823,A,Ship,4,4,239,5,low,F,6,1239,0,No,46.2
8824,B,Ship,6,2,305,4,low,F,9,1567,0,No,45.4
8825,C,Ship,5,2,254,6,low,M,5,1885,0,No,46.5
8826,F,Ship,2,1,258,5,low,M,10,1221,1,Yes,54.9
8827,D,Ship,5,3,267,6,low,F,8,1421,1,No,46.6
8828,F,Ship,4,3,246,5,low,M,7,1134,0,No,47.2
8829,A,Ship,4,3,246,5,low,F,1,1673,1,No,48.6
8830,B,Ship,4,4,261,5,medium,F,2,1690,1,No,48.8
8831,C,Ship,5,5,239,5,low,M,6,1887,1,No,45.2
8832,F,Ship,5,5,245,5,low,M,5,1381,1,No,46.2
8833,D,Ship,5,1,237,5,medium,F,8,1150,1,No,46.3
8834,F,Ship,7,3,307,4,low,F,1,1589,1,No,49.3
8835,A,Ship,5,4,252,5,low,M,2,1847,1,No,48.2
8836,B,Ship,5,2,225,5,low,M,5,1015,0,No,43.4
8837,C,Ship,6,4,258,4,low,M,9,1104,0,No,46.3
8838,F,Ship,7,5,254,4,medium,F,6,1491,1,No,46.2
8839,D,Ship,5,1,232,5,low,M,6,1427,0,No,45.4
8840,F,Ship,7,1,255,4,medium,F,8,1088,1,No,47.5
8841,A,Ship,5,3,235,5,low,M,4,1990,0,No,47.3
8842,B,Ship,7,1,269,4,medium,M,4,1118,1,No,46.8
8843,C,Ship,3,1,211,3,medium,M,1,4889,1,No,44.9
8844,F,Ship,3,4,195,2,medium,F,10,4031,0,Yes,53.9
8845,D,Ship,4,5,208,2,low,M,1,4039,0,Yes,54.0
8846,F,Ship,3,5,176,2,medium,F,8,5597,1,No,42.7
8847,A,Ship,5,1,258,3,medium,F,8,5694,0,No,45.3
8848,B,Ship,4,3,224,3,medium,F,6,5054,1,No,43.4
8849,C,Ship,4,3,263,3,medium,M,3,4677,0,No,43.5
8850,F,Ship,3,5,203,10,medium,F,1,4996,0,No,39.3
8851,D,Ship,4,4,266,7,medium,M,3,5672,1,No,42.9
8852,F,Ship,6,3,189,3,medium,F,3,5062,0,No,45.5
8853,A,Ship,3,1,242,8,medium,M,4,4943,0,No,43.9
8854,B,Ship,4,2,265,4,medium,F,10,4575,1,No,40.7
8855,C,Ship,3,1,138,10,low,F,4,4496,1,No,42.7
8856,F,Ship,4,3,268,3,low,F,10,5998,0,No,42.8
8857,D,Ship,4,1,211,7,high,M,4,4476,1,No,42.6
8858,F,Ship,6,4,137,8,low,F,9,4374,1,No,43.0
8859,A,Ship,4,5,234,5,low,F,3,1469,1,No,48.4
8860,B,Ship,5,1,242,5,low,F,8,1815,0,No,46.1
8861,C,Ship,7,1,307,4,low,M,4,1371,1,No,46.7
8862,F,Ship,6,3,260,4,low,F,1,1775,0,No,48.3
8863,D,Ship,4,5,239,5,low,M,6,1336,0,No,46.2
8864,F,Ship,6,2,305,4,low,M,2,1196,0,No,48.3
8865,A,Ship,5,1,254,6,low,M,1,1021,0,No,45.4
8866,B,Ship,2,3,258,5,low,F,6,1727,0,Yes,53.4
8867,C,Ship,5,1,267,6,low,M,3,1803,0,No,48.3
8868,F,Ship,4,5,246,5,low,F,2,1024,1,No,47.3
8869,D,Ship,4,3,246,5,low,M,5,1395,0,No,47.0
8870,F,Ship,4,4,261,5,medium,F,2,1829,0,No,48.4
8871,A,Ship,5,3,239,5,low,M,10,1784,0,No,45.9
8872,B,Ship,5,5,245,5,low,M,10,1289,1,No,45.9
8873,C,Ship,5,3,237,5,medium,F,4,1567,0,No,46.2
8874,F,Ship,7,1,307,4,low,M,2,1983,0,No,48.5
8875,D,Ship,5,1,252,5,low,M,4,1308,0,No,46.3
8876,F,Ship,5,4,225,5,low,F,6,2000,0,Yes,57.4
8877,A,Ship,6,3,281,4,medium,F,8,1884,0,No,45.9
8878,B,Ship,6,5,269,4,medium,F,7,1249,1,No,46.4
8879,C,Road,4,1,271,5,medium,F,3,1328,0,No,48.3
8880,F,Road,5,2,239,5,medium,F,6,1310,1,No,45.5
8881,D,Road,7,5,308,4,medium,M,1,1477,1,No,49.0
8882,F,Road,6,1,256,4,low,F,7,1372,1,No,46.3
8883,A,Road,4,5,251,5,medium,F,7,1070,1,No,47.2
8884,B,Road,5,3,270,5,medium,M,9,1764,1,No,45.5
8885,C,Road,6,4,289,4,low,F,1,1656,0,No,48.3
8886,F,Road,6,4,253,4,medium,F,6,1961,0,No,44.9
8887,D,Road,7,3,305,4,medium,F,5,1198,0,No,46.8
8888,F,Road,3,4,219,6,low,F,2,1837,0,Yes,56.1
8889,A,Road,4,1,231,5,medium,F,10,1144,0,No,47.6
8890,B,Road,6,4,298,4,medium,F,8,1437,1,No,46.2
8891,C,Road,6,5,282,4,low,M,4,1035,0,No,46.5
8892,F,Road,5,3,240,5,low,M,4,1389,0,No,46.2
8893,D,Road,5,2,223,5,medium,F,6,1883,0,No,45.2
8894,F,Road,4,1,226,5,low,M,9,1530,0,No,46.4
8895,A,Road,5,5,253,5,low,F,4,1482,0,No,46.2
8896,B,Road,6,4,249,4,low,M,2,1516,0,No,48.4
8897,C,Road,6,4,294,4,medium,M,5,1174,0,No,46.4
8898,F,Road,5,1,225,5,low,M,2,1812,0,No,48.2
8899,D,Road,6,5,253,4,low,M,2,1893,1,No,48.1
8900,F,Road,5,1,236,5,medium,M,10,1961,0,No,45.2
8901,A,Flight,7,2,284,4,low,F,1,1085,1,No,49.3
8902,B,Flight,5,2,244,5,low,M,1,1875,1,No,47.8
8903,C,Flight,6,3,269,4,low,F,4,1948,1,No,46.3
8904,F,Flight,6,5,308,4,low,F,7,1078,0,No,46.5
8905,D,Flight,6,4,270,4,low,F,10,1698,0,No,45.9
8906,F,Flight,5,3,238,5,low,M,1,1871,1,No,48.0
8907,A,Flight,4,5,295,3,low,F,2,1693,0,Yes,82.2
8908,B,Flight,2,2,310,3,low,M,1,1549,1,Yes,83.5
8909,C,Flight,6,2,290,4,medium,M,1,1111,0,No,48.2
8910,F,Flight,7,2,288,4,high,M,4,1321,0,No,46.7
8911,D,Flight,6,5,299,4,low,M,2,1192,0,No,48.3
8912,F,Flight,6,5,243,4,low,F,6,1898,1,No,45.3
8913,A,Flight,5,3,229,5,low,F,1,1196,0,No,48.1
8914,B,Flight,6,2,288,4,medium,M,9,1405,1,No,45.4
8915,C,Flight,6,3,276,4,low,M,6,1670,1,No,45.7
8916,F,Flight,7,4,270,4,medium,F,5,1735,0,No,47.1
8917,D,Flight,4,3,246,5,medium,M,10,1646,1,No,47.7
8918,F,Flight,5,5,269,5,low,M,5,1742,0,No,46.4
8919,A,Flight,5,3,241,5,low,F,2,1834,1,No,48.2
8920,B,Flight,4,4,248,5,medium,M,2,1651,0,No,48.8
8921,C,Flight,6,2,271,4,medium,M,3,1636,0,No,48.1
8922,F,Flight,4,5,250,5,medium,M,6,1662,0,No,46.4
8923,D,Ship,5,5,229,5,medium,M,2,1975,1,No,47.1
8924,F,Ship,7,3,296,4,low,M,4,1392,0,No,46.7
8925,A,Ship,6,1,307,4,low,F,3,1977,0,No,46.8
8926,B,Ship,7,1,258,4,low,F,3,1482,0,No,48.3
8927,C,Ship,6,2,255,4,medium,F,3,1355,0,No,48.0
8928,F,Ship,5,3,163,3,medium,M,1,1836,0,Yes,80.5
8929,D,Ship,5,5,265,6,low,M,4,1937,1,No,46.8
8930,F,Ship,4,3,269,5,low,M,2,1273,1,No,48.5
8931,A,Ship,6,3,273,5,low,M,8,1746,1,No,46.3
8932,B,Ship,5,5,257,5,low,M,5,1657,0,No,46.4
8933,C,Ship,6,3,258,4,medium,M,9,1924,0,No,45.1
8934,F,Ship,5,3,140,5,medium,F,6,1823,0,No,45.5
8935,D,Ship,5,2,268,5,medium,F,2,1061,1,No,48.2
8936,F,Ship,6,4,279,4,low,F,5,1241,0,No,46.4
8937,A,Ship,4,3,225,5,medium,M,3,1224,0,No,48.3
8938,B,Ship,6,4,296,4,medium,M,5,1782,1,No,46.4
8939,C,Ship,5,3,162,4,low,F,6,1968,0,No,44.3
8940,F,Ship,4,3,208,3,medium,F,7,4525,1,No,43.3
8941,D,Ship,4,2,185,2,medium,F,3,5356,0,No,42.7
8942,F,Ship,4,4,270,2,medium,F,6,5221,0,No,42.6
8943,A,Ship,3,1,266,3,low,F,8,4574,0,No,43.1
8944,B,Ship,4,5,148,2,low,M,2,4883,1,No,43.3
8945,C,Ship,4,5,201,3,low,F,1,5898,1,No,45.7
8946,F,Ship,4,1,171,2,medium,F,1,5717,0,No,45.5
8947,D,Ship,4,3,236,3,low,M,1,4752,0,No,44.6
8948,F,Ship,4,4,220,3,low,F,4,5622,0,No,43.0
8949,A,Ship,4,2,161,4,low,F,9,4713,1,No,41.2
8950,B,Ship,5,1,241,3,low,M,7,5342,0,No,45.4
8951,C,Ship,5,4,208,2,low,M,9,4569,0,No,43.5
8952,F,Ship,6,5,150,3,medium,M,3,5747,0,No,45.7
8953,D,Ship,4,3,233,2,medium,F,3,4748,0,No,42.9
8954,F,Ship,2,2,98,5,medium,M,10,4368,0,No,39.9
8955,A,Ship,3,2,271,5,low,M,5,4880,0,No,42.1
8956,B,Ship,2,2,247,3,low,F,4,4686,1,No,41.7
8957,C,Ship,3,5,218,4,low,M,4,5330,0,No,41.5
8958,F,Ship,5,3,182,4,medium,M,5,4770,1,No,42.2
8959,D,Ship,4,2,261,2,medium,F,4,5926,1,No,43.1
8960,F,Ship,5,1,167,3,low,M,9,4660,0,No,44.9
8961,A,Ship,3,3,206,3,low,F,3,5746,1,No,45.0
8962,B,Ship,6,4,257,6,low,F,7,4265,0,No,42.9
8963,C,Ship,4,3,185,5,low,F,9,5648,0,No,42.0
8964,F,Ship,5,2,183,5,high,F,8,4820,0,No,42.7
8965,D,Ship,5,1,185,3,medium,F,7,4855,1,No,45.7
8966,F,Ship,3,5,178,3,low,F,7,4135,0,No,42.1
8967,A,Ship,4,4,258,3,high,M,10,4958,1,No,43.1
8968,B,Ship,4,1,238,4,medium,F,10,4860,0,No,40.6
8969,C,Ship,3,2,209,2,low,M,9,5203,0,No,42.1
8970,F,Ship,2,3,260,2,low,F,1,4547,0,No,41.0
8971,D,Ship,4,5,247,2,medium,F,9,4656,0,No,42.4
8972,F,Ship,3,3,261,3,low,M,2,5629,1,No,43.4
8973,A,Ship,4,5,243,4,low,F,1,5328,0,No,41.9
8974,B,Ship,5,1,160,4,medium,M,5,5841,0,No,41.2
8975,C,Ship,5,2,203,2,medium,F,2,4712,1,No,44.9
8976,F,Ship,3,5,220,4,low,F,5,5677,0,No,40.9
8977,D,Ship,3,2,233,3,medium,M,7,5838,0,No,42.6
8978,F,Ship,4,4,101,5,low,F,8,4192,0,No,40.5
8979,A,Ship,5,4,191,4,low,M,8,4566,1,No,42.1
8980,B,Ship,3,3,265,3,low,F,10,4093,1,Yes,50.9
8981,C,Ship,4,3,249,3,low,M,4,4811,0,No,43.4
8982,F,Ship,4,4,184,3,low,F,10,5705,1,No,43.4
8983,D,Ship,5,5,182,3,medium,F,10,5060,0,No,44.1
8984,F,Ship,5,5,198,2,high,M,3,5249,0,No,44.4
8985,A,Ship,3,1,110,4,medium,F,6,5474,1,No,41.2
8986,B,Ship,4,3,268,2,low,F,4,5280,1,No,42.8
8987,C,Ship,4,3,146,3,medium,F,10,5372,0,No,43.2
8988,F,Ship,5,2,235,2,low,F,10,4938,0,No,43.2
8989,D,Ship,5,2,270,3,low,M,3,5266,1,No,45.2
8990,F,Ship,4,4,174,2,low,F,1,4541,1,No,44.1
8991,A,Ship,4,2,239,4,low,F,10,5528,1,No,40.5
8992,B,Ship,3,4,236,4,high,F,9,4744,0,No,41.7
8993,C,Ship,4,5,162,2,medium,F,9,5345,1,No,42.4
8994,F,Ship,3,4,260,3,low,F,8,5215,0,No,43.6
8995,D,Ship,3,1,217,3,low,F,1,4177,1,No,46.5
8996,F,Ship,5,3,232,3,medium,M,3,4526,0,No,45.4
8997,A,Ship,4,5,260,3,medium,F,6,4221,0,No,44.5
8998,B,Ship,4,2,184,3,medium,F,5,5931,1,No,43.2
8999,C,Ship,5,4,145,4,low,M,4,4790,0,No,42.0
9000,F,Ship,5,1,189,2,medium,M,10,5248,0,No,43.2
9001,D,Ship,5,3,150,2,high,F,9,4446,0,No,43.8
9002,F,Ship,3,3,200,3,low,M,3,5739,0,No,45.0
9003,A,Ship,5,1,133,2,medium,M,1,4643,0,No,46.2
9004,B,Ship,4,2,260,3,low,M,4,5504,1,No,43.1
9005,C,Ship,4,2,195,2,medium,M,10,4640,0,No,42.3
9006,F,Ship,4,3,245,4,medium,M,4,5940,0,No,46.2
9007,D,Ship,6,3,166,4,low,M,10,5783,1,No,41.1
9008,F,Ship,3,5,245,4,low,M,8,5600,0,No,42.4
9009,A,Ship,6,2,130,5,low,M,3,5654,0,No,43.3
9010,B,Ship,3,5,204,4,low,M,6,4879,1,No,41.2
9011,C,Ship,4,2,210,3,low,M,8,5672,1,No,43.6
9012,F,Ship,3,5,264,4,medium,F,8,4324,0,No,42.0
9013,D,Ship,5,2,141,2,medium,F,1,4287,0,No,45.7
9014,F,Ship,3,5,162,3,medium,F,1,4432,0,No,44.8
9015,A,Ship,4,5,137,2,low,M,6,4055,1,Yes,53.7
9016,B,Road,4,3,141,2,low,F,8,4331,0,No,42.5
9017,C,Road,6,3,127,3,medium,F,7,5574,1,No,45.6
9018,F,Road,2,2,270,4,low,M,6,5585,0,No,39.7
9019,D,Road,3,4,185,4,medium,F,6,5322,0,No,41.2
9020,F,Road,4,1,241,3,low,M,6,5836,0,No,42.4
9021,A,Road,3,2,124,5,medium,M,10,5348,0,No,41.1
9022,B,Road,3,4,228,4,medium,M,6,4947,0,No,41.2
9023,C,Road,5,4,140,3,medium,M,4,4623,0,No,45.1
9024,F,Road,6,3,192,4,low,M,9,5239,1,No,41.9
9025,D,Road,4,2,253,5,low,F,3,4676,1,No,41.4
9026,F,Road,3,4,287,5,medium,F,9,5308,0,No,42.0
9027,A,Road,3,4,162,5,low,F,1,4240,1,No,42.7
9028,B,Road,3,4,156,3,low,M,4,4628,0,No,43.4
9029,C,Road,4,3,187,4,low,M,4,4757,0,No,41.5
9030,F,Road,6,3,171,3,low,F,1,4952,0,No,46.4
9031,D,Road,6,2,240,6,low,M,3,5967,1,No,45.1
9032,F,Road,3,3,250,4,medium,M,1,4717,0,No,42.4
9033,A,Road,4,5,180,4,high,F,10,5176,1,No,40.7
9034,B,Road,3,1,242,4,low,M,10,4809,1,No,40.6
9035,C,Road,3,1,162,4,medium,F,4,5683,0,No,40.5
9036,F,Road,5,5,210,3,medium,M,8,5906,1,No,45.3
9037,D,Road,4,1,189,2,medium,M,4,4122,0,No,47.3
9038,F,Flight,4,5,187,2,low,M,6,4316,1,No,43.9
9039,A,Flight,4,1,179,2,medium,F,7,4605,0,No,42.1
9040,B,Flight,2,1,199,2,low,F,10,5345,0,No,41.9
9041,C,Flight,5,1,158,4,medium,F,4,5687,1,No,41.5
9042,F,Flight,3,4,181,3,low,M,10,5276,1,No,43.2
9043,D,Flight,3,5,238,2,low,F,8,5769,0,No,44.5
9044,F,Flight,5,5,225,4,high,F,3,5274,1,No,42.1
9045,A,Flight,5,1,172,2,medium,F,3,4892,0,No,44.5
9046,B,Flight,4,2,199,3,low,M,4,4070,0,Yes,50.4
9047,C,Flight,4,4,248,3,high,F,10,4532,0,No,42.9
9048,F,Flight,3,2,226,3,low,F,5,5484,0,No,43.2
9049,D,Flight,4,1,177,3,medium,F,6,5215,0,No,43.3
9050,F,Flight,3,4,238,2,low,M,5,4349,1,No,43.0
9051,A,Flight,4,5,161,3,low,F,5,4732,0,No,43.3
9052,B,Flight,2,1,271,3,low,M,1,4537,0,No,41.6
9053,C,Flight,5,2,254,3,medium,F,8,5892,1,No,44.8
9054,F,Flight,4,2,238,2,low,M,1,5229,0,No,44.5
9055,D,Flight,5,5,169,3,medium,M,2,5942,1,No,46.3
9056,F,Flight,3,3,168,2,high,M,10,5334,1,No,42.3
9057,A,Flight,2,5,243,3,high,M,7,4486,0,No,42.8
9058,B,Flight,4,5,195,3,medium,M,7,4835,0,No,43.5
9059,C,Flight,3,2,227,3,high,M,5,4167,1,No,44.6
9060,F,Ship,3,2,199,3,medium,F,10,5768,1,No,44.2
9061,D,Ship,3,2,160,3,low,F,7,4468,0,No,43.9
9062,F,Ship,2,2,160,6,medium,F,9,4972,1,No,42.6
9063,A,Ship,4,4,251,4,low,F,10,5984,0,No,38.6
9064,B,Ship,6,2,225,4,low,M,6,5787,1,No,42.7
9065,C,Ship,4,3,260,4,low,F,5,5307,0,No,41.1
9066,F,Ship,4,2,263,3,medium,M,4,4935,1,No,43.4
9067,D,Ship,5,5,196,3,medium,M,7,4084,1,Yes,53.6
9068,F,Ship,4,2,184,2,medium,F,10,5959,0,No,41.4
9069,A,Ship,5,5,231,2,medium,F,6,5862,0,No,42.8
9070,B,Ship,3,1,153,2,low,M,7,5292,1,No,42.6
9071,C,Ship,3,1,173,2,low,F,7,4684,0,No,42.8
9072,F,Ship,3,1,159,3,low,F,3,5044,0,No,43.6
9073,D,Ship,5,4,137,2,low,M,7,5338,1,No,44.4
9074,F,Ship,3,1,249,2,medium,M,9,5987,1,No,45.4
9075,A,Ship,3,5,247,3,medium,M,10,4286,1,No,43.9
9076,B,Ship,3,2,205,3,high,M,3,4563,1,No,43.2
9077,C,Ship,3,2,209,3,medium,M,5,4999,0,No,43.4
9078,F,Ship,3,2,247,2,high,M,1,4242,0,No,45.7
9079,D,Ship,4,3,225,2,medium,F,2,4169,1,No,43.9
9080,F,Ship,3,5,150,10,low,M,2,5042,0,No,41.1
9081,A,Ship,5,2,210,7,medium,F,4,4525,1,No,42.6
9082,B,Ship,3,2,247,2,low,F,2,4677,0,No,43.5
9083,C,Ship,5,5,167,3,medium,M,9,4319,1,No,46.6
9084,F,Ship,4,5,233,3,medium,F,7,5604,1,No,43.5
9085,D,Ship,2,5,204,10,low,F,1,4709,0,No,34.2
9086,F,Ship,5,5,140,8,medium,M,2,4793,1,No,44.0
9087,A,Ship,6,3,218,6,high,M,8,5879,0,No,42.2
9088,B,Ship,3,3,250,3,low,M,9,4993,0,No,43.2
9089,C,Ship,3,4,225,4,low,M,10,4460,1,No,40.8
9090,F,Ship,7,1,308,4,medium,F,2,1504,0,No,49.1
9091,D,Ship,6,5,256,4,low,F,2,1163,0,No,48.3
9092,F,Ship,4,3,251,5,medium,M,2,1482,0,No,48.7
9093,A,Ship,5,3,270,5,medium,F,8,1862,0,No,46.0
9094,B,Ship,6,5,289,4,low,M,5,1600,1,No,46.5
9095,C,Ship,6,3,253,4,medium,F,9,1823,0,No,45.4
9096,F,Ship,7,2,305,4,medium,M,7,1813,0,No,47.2
9097,D,Ship,3,3,219,6,low,M,10,1116,0,Yes,55.2
9098,F,Ship,4,2,231,5,medium,M,8,1562,0,No,47.0
9099,A,Ship,6,5,298,4,medium,F,5,1804,0,No,46.4
9100,B,Ship,6,5,282,4,low,M,5,1364,1,No,46.4
9101,C,Ship,5,1,240,5,low,M,2,1400,1,No,48.3
9102,F,Ship,5,3,223,5,medium,M,4,1817,0,No,46.3
9103,D,Ship,4,4,226,5,low,M,1,1761,0,No,48.5
9104,F,Ship,5,3,253,5,low,M,6,1028,0,No,45.0
9105,A,Ship,6,4,249,4,low,M,10,1318,0,No,45.8
9106,B,Ship,6,5,294,4,medium,M,10,1628,1,No,45.9
9107,C,Ship,4,4,263,3,medium,F,8,5475,0,No,43.6
9108,F,Ship,5,2,196,3,medium,M,4,4868,1,No,45.2
9109,D,Ship,4,5,184,2,medium,F,2,4429,0,No,43.3
9110,F,Ship,5,4,231,2,medium,F,7,5491,1,No,44.4
9111,A,Ship,3,1,153,2,low,M,6,4996,0,No,42.6
9112,B,Ship,3,2,173,2,low,F,8,5492,0,No,42.7
9113,C,Ship,3,1,159,3,low,M,10,4358,1,No,43.5
9114,F,Ship,5,4,137,2,low,F,2,4077,1,Yes,50.8
9115,D,Ship,3,1,249,2,medium,F,1,5190,1,No,44.6
9116,F,Ship,3,4,247,3,medium,M,9,5383,0,No,43.4
9117,A,Ship,3,3,205,3,high,M,1,5851,1,No,44.9
9118,B,Ship,3,3,209,3,medium,F,5,5831,0,No,42.3
9119,C,Ship,3,3,247,2,high,F,8,4593,1,No,42.1
9120,F,Ship,4,1,225,2,medium,M,5,5714,1,No,43.0
9121,D,Ship,3,2,150,10,low,F,6,5580,0,No,42.8
9122,F,Ship,5,3,210,7,medium,F,4,4362,0,No,43.1
9123,A,Ship,3,1,247,2,low,M,7,5557,0,No,42.6
9124,B,Ship,5,5,167,3,medium,M,1,4314,0,No,46.7
9125,C,Ship,4,5,233,3,medium,F,2,4501,0,No,43.8
9126,F,Ship,2,4,204,10,low,F,4,4679,1,No,41.5
9127,D,Ship,5,1,140,8,medium,M,7,5437,0,No,44.3
9128,F,Ship,6,3,218,6,high,F,5,4352,1,No,42.9
9129,A,Ship,3,1,250,3,low,F,7,4760,0,No,43.6
9130,B,Ship,3,1,225,4,low,F,10,4080,1,No,45.7
9131,C,Ship,7,5,308,4,medium,M,6,1165,0,No,46.0
9132,F,Ship,6,3,256,4,low,F,9,1212,1,No,45.8
9133,D,Ship,4,5,251,5,medium,F,7,1381,0,No,47.0
9134,F,Ship,5,1,270,5,medium,M,10,1397,0,No,45.8
9135,A,Ship,6,1,289,4,low,M,3,1181,1,No,47.9
9136,B,Ship,6,5,253,4,medium,M,8,1899,1,No,45.9
9137,C,Ship,7,3,305,4,medium,F,6,1167,0,No,46.0
9138,F,Ship,3,5,219,6,low,M,1,1394,0,Yes,55.2
9139,D,Ship,4,1,231,5,medium,M,6,1231,0,No,46.2
9140,F,Ship,6,5,298,4,medium,F,8,1759,1,No,46.3
9141,A,Ship,6,1,282,4,low,M,7,1758,0,No,46.4
9142,B,Ship,5,3,240,5,low,M,6,1489,0,No,45.4
9143,C,Ship,5,5,223,5,medium,M,8,1132,0,No,46.3
9144,F,Ship,5,2,140,5,medium,M,2,1521,0,No,48.3
9145,D,Ship,5,3,268,5,medium,M,5,1365,0,No,46.2
9146,F,Ship,6,3,279,4,low,M,7,1090,1,No,46.5
9147,A,Ship,4,3,225,5,medium,F,6,1573,0,No,46.2
9148,B,Ship,6,3,296,4,medium,M,7,1515,0,No,46.3
9149,C,Ship,5,5,162,4,low,M,8,1311,0,No,46.3
9150,F,Ship,6,5,255,4,low,F,2,1218,1,No,48.3
9151,D,Ship,7,5,255,4,low,F,9,1367,0,No,45.5
9152,F,Ship,6,2,286,4,medium,M,6,1556,1,No,45.6
9153,A,Road,7,2,267,4,medium,M,8,1285,0,No,47.0
9154,B,Road,5,1,226,6,low,M,5,1078,0,No,46.8
9155,C,Road,6,5,285,4,medium,F,5,1631,1,No,46.5
9156,F,Road,6,3,276,4,low,F,5,1637,1,No,46.5
9157,D,Road,6,2,257,4,low,F,5,1565,1,No,46.4
9158,F,Road,6,4,287,4,medium,F,10,1811,1,No,45.8
9159,A,Road,6,1,283,5,low,F,10,1304,1,No,45.8
9160,B,Road,6,3,309,4,medium,M,2,1270,1,No,48.3
9161,C,Road,4,3,274,5,low,F,3,1637,1,No,48.6
9162,F,Road,7,4,244,4,medium,F,4,1953,1,No,47.0
9163,D,Road,5,3,222,6,low,M,9,1656,0,No,46.1
9164,F,Road,6,1,264,4,low,M,5,1900,0,No,46.1
9165,A,Road,4,2,232,5,medium,M,3,1197,0,No,48.3
9166,B,Road,5,2,227,6,medium,F,6,1620,0,No,46.0
9167,C,Road,6,4,294,3,medium,M,7,1455,0,Yes,76.8
9168,F,Road,6,4,260,4,low,F,1,1883,0,No,47.9
9169,D,Road,4,3,260,5,low,F,8,1756,0,No,47.3
9170,F,Road,6,1,277,5,low,F,2,1190,1,No,48.2
9171,A,Road,5,3,257,5,low,F,7,1451,1,No,46.2
9172,B,Road,5,5,271,6,low,M,6,1450,1,No,45.9
9173,C,Road,6,1,308,4,low,F,7,1260,1,No,46.4
9174,F,Road,7,2,281,4,medium,F,2,1291,0,No,48.8
9175,D,Flight,5,4,307,5,low,M,8,1903,0,No,45.8
9176,F,Flight,5,3,224,5,medium,M,9,1643,1,No,45.6
9177,A,Flight,5,5,233,6,medium,F,4,1924,1,No,46.5
9178,B,Flight,3,4,179,2,medium,M,5,1340,0,Yes,83.1
9179,C,Flight,4,3,267,5,medium,F,9,1538,0,No,46.4
9180,F,Flight,5,3,218,6,low,F,6,1519,1,No,45.9
9181,D,Flight,7,3,302,4,medium,F,7,1915,0,No,47.0
9182,F,Flight,7,3,247,4,medium,M,5,1060,0,No,47.1
9183,A,Flight,6,3,266,4,medium,F,8,1547,0,No,46.2
9184,B,Flight,5,1,247,5,low,M,10,1562,1,No,45.8
9185,C,Flight,4,3,219,5,low,F,8,1702,1,No,47.4
9186,F,Flight,7,1,287,4,medium,M,9,1150,1,No,45.9
9187,D,Flight,6,3,297,5,low,F,5,1657,0,No,46.4
9188,F,Flight,5,5,273,5,medium,M,4,1597,1,No,46.4
9189,A,Flight,5,5,219,5,low,M,6,1234,0,No,45.5
9190,B,Flight,5,1,232,5,medium,F,7,1069,1,No,46.4
9191,C,Flight,4,4,264,5,low,M,3,1782,0,No,48.5
9192,F,Flight,6,3,266,4,low,F,9,1106,1,No,46.3
9193,D,Flight,7,1,280,5,low,M,10,1199,1,No,47.3
9194,F,Flight,7,4,264,4,medium,M,6,1265,0,No,46.0
9195,A,Flight,4,2,258,5,low,F,8,1878,0,No,46.7
9196,B,Flight,5,1,236,5,low,M,8,1441,0,No,46.1
9197,C,Ship,5,5,262,5,low,M,2,1304,0,No,48.2
9198,F,Ship,5,3,255,6,medium,F,1,5874,0,No,42.9
9199,D,Ship,4,4,267,4,low,F,8,5219,1,No,42.0
9200,F,Ship,4,1,240,4,low,M,10,5965,1,No,38.1
9201,A,Ship,4,2,215,2,high,F,10,4061,1,Yes,52.9
9202,B,Ship,5,5,252,5,low,M,9,4135,0,No,40.0
9203,C,Ship,4,5,136,2,medium,M,4,5512,0,No,42.6
9204,F,Ship,3,4,225,4,medium,F,9,5575,0,No,41.5
9205,D,Ship,3,3,187,6,low,F,2,4549,0,No,41.3
9206,F,Ship,4,4,144,3,low,M,6,4137,1,No,42.5
9207,A,Ship,3,2,226,2,low,M,10,4254,0,No,41.4
9208,B,Ship,5,2,229,3,low,F,3,4916,0,No,45.3
9209,C,Ship,3,3,255,3,low,M,4,4628,1,No,43.4
9210,F,Ship,5,3,227,5,medium,F,9,4990,0,No,41.7
9211,D,Ship,5,1,248,3,medium,M,6,5081,1,No,45.2
9212,F,Ship,3,2,151,2,low,F,3,4759,0,No,43.0
9213,A,Ship,4,5,188,3,medium,M,8,4125,0,No,48.1
9214,B,Ship,4,2,160,2,medium,M,3,4304,1,No,43.4
9215,C,Ship,4,2,156,3,low,F,1,5361,0,No,44.4
9216,F,Ship,3,4,162,3,medium,M,7,5313,0,No,43.5
9217,D,Ship,4,4,270,3,low,F,4,5888,0,No,42.6
9218,F,Ship,4,5,200,4,medium,F,2,4947,0,No,41.7
9219,A,Ship,3,3,224,4,medium,M,10,4147,0,No,37.9
9220,B,Ship,4,4,146,4,medium,M,7,4953,1,No,41.9
9221,C,Ship,5,3,156,3,low,F,6,5231,1,No,45.1
9222,F,Ship,4,3,235,3,medium,F,4,5748,1,No,44.4
9223,D,Ship,4,1,231,3,medium,M,5,4118,1,Yes,54.2
9224,F,Ship,4,5,141,2,low,F,10,5907,1,No,41.5
9225,A,Ship,3,1,178,4,medium,M,9,5727,1,No,43.0
9226,B,Ship,5,4,244,6,high,F,3,4089,0,No,49.6
9227,C,Ship,4,2,247,2,medium,M,7,4955,1,No,42.7
9228,F,Ship,3,1,132,3,medium,F,5,5978,0,No,42.8
9229,D,Ship,4,5,190,3,medium,M,6,4671,1,No,43.4
9230,F,Ship,3,2,113,5,medium,M,1,5993,0,Yes,55.7
9231,A,Ship,5,5,253,2,high,F,3,4851,0,No,44.5
9232,B,Ship,4,3,235,3,medium,F,4,4739,0,No,43.4
9233,C,Ship,3,3,264,2,low,M,6,4102,0,Yes,51.4
9234,F,Ship,3,5,286,6,medium,M,3,4424,0,No,41.8
9235,D,Ship,4,3,141,3,medium,F,3,4249,0,No,43.5
9236,F,Ship,4,2,243,3,low,M,3,5703,0,No,43.7
9237,A,Ship,5,4,209,4,low,F,10,5461,0,No,41.2
9238,B,Ship,4,4,246,2,medium,F,2,4633,1,No,43.3
9239,C,Ship,4,3,257,3,medium,M,1,5717,1,No,45.5
9240,F,Ship,4,2,217,2,medium,F,8,4907,1,No,42.6
9241,D,Ship,4,4,246,3,low,M,9,5041,0,No,43.2
9242,F,Ship,4,4,166,6,low,F,6,4100,1,No,49.0
9243,A,Ship,3,3,183,2,low,F,3,5189,0,No,42.7
9244,B,Ship,4,5,136,2,medium,M,4,5923,1,No,43.1
9245,C,Ship,4,1,224,2,low,M,10,4653,1,No,42.4
9246,F,Ship,4,3,174,3,medium,M,2,4069,1,Yes,51.7
9247,D,Ship,4,5,209,3,medium,F,4,4809,0,No,43.4
9248,F,Ship,4,3,256,2,medium,F,3,4679,1,No,42.9
9249,A,Ship,4,2,231,4,medium,M,9,5194,0,No,41.4
9250,B,Ship,2,1,228,2,low,F,2,5435,0,No,40.7
9251,C,Ship,4,2,198,3,medium,M,10,5487,1,No,43.6
9252,F,Ship,5,5,223,3,medium,F,3,4382,0,No,45.9
9253,D,Ship,3,4,257,4,medium,F,8,4780,0,No,42.3
9254,F,Ship,4,4,265,3,low,M,10,4741,0,No,43.2
9255,A,Ship,3,3,258,3,medium,F,7,4068,1,Yes,52.8
9256,B,Ship,3,2,272,3,low,M,7,5657,1,No,43.6
9257,C,Ship,5,3,273,4,medium,M,1,5119,0,No,42.9
9258,F,Ship,3,5,287,5,high,M,1,5263,1,No,42.7
9259,D,Ship,5,1,176,4,low,F,1,4270,1,No,42.5
9260,F,Ship,5,4,136,3,medium,M,4,5413,0,No,44.9
9261,A,Ship,3,5,204,2,low,F,1,4025,1,Yes,56.6
9262,B,Ship,4,3,213,3,medium,M,2,5432,1,No,43.3
9263,C,Ship,3,3,160,3,low,M,1,4769,0,No,44.9
9264,F,Ship,3,5,148,2,medium,F,9,5095,1,No,42.3
9265,D,Ship,4,3,255,4,medium,F,10,4740,0,No,40.8
9266,F,Ship,3,3,212,3,medium,M,10,5724,1,No,43.8
9267,A,Ship,3,3,217,3,medium,M,10,5439,0,No,43.2
9268,B,Ship,4,2,145,3,medium,F,7,5823,0,No,42.3
9269,C,Ship,3,1,170,3,high,F,6,5750,0,No,44.2
9270,F,Ship,3,2,244,3,high,F,5,5781,1,No,45.2
9271,D,Ship,3,1,151,4,medium,M,2,5016,0,No,42.0
9272,F,Ship,4,1,202,3,low,M,10,4454,0,No,43.6
9273,A,Ship,4,1,195,3,medium,M,2,4682,0,No,43.6
9274,B,Ship,3,3,150,3,medium,M,9,5852,0,No,41.8
9275,C,Ship,4,3,225,2,medium,F,10,5523,1,No,42.7
9276,F,Ship,4,5,142,4,medium,F,6,5027,0,No,40.9
9277,D,Ship,3,3,262,4,low,M,5,4782,0,No,41.9
9278,F,Ship,3,1,251,6,medium,M,10,4912,0,No,41.3
9279,A,Ship,5,5,221,2,medium,M,10,4255,1,No,43.9
9280,B,Ship,3,2,202,2,medium,F,7,5328,0,No,42.6
9281,C,Ship,4,3,216,4,medium,M,3,4750,0,No,41.6
9282,F,Ship,4,2,239,3,low,F,4,5916,0,No,43.4
9283,D,Ship,2,3,192,3,low,M,4,5524,0,No,41.7
9284,F,Ship,3,4,185,2,medium,M,5,4574,0,No,42.6
9285,A,Ship,5,4,235,3,low,M,3,4411,1,No,45.9
9286,B,Ship,3,2,253,2,low,M,8,5608,0,No,42.7
9287,C,Ship,3,4,180,3,low,M,2,5659,1,No,43.4
9288,F,Ship,3,5,150,2,medium,M,10,5187,0,No,42.1
9289,D,Ship,4,2,168,6,medium,F,9,4030,0,Yes,51.9
9290,F,Road,5,4,274,3,medium,F,1,4030,0,Yes,54.5
9291,A,Road,3,2,179,3,medium,M,9,5224,1,No,43.4
9292,B,Road,6,1,237,5,medium,M,3,5299,1,No,42.6
9293,C,Road,3,4,160,3,low,M,10,4602,0,No,42.6
9294,F,Road,4,1,225,2,low,M,4,4102,0,Yes,51.1
9295,D,Road,4,2,217,2,low,M,4,5539,0,No,42.6
9296,F,Road,3,5,263,3,medium,M,1,4645,0,No,44.9
9297,A,Road,4,4,128,6,medium,F,3,5459,0,No,41.5
9298,B,Road,3,3,167,3,low,F,8,4420,0,No,43.9
9299,C,Road,3,2,221,2,low,F,10,4312,0,No,42.4
9300,F,Road,3,3,173,2,low,M,5,4703,0,No,43.1
9301,D,Road,4,2,149,6,low,F,6,4904,0,No,41.5
9302,F,Road,3,5,234,2,medium,F,8,5241,1,No,42.7
9303,A,Road,3,3,237,3,medium,M,6,4918,0,No,43.4
9304,B,Road,2,4,269,4,low,M,2,4267,1,No,41.3
9305,C,Road,3,5,182,3,high,M,5,4183,1,No,44.9
9306,F,Road,6,3,199,4,medium,F,1,5204,0,No,43.9
9307,D,Road,4,1,264,4,low,F,6,4863,0,No,40.9
9308,F,Road,6,5,167,3,low,F,2,5761,1,No,46.7
9309,A,Road,4,4,155,3,medium,F,6,5778,1,No,45.3
9310,B,Road,5,1,274,2,high,F,8,4647,1,No,44.4
9311,C,Road,4,1,213,5,low,M,10,5492,0,No,41.3
9312,F,Flight,3,2,204,2,high,M,8,4562,1,No,42.2
9313,D,Flight,5,2,259,2,medium,M,7,4764,0,No,44.8
9314,F,Flight,3,1,174,3,medium,F,2,4972,0,No,43.8
9315,A,Flight,3,1,230,2,low,F,4,4387,1,No,43.1
9316,B,Flight,5,4,260,4,low,M,4,5911,1,No,46.5
9317,C,Flight,4,5,176,2,low,F,1,4155,0,No,44.3
9318,F,Flight,5,2,217,2,medium,F,6,4120,1,Yes,53.8
9319,D,Flight,4,2,219,3,low,F,9,5703,0,No,43.7
9320,F,Flight,4,1,189,3,medium,M,5,4133,0,No,41.7
9321,A,Flight,4,1,252,4,low,F,7,5459,1,No,41.9
9322,B,Flight,3,2,189,3,medium,F,2,4152,1,No,43.9
9323,C,Flight,5,2,159,3,low,M,5,4930,0,No,45.0
9324,F,Flight,4,2,262,3,low,M,6,5381,0,No,43.1
9325,D,Flight,6,1,191,5,low,M,8,5156,1,No,43.1
9326,F,Flight,4,1,271,4,medium,F,2,4133,1,No,41.4
9327,A,Flight,4,5,196,5,low,F,2,5840,0,No,42.8
9328,B,Flight,4,3,261,6,low,F,6,5068,0,No,41.5
9329,C,Flight,4,5,233,6,medium,M,1,5284,0,No,41.5
9330,F,Flight,5,4,235,4,low,M,5,4506,0,No,41.5
9331,D,Flight,3,2,154,3,low,F,8,5149,1,No,43.5
9332,F,Flight,4,5,167,4,low,M,3,4658,0,No,41.2
9333,A,Flight,6,4,144,4,low,F,5,4631,0,No,41.9
9334,B,Ship,5,3,194,4,low,M,9,5851,0,No,41.0
9335,C,Ship,5,4,242,4,medium,F,5,5375,0,No,41.6
9336,F,Ship,3,3,144,3,medium,M,8,5727,0,No,44.4
9337,D,Ship,5,4,157,7,medium,F,9,4272,0,No,42.1
9338,F,Ship,4,3,184,7,medium,M,5,5920,1,No,48.3
9339,A,Ship,5,1,151,3,medium,M,2,4172,1,No,46.3
9340,B,Ship,4,1,175,3,medium,M,2,5861,0,No,42.9
9341,C,Ship,3,2,177,3,low,F,5,5941,0,No,43.3
9342,F,Ship,6,1,141,3,low,F,2,5144,0,No,45.3
9343,D,Ship,4,2,210,3,low,M,5,4746,0,No,43.3
9344,F,Ship,2,4,224,2,low,M,8,4754,0,No,40.5
9345,A,Ship,4,1,253,3,medium,F,9,5502,1,No,43.8
9346,B,Ship,4,1,157,2,medium,F,7,4690,1,No,42.8
9347,C,Ship,3,2,172,3,medium,F,8,4982,1,No,43.5
9348,F,Ship,3,5,193,10,high,M,6,5247,1,No,43.0
9349,D,Ship,6,2,255,4,low,M,9,1157,0,No,45.8
9350,F,Ship,7,5,255,4,low,F,2,1826,1,No,49.4
9351,A,Ship,6,4,286,4,medium,F,1,1570,0,No,48.3
9352,B,Ship,7,1,267,4,medium,M,9,1261,1,No,45.6
9353,C,Ship,5,4,226,6,low,F,3,1223,1,No,48.2
9354,F,Ship,6,3,285,4,medium,F,1,1606,0,No,48.3
9355,D,Ship,6,4,276,4,low,M,4,1662,1,No,46.5
9356,F,Ship,6,4,257,4,low,F,4,1451,0,No,46.4
9357,A,Ship,6,4,287,4,medium,M,7,1141,1,No,46.5
9358,B,Ship,6,1,283,5,low,F,9,1311,1,No,45.4
9359,C,Ship,6,1,309,4,medium,F,10,1904,1,No,45.5
9360,F,Ship,4,5,274,5,low,M,7,1225,0,No,47.2
9361,D,Ship,7,2,244,4,medium,F,8,1477,1,No,46.9
9362,F,Ship,5,4,222,6,low,F,9,1003,0,No,41.2
9363,A,Ship,6,1,264,4,low,M,9,1243,0,No,45.5
9364,B,Ship,4,1,232,5,medium,F,7,1899,1,No,46.6
9365,C,Ship,5,1,217,2,medium,F,10,4264,0,No,44.0
9366,F,Ship,4,5,219,3,low,F,1,5221,0,No,44.6
9367,D,Ship,4,3,189,3,medium,F,4,5613,1,No,43.2
9368,F,Ship,4,2,252,4,low,M,1,4705,1,No,41.8
9369,A,Ship,3,3,189,3,medium,F,1,5896,1,No,46.0
9370,B,Ship,5,3,159,3,low,M,7,5462,1,No,45.4
9371,C,Ship,4,3,262,3,low,F,3,4176,0,No,44.0
9372,F,Ship,6,2,191,5,low,M,1,4314,0,No,44.6
9373,D,Ship,4,5,271,4,medium,M,9,5057,0,No,41.2
9374,F,Ship,4,2,196,5,low,M,5,4994,0,No,41.5
9375,A,Ship,4,1,261,6,low,F,6,5861,0,No,41.3
9376,B,Ship,4,1,233,6,medium,F,2,5406,0,No,41.3
9377,C,Ship,5,4,235,4,low,M,10,4880,0,No,41.1
9378,F,Ship,3,1,154,3,low,M,5,4720,1,No,43.8
9379,D,Ship,4,4,167,4,low,M,2,5908,1,No,47.0
9380,F,Ship,6,1,144,4,low,F,5,5121,0,No,42.3
9381,A,Ship,5,2,194,4,low,M,8,5650,1,No,43.1
9382,B,Ship,5,3,242,4,medium,F,8,4410,1,No,42.7
9383,C,Ship,3,5,144,3,medium,F,9,5912,0,No,43.0
9384,F,Ship,5,4,157,7,medium,M,3,4723,0,No,42.9
9385,D,Ship,4,1,184,7,medium,F,6,4956,0,No,42.5
9386,F,Ship,5,1,151,3,medium,F,9,5667,0,No,44.5
9387,A,Ship,4,4,175,3,medium,M,2,4004,0,Yes,57.8
9388,B,Ship,3,2,177,3,low,F,9,5427,0,No,43.4
9389,C,Ship,6,3,141,3,low,M,7,5222,1,No,45.6
9390,F,Ship,4,2,210,3,low,F,9,4102,1,Yes,51.4
9391,D,Ship,2,3,224,2,low,F,5,5050,0,No,41.2
9392,F,Ship,4,4,253,3,medium,F,4,5236,0,No,43.3
9393,A,Ship,4,5,157,2,medium,F,1,5054,0,No,44.6
9394,B,Ship,3,1,172,3,medium,M,5,5696,1,No,43.7
9395,C,Ship,3,1,193,10,high,F,1,4459,0,No,38.2
9396,F,Ship,6,3,255,4,low,M,6,1654,1,No,45.7
9397,D,Ship,7,5,255,4,low,M,7,1104,0,No,46.9
9398,F,Ship,6,4,286,4,medium,F,1,1539,1,No,48.3
9399,A,Ship,7,3,267,4,medium,F,10,1548,0,No,46.7
9400,B,Ship,5,4,226,6,low,M,1,1327,0,No,47.8
9401,C,Ship,6,4,285,4,medium,M,4,1244,1,No,46.4
9402,F,Ship,6,3,276,4,low,F,8,1754,1,No,46.3
9403,D,Ship,6,3,257,4,low,F,2,1694,0,No,48.5
9404,F,Ship,6,1,287,4,medium,M,5,1791,1,No,46.4
9405,A,Ship,6,1,283,5,low,F,5,1298,0,No,46.4
9406,B,Ship,6,2,309,4,medium,F,8,1930,0,No,46.2
9407,C,Ship,4,1,274,5,low,F,5,1581,1,No,47.0
9408,F,Ship,7,3,244,4,medium,M,10,1629,0,No,46.9
9409,D,Ship,5,5,222,6,low,M,1,1962,0,No,48.0
9410,F,Ship,7,1,264,4,medium,F,5,1238,0,No,46.8
9411,A,Ship,4,4,258,5,low,M,7,1261,1,No,47.0
9412,B,Ship,5,5,236,5,low,F,7,1137,0,No,46.4
9413,C,Ship,6,3,304,4,low,F,9,1401,0,No,45.4
9414,F,Ship,6,3,244,5,medium,F,5,1092,0,No,46.4
9415,D,Ship,7,1,301,4,low,M,10,1869,0,No,46.9
9416,F,Ship,4,4,275,5,medium,M,5,1117,0,No,47.0
9417,A,Ship,5,4,236,5,low,M,6,1829,1,No,45.5
9418,B,Ship,6,3,286,4,medium,M,4,1169,0,No,46.4
9419,C,Ship,5,4,238,6,low,M,6,1850,1,No,45.8
9420,F,Ship,7,3,300,4,medium,F,5,1244,0,No,46.8
9421,D,Ship,6,2,292,4,medium,M,2,1149,1,No,48.3
9422,F,Ship,5,2,172,2,low,M,9,1097,0,Yes,75.4
9423,A,Ship,2,1,181,5,medium,M,3,1038,0,Yes,53.3
9424,B,Ship,7,5,289,4,low,M,9,1904,0,No,45.6
9425,C,Ship,7,5,256,4,medium,M,4,1139,1,No,46.8
9426,F,Ship,4,5,251,5,medium,M,10,1683,1,No,47.7
9427,D,Road,6,5,245,4,low,M,3,1716,0,No,48.1
9428,F,Road,5,2,266,5,medium,M,8,1367,0,No,46.1
9429,A,Road,4,1,220,5,low,F,9,1817,0,No,46.5
9430,B,Road,4,2,274,5,low,F,8,1246,0,No,47.0
9431,C,Road,7,5,301,4,low,M,9,1660,1,No,45.7
9432,F,Road,6,5,285,4,low,M,8,1028,1,No,45.9
9433,D,Road,6,3,271,4,low,F,2,1364,1,No,48.4
9434,F,Road,4,3,241,5,low,F,2,1442,0,No,48.7
9435,A,Road,3,1,146,5,low,M,10,1737,0,Yes,54.4
9436,B,Road,6,4,256,4,medium,F,9,1791,0,No,45.5
9437,C,Road,6,2,235,5,low,F,5,1051,1,No,46.7
9438,F,Road,5,5,275,3,low,F,9,1691,1,Yes,80.4
9439,D,Road,6,4,205,4,low,F,10,1974,1,No,45.0
9440,F,Road,5,4,244,5,medium,F,1,1320,0,No,48.0
9441,A,Road,5,2,269,6,medium,F,5,1097,0,No,46.8
9442,B,Road,4,1,238,5,medium,F,3,1913,0,No,48.0
9443,C,Road,5,4,217,5,low,F,8,1803,0,No,46.1
9444,F,Road,5,2,258,5,low,M,3,1824,0,No,47.9
9445,D,Road,7,1,269,5,medium,F,5,1402,0,No,46.1
9446,F,Road,4,2,259,5,low,M,6,1827,1,No,46.1
9447,A,Road,6,5,260,4,low,F,8,1347,1,No,46.2
9448,B,Road,5,5,227,5,medium,F,2,1436,1,No,48.3
9449,C,Flight,4,2,223,6,low,F,10,1650,1,No,48.4
9450,F,Flight,5,2,221,5,medium,M,10,1160,0,No,46.2
9451,D,Flight,7,4,296,4,low,F,10,1033,0,No,48.8
9452,F,Flight,5,3,228,5,high,M,9,1924,0,No,45.2
9453,A,Flight,4,4,275,5,medium,M,7,1562,1,No,47.0
9454,B,Flight,5,3,230,5,medium,M,4,1123,0,No,46.3
9455,C,Flight,5,1,241,5,medium,M,3,1379,0,No,47.8
9456,F,Flight,4,2,270,5,low,F,5,1747,1,No,47.1
9457,D,Flight,6,4,264,5,medium,F,7,1220,1,No,46.5
9458,F,Flight,4,4,260,5,low,F,5,1178,1,No,47.0
9459,A,Flight,5,1,271,5,low,M,4,1353,0,No,46.2
9460,B,Flight,5,5,286,4,high,F,10,1071,1,No,47.1
9461,C,Flight,6,1,279,4,low,F,4,1263,1,No,46.4
9462,F,Flight,6,3,271,4,low,F,6,1934,0,No,45.5
9463,D,Flight,3,5,206,4,low,M,6,5038,0,No,41.3
9464,F,Flight,5,2,205,3,medium,F,1,4351,0,No,46.7
9465,A,Flight,5,2,233,3,medium,F,10,4233,1,No,45.6
9466,B,Flight,5,1,207,3,low,F,1,4112,0,Yes,52.4
9467,C,Flight,4,1,174,4,low,M,3,5295,0,No,41.2
9468,F,Flight,3,4,191,3,medium,F,10,4667,0,No,43.1
9469,D,Flight,4,4,156,2,medium,F,7,5938,0,No,42.7
9470,F,Flight,4,4,137,3,medium,F,8,4066,1,Yes,53.1
9471,A,Ship,3,3,251,3,low,M,8,4246,0,No,43.9
9472,B,Ship,5,3,194,3,low,M,7,5545,0,No,45.4
9473,C,Ship,4,1,141,3,low,F,6,5273,0,No,43.3
9474,F,Ship,5,1,137,3,medium,F,10,4641,0,No,44.6
9475,D,Ship,3,1,221,3,medium,M,10,5696,1,No,43.4
9476,F,Ship,3,1,270,2,medium,M,6,4966,0,No,42.6
9477,A,Ship,3,3,133,3,low,F,2,4926,0,No,43.8
9478,B,Ship,4,4,181,3,medium,F,9,4425,1,No,43.7
9479,C,Ship,6,4,147,3,low,M,4,4549,1,No,45.2
9480,F,Ship,4,3,250,2,high,F,10,4885,1,No,42.3
9481,D,Ship,3,5,184,2,high,M,3,4883,0,No,43.0
9482,F,Ship,5,1,234,3,low,F,4,5033,0,No,45.2
9483,A,Ship,3,3,126,6,low,M,8,5084,1,No,43.0
9484,B,Ship,3,2,241,3,medium,F,9,4301,0,No,43.9
9485,C,Ship,3,5,218,2,medium,F,6,4072,0,Yes,50.1
9486,F,Ship,3,5,98,3,medium,F,3,5553,1,No,43.3
9487,D,Ship,3,5,211,2,medium,F,9,4577,1,No,42.0
9488,F,Ship,4,2,216,3,low,M,2,4750,1,No,43.6
9489,A,Ship,3,3,203,3,medium,F,4,5548,0,No,43.3
9490,B,Ship,3,4,266,3,medium,M,9,5908,1,No,43.0
9491,C,Ship,4,1,155,3,medium,M,9,4443,0,No,43.7
9492,F,Ship,3,5,156,2,medium,F,8,5848,0,No,41.5
9493,D,Ship,5,2,169,5,medium,F,2,4542,0,No,42.4
9494,F,Ship,4,5,241,4,medium,F,10,4126,1,No,41.4
9495,A,Ship,4,5,199,4,medium,M,1,5585,1,No,41.7
9496,B,Ship,4,3,184,3,low,F,9,5602,0,No,43.3
9497,C,Ship,3,3,221,3,low,F,5,4388,0,No,44.2
9498,F,Ship,4,3,258,3,medium,F,7,4887,1,No,43.5
9499,D,Ship,5,4,193,3,medium,M,3,4559,0,No,45.1
9500,F,Ship,2,2,156,4,high,M,9,4184,1,No,39.7
9501,A,Ship,4,2,201,3,medium,F,4,4613,0,No,42.7
9502,B,Ship,4,2,171,3,medium,M,4,5859,0,No,41.8
9503,C,Ship,3,4,193,6,low,M,2,5584,0,No,41.7
9504,F,Ship,5,2,254,2,medium,M,4,4180,1,No,44.6
9505,D,Ship,4,4,251,3,medium,F,9,5350,1,No,43.4
9506,F,Ship,5,3,171,3,low,F,7,4946,0,No,45.4
9507,A,Ship,4,1,243,3,medium,M,10,5832,0,No,41.9
9508,B,Ship,3,4,253,3,medium,M,4,4269,0,No,44.1
9509,C,Ship,3,5,137,3,low,M,3,5497,1,No,43.3
9510,F,Ship,5,2,149,2,low,F,6,4661,0,No,44.5
9511,D,Ship,4,1,183,3,low,M,3,5178,1,No,43.2
9512,F,Ship,4,5,171,3,low,F,10,4752,1,No,43.2
9513,A,Ship,4,5,102,5,low,F,3,5767,0,No,44.0
9514,B,Ship,3,3,249,4,low,M,7,5868,1,No,42.0
9515,C,Ship,3,4,255,3,medium,F,10,5291,1,No,43.2
9516,F,Ship,3,1,150,2,low,F,6,5697,0,No,43.0
9517,D,Ship,4,4,169,4,medium,F,8,5493,0,No,42.0
9518,F,Ship,4,1,208,3,medium,F,8,4890,1,No,43.5
9519,A,Ship,3,3,154,4,high,F,2,4921,1,No,41.9
9520,B,Ship,2,2,101,5,medium,F,6,4196,0,No,39.8
9521,C,Ship,5,1,203,3,low,M,10,4750,0,No,44.6
9522,F,Ship,5,3,234,6,medium,F,8,5003,0,No,42.9
9523,D,Ship,3,1,133,4,medium,F,6,5162,0,No,41.4
9524,F,Ship,3,3,222,4,low,F,6,5284,1,No,41.3
9525,A,Ship,3,5,258,3,low,F,5,4494,0,No,43.6
9526,B,Ship,3,5,251,3,low,M,1,5073,0,No,45.0
9527,C,Ship,4,2,241,6,medium,M,5,4880,1,No,42.2
9528,F,Ship,4,1,164,4,medium,M,3,5318,1,No,41.1
9529,D,Ship,5,4,273,2,low,F,1,5008,1,No,46.1
9530,F,Ship,3,1,266,3,low,M,6,4010,0,Yes,66.3
9531,A,Ship,4,2,144,5,low,F,3,5807,1,No,42.9
9532,B,Ship,2,1,208,2,low,M,10,4671,1,No,41.2
9533,C,Ship,2,4,178,4,medium,F,8,4620,0,No,39.7
9534,F,Ship,3,3,246,4,low,F,3,4316,0,No,41.4
9535,D,Ship,3,1,131,6,medium,M,8,5352,0,No,43.1
9536,F,Ship,2,2,156,3,low,F,5,4151,1,No,43.3
9537,A,Ship,3,2,222,4,medium,M,10,5720,0,No,41.6
9538,B,Ship,3,3,275,3,medium,M,7,4968,0,No,43.5
9539,C,Ship,3,2,212,3,medium,M,10,4117,0,Yes,51.5
9540,F,Ship,5,4,275,2,medium,M,7,5292,0,No,44.4
9541,D,Ship,5,1,189,2,medium,M,8,5219,0,No,44.0
9542,F,Ship,3,4,171,3,low,M,10,4839,0,No,43.1
9543,A,Ship,3,1,242,5,low,F,3,4026,0,Yes,54.6
9544,B,Ship,3,5,247,3,medium,F,7,4966,0,No,43.5
9545,C,Ship,3,3,149,2,low,M,8,4556,0,No,42.2
9546,F,Ship,3,3,190,3,low,F,9,5279,0,No,43.4
9547,D,Ship,3,2,189,2,low,M,6,4488,1,No,42.5
9548,F,Ship,3,2,153,4,high,M,7,4750,1,No,42.5
9549,A,Ship,4,1,173,2,low,M,5,4688,0,No,42.6
9550,B,Ship,5,3,117,4,low,F,3,5078,0,No,42.1
9551,C,Ship,6,5,204,3,medium,M,7,4119,0,Yes,54.0
9552,F,Ship,3,1,274,4,low,M,3,5979,0,No,45.3
9553,D,Ship,6,1,276,2,low,M,10,5108,0,No,44.0
9554,F,Ship,3,1,189,4,low,F,4,4785,0,No,41.6
9555,A,Ship,3,2,204,2,low,F,2,5033,1,No,43.4
9556,B,Ship,3,3,229,3,medium,F,8,4549,0,No,43.1
9557,C,Ship,3,1,257,2,medium,F,2,5815,0,No,44.7
9558,F,Ship,4,5,184,3,low,M,5,4039,1,Yes,56.0
9559,D,Ship,3,5,157,4,medium,F,2,4640,0,No,41.9
9560,F,Ship,4,3,173,3,medium,M,5,5331,1,No,43.0
9561,A,Ship,3,2,236,2,medium,M,2,4239,1,No,44.5
9562,B,Ship,4,1,234,3,low,M,2,4282,0,No,43.6
9563,C,Ship,4,4,237,3,medium,M,2,4760,0,No,43.6
9564,F,Road,4,5,191,2,low,M,10,5068,1,No,42.3
9565,D,Road,4,4,222,3,medium,M,2,5140,0,No,43.6
9566,F,Road,4,4,153,2,low,F,8,4248,0,No,42.9
9567,A,Road,4,1,224,2,medium,M,2,4581,1,No,43.0
9568,B,Road,5,4,201,2,low,M,5,5593,1,No,43.9
9569,C,Road,4,2,169,3,low,M,10,4309,1,No,43.9
9570,F,Road,3,2,133,5,medium,M,9,5744,1,No,43.4
9571,D,Road,4,4,146,2,medium,F,5,4356,0,No,42.8
9572,F,Road,4,1,230,3,low,M,8,4107,1,Yes,52.8
9573,A,Road,3,1,195,5,low,F,4,4034,0,Yes,53.7
9574,B,Road,4,4,204,3,low,F,9,4757,0,No,43.3
9575,C,Road,6,2,191,6,medium,M,7,5333,1,No,43.2
9576,F,Road,5,5,199,3,high,M,6,5547,1,No,44.9
9577,D,Road,3,4,192,4,medium,M,3,4030,0,Yes,53.4
9578,F,Road,3,1,187,2,low,F,10,5064,1,No,42.2
9579,A,Road,3,1,236,3,medium,F,8,5341,1,No,43.6
9580,B,Road,4,5,176,3,high,F,1,5096,1,No,44.7
9581,C,Road,6,2,239,4,medium,F,7,4589,0,No,42.8
9582,F,Road,4,4,280,3,medium,M,5,5624,0,No,43.1
9583,D,Road,5,5,184,2,medium,M,9,4649,1,No,43.7
9584,F,Road,3,2,145,2,low,M,3,4409,0,No,43.1
9585,A,Road,6,5,248,3,low,F,3,5709,1,No,45.1
9586,B,Flight,2,4,184,5,medium,M,9,5812,0,No,41.7
9587,C,Flight,4,5,265,2,low,M,9,5040,0,No,42.3
9588,F,Flight,5,1,170,4,medium,M,4,5113,1,No,41.8
9589,D,Flight,2,1,181,4,low,F,2,4747,0,No,39.5
9590,F,Flight,3,4,166,4,low,F,1,5533,1,No,42.3
9591,A,Flight,4,4,137,4,medium,F,5,5095,0,No,41.3
9592,B,Flight,4,1,173,5,low,F,5,5049,1,No,41.5
9593,C,Flight,4,3,249,4,medium,M,10,5614,0,No,40.7
9594,F,Flight,5,4,205,3,low,F,3,4157,1,No,45.3
9595,D,Flight,4,5,251,5,high,M,8,4573,0,No,41.6
9596,F,Flight,4,5,249,3,low,F,7,5509,0,No,43.5
9597,A,Flight,4,3,177,3,low,F,7,4834,1,No,43.5
9598,B,Flight,3,5,268,3,low,M,7,4910,0,No,43.5
9599,C,Flight,6,1,215,4,low,M,1,4581,1,No,44.2
9600,F,Flight,4,1,149,3,low,M,2,4499,0,No,43.8
9601,D,Flight,4,4,132,3,medium,F,5,4613,0,No,42.6
9602,F,Flight,3,1,246,3,low,F,10,4707,1,No,43.1
9603,A,Flight,3,4,155,3,medium,M,9,5718,1,No,44.1
9604,B,Flight,5,3,206,2,medium,M,7,4531,1,No,44.7
9605,C,Flight,4,2,134,3,medium,F,1,4064,1,Yes,53.6
9606,F,Flight,5,2,255,2,medium,M,9,5609,0,No,43.2
9607,D,Flight,3,1,168,4,medium,F,9,5136,0,No,41.7
9608,F,Ship,4,1,140,2,low,M,8,4926,0,No,42.6
9609,A,Ship,5,3,191,3,high,F,6,4244,0,No,46.8
9610,B,Ship,4,3,231,3,medium,F,8,5069,1,No,43.5
9611,C,Ship,3,3,264,2,low,M,2,4350,0,No,43.1
9612,F,Ship,5,3,137,3,low,M,6,5357,0,No,44.9
9613,D,Ship,5,3,170,3,medium,F,4,4446,1,No,45.8
9614,F,Ship,4,4,256,3,low,F,5,5399,0,No,43.0
9615,A,Ship,5,1,176,6,medium,M,9,4839,1,No,42.0
9616,B,Ship,3,2,198,4,low,F,3,4172,1,No,42.9
9617,C,Ship,4,1,272,2,low,M,1,5666,0,No,43.6
9618,F,Ship,4,4,149,3,medium,F,2,4241,1,No,44.5
9619,D,Ship,5,3,192,7,medium,M,10,5976,0,No,39.3
9620,F,Ship,6,5,117,7,medium,M,6,5529,1,No,42.9
9621,A,Ship,2,4,180,2,low,F,6,5579,0,No,41.0
9622,B,Ship,3,2,158,2,medium,F,8,5907,0,No,42.7
9623,C,Ship,5,2,266,10,high,M,9,4784,1,No,43.6
9624,F,Ship,6,3,304,4,low,M,3,1752,1,No,48.1
9625,D,Ship,6,3,244,5,medium,F,1,1847,1,No,48.1
9626,F,Ship,7,4,301,4,low,F,1,1150,0,No,49.0
9627,A,Ship,4,2,275,5,medium,M,5,1900,0,No,46.5
9628,B,Ship,5,5,236,5,low,M,3,1933,1,No,47.9
9629,C,Ship,6,1,286,4,medium,M,10,1177,1,No,46.2
9630,F,Ship,5,5,238,6,low,M,3,1351,0,No,48.1
9631,D,Ship,7,1,300,4,medium,F,10,1148,1,No,47.1
9632,F,Ship,6,4,292,4,medium,M,8,1779,1,No,46.3
9633,A,Ship,5,1,172,2,low,F,9,1723,0,Yes,76.9
9634,B,Ship,2,4,181,5,medium,F,9,1368,0,Yes,53.6
9635,C,Ship,7,3,289,4,low,F,3,1037,1,No,49.3
9636,F,Ship,7,3,256,4,medium,M,4,1628,0,No,47.1
9637,D,Ship,4,4,251,5,medium,F,2,1329,1,No,48.5
9638,F,Ship,6,5,245,4,low,M,2,1832,1,No,48.3
9639,A,Ship,4,4,140,2,low,M,6,4703,0,No,42.7
9640,B,Ship,5,4,191,3,high,F,7,4435,1,No,46.7
9641,C,Ship,4,3,231,3,medium,M,8,4991,0,No,43.5
9642,F,Ship,3,2,264,2,low,M,6,5702,1,No,43.1
9643,D,Ship,5,2,137,3,low,F,1,5242,0,No,46.3
9644,F,Ship,5,3,170,3,medium,M,6,5226,0,No,45.1
9645,A,Ship,4,1,256,3,low,M,6,5818,0,No,42.3
9646,B,Ship,5,4,176,6,medium,M,9,4605,0,No,41.0
9647,C,Ship,3,5,198,4,low,F,10,4829,0,No,40.6
9648,F,Ship,4,1,272,2,low,M,2,5022,0,No,43.3
9649,D,Ship,4,3,149,3,medium,F,5,4031,0,Yes,55.8
9650,F,Ship,5,2,192,7,medium,M,2,4045,1,Yes,57.5
9651,A,Ship,6,1,117,7,medium,F,4,4211,0,No,42.5
9652,B,Ship,2,4,180,2,low,F,5,4010,1,Yes,67.7
9653,C,Ship,3,2,158,2,medium,M,9,4881,0,No,42.2
9654,F,Ship,5,5,266,10,high,F,2,5890,0,No,41.3
9655,D,Ship,6,3,304,4,low,M,5,1215,1,No,46.4
9656,F,Ship,6,3,244,5,medium,F,4,1121,1,No,46.4
9657,A,Ship,7,2,301,4,low,M,1,1339,0,No,48.9
9658,B,Ship,4,3,275,5,medium,M,5,1329,0,No,47.0
9659,C,Ship,5,4,236,5,low,M,1,1682,0,No,48.2
9660,F,Ship,6,5,286,4,medium,F,3,1773,1,No,48.1
9661,D,Ship,5,1,238,6,low,F,9,1192,0,No,46.4
9662,F,Ship,7,2,300,4,medium,M,3,1070,1,No,48.6
9663,A,Ship,6,4,292,4,medium,F,1,1372,1,No,48.3
9664,B,Ship,5,2,172,2,low,F,2,1680,0,Yes,78.3
9665,C,Ship,2,5,181,5,medium,F,5,1043,0,Yes,52.4
9666,F,Ship,7,5,289,4,low,F,10,1074,1,No,48.4
9667,D,Ship,7,5,256,4,medium,F,2,1396,0,No,48.9
9668,F,Ship,4,5,251,5,medium,F,6,1434,0,No,46.2
9669,A,Ship,6,4,279,4,low,F,1,1621,0,No,48.3
9670,B,Ship,6,5,271,4,low,M,3,1710,1,No,48.1
9671,C,Ship,4,2,258,5,medium,M,1,1920,0,No,48.0
9672,F,Ship,6,5,245,4,low,F,7,1521,0,No,46.3
9673,D,Ship,6,4,296,4,low,M,7,1969,0,No,45.2
9674,F,Ship,5,3,267,5,low,F,1,1505,0,No,48.1
9675,A,Ship,6,5,268,4,medium,M,2,1462,0,No,48.4
9676,B,Ship,7,2,277,5,low,F,1,1700,1,No,49.5
9677,C,Ship,6,2,259,4,low,M,5,1771,1,No,46.4
9678,F,Ship,5,1,275,5,low,F,3,1062,0,No,47.8
9679,D,Ship,6,5,298,4,low,M,3,1009,1,No,45.3
9680,F,Ship,5,2,243,5,medium,F,4,1013,1,No,43.4
9681,A,Ship,7,3,255,4,medium,F,4,1373,0,No,46.7
9682,B,Ship,4,3,232,5,low,F,9,1856,0,No,46.4
9683,C,Ship,6,5,254,4,medium,M,4,1887,1,No,46.1
9684,F,Ship,4,1,234,5,low,M,3,1134,0,No,48.3
9685,D,Ship,6,1,303,4,low,F,9,1080,0,No,46.8
9686,F,Ship,6,3,262,4,low,F,5,1563,0,No,46.4
9687,A,Ship,5,5,218,5,medium,F,7,1692,0,No,46.4
9688,B,Ship,4,5,241,5,low,M,2,1043,0,No,48.8
9689,C,Ship,6,3,267,4,medium,M,1,1942,1,No,48.1
9690,F,Ship,7,1,301,4,low,F,6,1052,1,No,47.3
9691,D,Ship,5,4,221,5,low,F,8,1927,1,No,46.1
9692,F,Ship,6,5,275,4,low,M,2,1700,1,No,48.5
9693,A,Ship,6,4,292,4,medium,M,5,1793,0,No,46.4
9694,B,Ship,5,4,245,6,medium,M,9,1660,0,No,46.1
9695,C,Ship,6,3,301,5,low,F,2,1452,1,No,48.3
9696,F,Ship,6,3,245,4,medium,M,3,1772,1,No,48.1
9697,D,Ship,7,5,288,4,low,F,1,1269,1,No,49.0
9698,F,Ship,6,3,274,4,low,F,5,1452,0,No,46.4
9699,A,Ship,4,2,231,5,low,F,2,1465,1,No,48.7
9700,B,Ship,6,3,310,5,low,M,6,1139,0,No,45.6
9701,C,Road,5,3,256,6,medium,M,3,1441,0,No,48.3
9702,F,Road,6,5,281,4,medium,M,5,1484,0,No,46.4
9703,D,Road,6,3,264,4,medium,F,3,1498,1,No,48.0
9704,F,Road,7,3,274,5,low,F,9,1764,0,No,46.0
9705,A,Road,5,2,272,5,low,M,8,1317,0,No,46.2
9706,B,Road,4,5,257,5,medium,M,6,1008,0,No,43.1
9707,C,Road,6,3,310,4,low,F,2,1189,0,No,48.3
9708,F,Road,5,2,249,6,low,M,8,1170,1,No,46.9
9709,D,Road,7,5,244,4,low,M,2,1330,1,No,48.7
9710,F,Road,4,3,219,6,medium,F,2,1634,0,No,49.2
9711,A,Road,7,1,264,4,medium,F,2,1540,0,No,49.1
9712,B,Road,4,5,217,5,low,F,3,1572,1,No,48.4
9713,C,Road,6,1,280,4,low,F,5,1624,0,No,46.5
9714,F,Road,4,2,247,5,low,M,10,1515,0,No,47.3
9715,D,Road,3,4,270,6,low,F,7,4098,1,Yes,50.2
9716,F,Road,4,5,248,3,low,F,2,5310,1,No,43.3
9717,A,Road,4,3,167,2,medium,F,1,5409,1,No,44.3
9718,B,Road,4,5,268,3,medium,M,9,5521,1,No,43.8
9719,C,Road,3,4,257,5,medium,M,10,4901,1,No,40.8
9720,F,Road,5,2,152,3,low,F,4,4770,1,No,45.3
9721,D,Road,4,2,147,3,low,M,3,4152,1,No,43.5
9722,F,Road,3,4,179,2,low,M,5,4882,1,No,43.1
9723,A,Flight,3,4,201,3,medium,M,10,4032,1,Yes,55.2
9724,B,Flight,3,2,140,3,medium,M,8,5724,0,No,44.4
9725,C,Flight,5,1,139,3,medium,M,2,5632,0,No,45.0
9726,F,Flight,4,1,152,5,medium,M,8,5711,0,No,43.5
9727,D,Flight,6,4,171,5,medium,M,9,4376,1,No,42.1
9728,F,Flight,5,4,97,3,medium,F,8,4577,0,No,45.0
9729,A,Flight,4,2,257,3,medium,M,8,5772,0,No,44.7
9730,B,Flight,4,1,154,4,medium,M,1,5480,0,No,41.9
9731,C,Flight,3,5,138,2,medium,M,1,4881,1,No,44.8
9732,F,Flight,5,5,173,2,low,M,7,4716,0,No,44.8
9733,D,Flight,3,5,252,3,medium,F,8,4557,1,No,43.1
9734,F,Flight,5,2,251,2,low,M,2,4245,1,No,45.4
9735,A,Flight,3,5,223,4,high,F,7,5042,1,No,42.3
9736,B,Flight,5,2,261,3,high,M,3,5303,1,No,45.0
9737,C,Flight,4,2,111,2,high,F,4,5393,0,No,42.6
9738,F,Flight,3,2,210,3,low,F,9,4731,1,No,43.3
9739,D,Flight,4,1,161,3,low,M,1,4789,0,No,44.6
9740,F,Flight,3,4,143,3,low,M,10,5261,0,No,43.2
9741,A,Flight,4,3,170,2,low,M,2,5607,0,No,43.0
9742,B,Flight,2,5,151,3,medium,M,9,4767,1,No,42.5
9743,C,Flight,3,3,154,2,low,M,1,5884,1,No,45.5
9744,F,Flight,4,4,146,3,medium,F,6,4672,1,No,43.4
9745,D,Ship,5,1,238,5,low,F,5,5854,0,No,41.2
9746,F,Ship,4,2,264,2,low,F,9,4490,0,No,42.1
9747,A,Ship,4,5,196,3,low,F,4,5610,0,No,43.1
9748,B,Ship,5,4,164,3,low,M,9,5135,1,No,44.4
9749,C,Ship,4,2,144,4,medium,F,2,4316,0,No,41.5
9750,F,Ship,3,5,147,2,medium,M,6,4350,0,No,42.6
9751,D,Ship,3,4,181,3,high,F,9,5470,0,No,43.4
9752,F,Ship,4,3,212,3,low,F,1,4518,0,No,44.2
9753,A,Ship,2,3,258,2,low,M,4,5052,1,No,41.3
9754,B,Ship,3,5,202,2,medium,F,8,4552,1,No,42.2
9755,C,Ship,4,5,143,3,medium,M,2,5286,1,No,43.4
9756,F,Ship,5,3,175,3,medium,F,7,5047,1,No,45.4
9757,D,Ship,5,1,135,3,low,F,10,5301,1,No,44.1
9758,F,Ship,2,5,249,3,low,F,3,4169,0,No,43.5
9759,A,Ship,4,2,202,3,medium,M,7,5821,0,No,42.3
9760,B,Ship,4,5,135,3,low,F,6,4557,0,No,42.9
9761,C,Ship,3,2,268,4,low,M,6,4415,0,No,41.0
9762,F,Ship,4,3,103,2,low,M,4,5146,0,No,42.8
9763,D,Ship,6,4,225,4,medium,M,10,4723,0,No,41.1
9764,F,Ship,6,5,211,6,low,M,3,4957,0,No,42.3
9765,A,Ship,3,5,161,2,low,F,8,5021,0,No,42.7
9766,B,Ship,4,4,155,2,medium,F,6,5942,0,No,42.7
9767,C,Ship,5,2,182,4,medium,F,9,5159,0,No,41.7
9768,F,Ship,5,5,124,3,low,M,10,4331,0,No,45.3
9769,D,Ship,4,3,167,3,high,F,4,6000,1,No,48.8
9770,F,Ship,4,4,246,3,low,F,7,4090,0,Yes,52.1
9771,A,Ship,3,2,196,5,medium,F,6,5692,0,No,40.9
9772,B,Ship,3,5,211,2,low,F,5,5877,1,No,41.7
9773,C,Ship,2,1,234,4,medium,F,9,5075,0,No,40.9
9774,F,Ship,3,5,174,6,low,M,6,5713,0,No,43.1
9775,D,Ship,5,4,190,3,medium,F,4,4424,1,No,45.8
9776,F,Ship,4,1,255,3,medium,F,6,4313,1,No,44.3
9777,A,Ship,3,1,192,3,medium,M,4,4997,1,No,43.5
9778,B,Ship,5,2,174,3,low,F,10,5973,1,No,41.9
9779,C,Ship,3,1,263,3,medium,F,4,4208,0,No,44.1
9780,F,Ship,5,5,251,2,high,F,3,4741,1,No,44.6
9781,D,Ship,5,3,223,3,low,F,2,4671,1,No,45.6
9782,F,Ship,3,3,168,2,low,M,1,5097,1,No,44.9
9783,A,Ship,3,4,213,3,high,M,7,5516,1,No,43.5
9784,B,Ship,4,3,99,6,medium,M,9,5903,0,No,42.4
9785,C,Ship,4,4,267,3,medium,M,9,5254,0,No,43.4
9786,F,Ship,5,1,183,3,medium,F,8,4531,0,No,45.2
9787,D,Ship,4,4,180,3,low,M,3,5031,0,No,43.5
9788,F,Ship,2,1,206,2,low,M,7,4721,0,No,40.5
9789,A,Ship,4,2,216,3,low,M,10,4636,0,No,43.2
9790,B,Ship,5,5,167,3,low,M,10,5591,0,No,43.9
9791,C,Ship,3,2,162,3,medium,M,4,4812,1,No,43.6
9792,F,Ship,3,1,250,3,medium,F,6,5832,0,No,42.7
9793,D,Ship,4,2,245,3,medium,M,1,4731,1,No,44.6
9794,F,Ship,3,4,226,3,low,F,7,4411,1,No,44.2
9795,A,Ship,5,1,226,2,medium,M,6,5395,0,No,44.0
9796,B,Ship,5,4,222,2,high,M,8,4996,1,No,44.0
9797,C,Ship,4,1,177,2,low,M,2,5911,0,No,44.4
9798,F,Ship,4,4,223,3,high,F,5,5654,0,No,43.1
9799,D,Ship,5,5,210,6,low,M,3,5051,0,No,42.1
9800,F,Ship,4,2,170,2,low,M,3,4299,0,No,43.4
9801,A,Ship,5,5,135,4,low,M,8,5029,0,No,42.5
9802,B,Ship,3,5,192,4,medium,F,7,4741,1,No,42.5
9803,C,Ship,4,2,204,3,medium,F,3,4001,0,Yes,64.1
9804,F,Ship,3,4,244,3,medium,M,4,4458,0,No,43.8
9805,D,Ship,3,2,255,4,low,F,8,5511,0,No,42.4
9806,F,Ship,4,5,160,2,medium,F,8,5234,0,No,42.7
9807,A,Ship,4,1,150,2,low,M,5,4133,0,No,40.6
9808,B,Ship,4,2,242,6,medium,F,10,5655,1,No,42.2
9809,C,Ship,4,5,240,6,medium,F,9,5498,1,No,42.6
9810,F,Ship,2,4,246,2,low,M,10,5337,1,No,41.9
9811,D,Ship,3,1,232,2,low,F,3,4562,1,No,42.6
9812,F,Ship,4,3,274,3,low,F,5,4409,0,No,43.7
9813,A,Ship,4,3,253,3,low,F,5,5703,0,No,43.6
9814,B,Ship,5,1,229,4,medium,M,1,4584,1,No,43.0
9815,C,Ship,4,4,131,3,medium,F,10,4625,0,No,43.0
9816,F,Ship,4,3,125,3,low,F,10,5883,0,No,41.6
9817,D,Ship,3,3,201,3,low,F,2,5540,1,No,43.6
9818,F,Ship,4,4,207,3,medium,F,1,4019,0,Yes,54.2
9819,A,Ship,3,1,144,2,medium,M,8,5378,1,No,42.7
9820,B,Ship,3,5,109,4,medium,F,4,4308,0,No,41.4
9821,C,Ship,4,2,161,2,high,F,8,5654,1,No,42.7
9822,F,Ship,4,2,151,3,medium,M,3,5154,1,No,43.5
9823,D,Ship,3,3,149,4,low,F,2,5282,0,No,41.9
9824,F,Ship,5,5,239,3,low,M,5,4122,0,Yes,50.5
9825,A,Ship,4,3,287,5,medium,M,6,4376,1,No,41.3
9826,B,Ship,3,3,132,2,medium,F,8,5810,1,No,43.4
9827,C,Ship,5,2,165,5,medium,M,9,5313,0,No,42.0
9828,F,Ship,5,4,143,2,low,M,1,5872,1,No,46.2
9829,D,Ship,4,4,262,3,medium,M,2,5429,0,No,43.3
9830,F,Ship,5,3,201,6,low,F,3,4025,1,Yes,54.6
9831,A,Ship,4,3,213,4,medium,M,8,4220,0,No,41.2
9832,B,Ship,2,3,269,2,low,M,3,5976,0,No,42.0
9833,C,Ship,6,5,217,4,low,F,2,4073,0,No,49.4
9834,F,Ship,4,3,133,2,low,F,10,4195,0,No,41.7
9835,D,Ship,3,4,248,3,medium,M,7,5299,0,No,43.5
9836,F,Ship,4,3,244,3,low,M,9,5339,0,No,43.4
9837,A,Ship,4,1,197,3,high,M,9,4917,0,No,43.2
9838,B,Road,5,5,268,4,low,F,9,4208,0,No,40.5
9839,C,Road,5,5,203,4,low,M,6,4557,1,No,41.1
9840,F,Road,4,4,224,2,low,F,3,4817,0,No,42.9
9841,D,Road,3,4,212,3,low,M,6,5935,1,No,43.4
9842,F,Road,5,4,208,6,medium,M,8,5098,0,No,42.9
9843,A,Road,4,5,155,3,medium,M,3,5939,1,No,43.6
9844,B,Road,5,4,260,3,low,M,8,4535,0,No,45.2
9845,C,Road,2,2,174,3,low,F,3,5348,0,No,41.8
9846,F,Road,4,1,161,3,medium,M,3,4590,0,No,42.8
9847,D,Road,5,5,246,3,medium,F,7,5167,0,No,45.4
9848,F,Road,5,1,173,4,medium,F,2,4615,0,No,42.0
9849,A,Road,3,2,175,2,low,M,9,4859,0,No,42.3
9850,B,Road,5,1,243,3,medium,F,10,4037,0,Yes,55.4
9851,C,Road,3,2,122,4,low,F,9,5299,1,No,41.8
9852,F,Road,4,2,219,2,low,F,1,5071,1,No,44.6
9853,D,Road,3,2,217,3,high,M,7,5910,0,No,43.4
9854,F,Road,4,3,250,6,medium,M,2,4246,0,No,40.9
9855,A,Road,3,3,274,3,low,F,5,5981,1,No,43.1
9856,B,Road,2,2,260,3,medium,F,6,4747,0,No,41.6
9857,C,Road,4,4,185,2,medium,F,1,4729,0,No,44.5
9858,F,Road,4,5,270,3,low,M,1,4131,0,No,43.0
9859,D,Road,6,3,166,5,medium,F,3,4596,1,No,42.6
9860,F,Flight,4,4,160,4,low,M,1,5520,1,No,41.9
9861,A,Flight,3,2,247,3,low,M,3,4338,0,No,43.4
9862,B,Flight,4,2,272,2,low,M,1,5703,1,No,45.2
9863,C,Flight,4,5,171,2,medium,F,1,4439,0,No,44.3
9864,F,Flight,5,2,211,3,medium,F,8,4962,0,No,45.0
9865,D,Flight,3,4,271,3,medium,M,1,4444,1,No,44.8
9866,F,Flight,6,4,155,5,medium,F,8,5982,0,No,41.6
9867,A,Flight,4,1,220,3,medium,F,7,4552,1,No,43.3
9868,B,Flight,3,3,220,3,low,F,10,5234,1,No,43.2
9869,C,Flight,2,4,285,3,high,M,6,4427,1,No,43.3
9870,F,Flight,3,1,109,6,low,F,5,4374,1,No,42.7
9871,D,Flight,3,4,194,3,medium,M,7,4565,0,No,43.2
9872,F,Flight,3,3,214,2,medium,F,9,4185,0,No,41.8
9873,A,Flight,3,5,161,3,low,F,4,5629,0,No,43.1
9874,B,Flight,3,5,202,4,medium,F,7,4458,0,No,42.3
9875,C,Flight,3,3,179,8,high,F,3,5429,1,No,43.5
9876,F,Flight,5,1,137,5,low,F,8,4584,0,No,42.4
9877,D,Flight,6,1,173,3,medium,F,2,4892,0,No,45.3
9878,F,Flight,3,4,243,3,medium,M,6,4950,0,No,43.4
9879,A,Flight,4,2,258,5,medium,M,2,1494,0,No,48.7
9880,B,Flight,6,3,245,4,low,F,3,1982,1,No,47.2
9881,C,Flight,6,3,296,4,low,F,4,1650,0,No,46.5
9882,F,Ship,5,4,267,5,low,M,9,1113,0,No,45.8
9883,D,Ship,6,5,268,4,medium,F,1,1248,1,No,48.2
9884,F,Ship,7,4,277,5,low,M,4,1373,0,No,46.1
9885,A,Ship,6,1,259,4,low,F,4,1198,0,No,46.4
9886,B,Ship,5,1,275,5,low,M,6,1156,1,No,45.5
9887,C,Ship,6,3,298,4,low,F,9,1515,1,No,45.4
9888,F,Ship,5,2,243,5,medium,F,4,1385,0,No,46.2
9889,D,Ship,7,2,255,4,medium,F,10,1372,0,No,46.7
9890,F,Ship,4,5,232,5,low,F,3,1817,0,No,48.2
9891,A,Ship,3,4,247,3,low,F,4,5844,0,No,42.6
9892,B,Ship,4,4,272,2,low,M,1,4013,1,Yes,64.9
9893,C,Ship,4,1,171,2,medium,F,10,4536,0,No,42.1
9894,F,Ship,5,5,211,3,medium,F,7,5983,1,No,46.8
9895,D,Ship,3,1,271,3,medium,M,1,5486,1,No,44.8
9896,F,Ship,6,1,155,5,medium,F,8,4882,0,No,42.9
9897,A,Ship,4,5,220,3,medium,F,1,4912,1,No,44.6
9898,B,Ship,3,5,220,3,low,F,5,4407,0,No,44.2
9899,C,Ship,2,1,285,3,high,F,7,4999,0,No,41.9
9900,F,Ship,3,1,109,6,low,F,6,5457,1,No,41.9
9901,D,Ship,3,2,194,3,medium,F,7,4727,1,No,43.6
9902,F,Ship,3,5,214,2,medium,F,6,4578,0,No,42.2
9903,A,Ship,3,5,161,3,low,F,10,5663,1,No,43.2
9904,B,Ship,3,3,202,4,medium,M,10,5137,1,No,40.8
9905,C,Ship,3,2,179,8,high,M,3,4584,0,No,42.8
9906,F,Ship,5,1,137,5,low,M,4,4586,1,No,41.8
9907,D,Ship,6,2,173,3,medium,F,4,5970,0,No,43.7
9908,F,Ship,3,1,243,3,medium,M,6,5371,0,No,43.2
9909,A,Ship,4,5,258,5,medium,M,2,1481,0,No,48.7
9910,B,Ship,6,2,245,4,low,F,9,1594,0,No,45.4
9911,C,Ship,6,4,296,4,low,M,4,1973,0,No,45.2
9912,F,Ship,5,5,267,5,low,F,1,1352,1,No,48.0
9913,D,Ship,6,1,268,4,medium,M,10,1958,0,No,45.1
9914,F,Ship,7,2,277,5,low,F,7,1260,1,No,46.9
9915,A,Ship,6,2,259,4,low,F,10,2000,1,Yes,57.9
9916,B,Ship,5,3,275,5,low,F,2,1816,0,No,48.2
9917,C,Ship,6,2,298,4,low,M,2,1648,0,No,48.5
9918,F,Ship,5,5,243,5,medium,M,2,1817,0,No,48.2
9919,D,Ship,6,5,280,4,low,F,3,1819,1,No,48.0
9920,F,Ship,6,3,277,4,medium,M,6,1623,1,No,45.7
9921,A,Ship,6,4,284,4,low,F,7,1518,1,No,46.3
9922,B,Ship,4,1,258,5,low,M,8,1306,0,No,47.0
9923,C,Ship,7,1,254,4,low,F,5,1865,1,No,47.2
9924,F,Ship,5,4,263,5,medium,M,8,1548,0,No,46.1
9925,D,Ship,6,2,267,4,low,M,10,1580,0,No,45.8
9926,F,Ship,6,3,247,4,medium,M,7,1626,1,No,46.5
9927,A,Ship,5,1,233,5,medium,F,6,1631,1,No,45.6
9928,B,Ship,7,2,254,4,medium,F,9,1788,0,No,45.6
9929,C,Ship,6,1,289,5,medium,M,7,1223,0,No,46.5
9930,F,Ship,6,2,282,4,medium,M,6,1674,0,No,45.7
9931,D,Ship,5,3,243,6,medium,M,10,1729,1,No,46.6
9932,F,Ship,5,3,243,5,medium,M,8,1223,1,No,46.3
9933,A,Ship,4,2,228,5,low,F,3,1473,1,No,48.4
9934,B,Ship,5,5,235,5,low,M,4,1758,0,No,46.3
9935,C,Ship,4,4,274,6,low,M,10,1355,1,No,48.0
9936,F,Ship,6,4,254,5,medium,F,10,1435,0,No,45.7
9937,D,Ship,4,5,251,6,low,F,1,1625,0,No,48.4
9938,F,Ship,7,1,310,4,medium,F,8,1601,1,No,47.3
9939,A,Ship,7,3,288,4,medium,M,3,1989,0,No,48.3
9940,B,Ship,4,3,218,5,medium,F,9,1024,0,No,45.2
9941,C,Ship,5,5,251,5,medium,F,10,1683,0,No,45.9
9942,F,Ship,5,3,263,5,medium,F,6,1192,0,No,45.5
9943,D,Ship,4,4,266,6,low,F,2,1776,1,No,49.2
9944,F,Ship,6,2,307,4,low,F,9,1674,0,No,45.6
9945,A,Ship,7,5,268,4,medium,F,9,1754,1,No,45.6
9946,B,Ship,6,5,157,5,low,F,10,1133,0,No,46.1
9947,C,Ship,7,3,262,4,low,F,1,1384,1,No,49.0
9948,F,Ship,4,2,245,5,medium,M,10,1668,1,No,47.7
9949,D,Ship,5,5,217,6,medium,M,5,1616,0,No,46.9
9950,F,Ship,6,3,259,4,high,F,7,1208,0,No,46.5
9951,A,Ship,5,2,238,5,low,F,4,1962,0,No,45.6
9952,B,Ship,6,4,288,4,medium,F,9,1575,0,No,45.4
9953,C,Ship,7,4,284,4,low,M,3,1751,1,No,48.7
9954,F,Ship,4,4,243,5,medium,M,2,1842,0,No,48.4
9955,D,Ship,6,2,260,4,low,F,8,1522,0,No,46.2
9956,F,Ship,4,3,264,5,low,F,2,1541,0,No,48.7
9957,A,Ship,5,2,269,5,medium,F,10,1113,1,No,46.2
9958,B,Ship,7,4,282,4,low,M,6,1800,0,No,46.2
9959,C,Ship,5,2,250,6,low,M,1,1296,1,No,47.8
9960,F,Ship,5,5,230,5,low,F,8,1067,0,No,46.3
9961,D,Ship,6,5,254,4,high,F,10,1217,0,No,46.2
9962,F,Ship,5,4,256,5,low,M,2,1723,1,No,48.3
9963,A,Ship,4,2,255,5,low,F,7,1378,0,No,47.0
9964,B,Ship,7,3,306,4,low,M,2,1790,1,No,49.1
9965,C,Ship,6,2,189,2,low,F,2,1837,0,Yes,72.6
9966,F,Ship,6,3,280,4,low,M,2,1753,0,No,48.4
9967,D,Ship,6,5,310,4,medium,F,10,1553,0,No,45.8
9968,F,Ship,5,4,266,2,medium,M,1,5494,0,No,45.9
9969,A,Ship,3,3,196,3,low,M,4,5622,0,No,43.1
9970,B,Ship,3,2,198,5,medium,F,6,5443,0,No,41.4
9971,C,Ship,5,5,163,2,high,M,6,5253,1,No,44.1
9972,F,Ship,3,3,137,3,low,F,8,4742,0,No,43.6
9973,D,Ship,3,1,167,2,low,F,8,4171,1,No,42.8
9974,F,Ship,3,5,115,2,low,M,10,4200,0,No,41.6
9975,A,Road,5,2,192,2,low,M,5,4046,0,Yes,54.7
9976,B,Road,4,2,238,5,medium,M,9,4618,0,No,40.6
9977,C,Road,4,2,142,3,low,M,2,4790,1,No,43.6
9978,F,Road,3,2,256,2,low,F,7,5725,1,No,43.6
9979,D,Road,4,1,208,3,medium,F,7,4592,0,No,42.9
9980,F,Road,3,2,257,2,medium,M,8,4242,1,No,43.3
9981,A,Road,4,3,227,3,medium,M,8,5829,1,No,42.4
9982,B,Road,4,2,219,4,low,M,8,5660,0,No,42.6
9983,C,Road,5,3,202,2,low,F,9,5645,1,No,43.2
9984,F,Road,4,2,158,3,medium,F,9,4078,1,Yes,50.8
9985,D,Road,6,3,235,3,low,F,7,4829,1,No,45.9
9986,F,Road,4,4,233,3,low,M,9,4300,1,No,44.1
9987,A,Road,4,5,244,3,medium,M,3,5857,1,No,42.8
9988,B,Road,3,5,244,5,medium,F,10,4163,0,No,37.6
9989,C,Road,3,5,148,3,low,M,4,5919,0,No,43.5
9990,F,Road,5,5,171,2,high,M,8,4602,0,No,43.8
9991,D,Road,5,2,197,5,low,F,4,4196,1,No,41.2
9992,F,Road,3,1,256,3,low,F,5,5643,0,No,43.2
9993,A,Road,6,3,223,2,medium,M,7,5007,0,No,45.2
9994,B,Road,5,2,271,4,low,F,4,4066,0,No,49.1
9995,C,Road,2,1,135,4,medium,F,8,5001,1,No,40.4
9996,F,Road,6,4,272,2,low,M,7,4145,0,No,44.3
9997,D,Flight,3,1,265,3,medium,F,10,4244,0,No,43.1
9998,F,Flight,5,5,180,2,high,M,5,4585,1,No,44.0
9999,A,Flight,5,3,187,3,low,M,2,5967,0,No,44.2
10000,B,Flight,3,3,158,3,low,M,1,5502,0,No,44.8
10001,C,Flight,4,1,234,2,medium,F,4,5164,0,No,42.8
10002,F,Flight,6,4,224,5,medium,M,10,5602,0,No,41.8
10003,D,Flight,4,4,153,3,medium,M,3,4422,1,No,43.6
10004,F,Flight,3,5,125,2,low,F,2,4182,1,No,44.5
10005,A,Flight,4,1,204,3,medium,M,3,4310,0,No,43.9
10006,B,Flight,3,1,199,3,high,M,3,5127,0,No,43.6
10007,C,Flight,3,4,216,3,low,F,3,5149,0,No,43.6
10008,F,Flight,4,3,183,3,low,F,6,5712,1,No,43.7
10009,D,Flight,4,3,136,3,medium,F,4,5769,1,No,45.0
10010,F,Flight,4,1,269,3,low,F,3,4409,1,No,43.6
10011,A,Flight,5,5,105,4,low,M,6,5135,1,No,41.5
10012,B,Flight,4,2,253,2,low,F,4,4502,1,No,42.9
10013,C,Flight,3,1,263,3,medium,M,4,4616,0,No,42.9
10014,F,Flight,4,1,266,3,low,M,10,4382,0,No,43.6
10015,D,Flight,3,3,185,2,low,M,4,4746,0,No,42.9
10016,F,Flight,3,4,245,2,medium,F,1,4427,0,No,44.6
10017,A,Flight,3,5,184,3,medium,F,9,4969,0,No,43.2
10018,B,Flight,5,4,235,3,medium,F,8,4636,0,No,45.4
10019,C,Ship,3,2,247,3,medium,M,8,5194,0,No,43.3
10020,F,Ship,4,4,145,2,medium,M,9,5070,0,No,42.3
10021,D,Ship,3,3,158,2,low,F,4,5960,0,No,42.8
10022,F,Ship,4,5,268,2,low,M,2,4721,1,No,43.3
10023,A,Ship,3,1,186,3,medium,F,4,5515,1,No,43.3
10024,B,Ship,2,3,226,3,medium,M,8,5106,1,No,42.0
10025,C,Ship,5,1,258,3,medium,M,7,4466,1,No,46.6
10026,F,Ship,3,4,189,3,high,M,2,5464,0,No,43.6
10027,D,Ship,5,3,255,4,medium,F,4,4178,1,No,42.2
10028,F,Ship,5,5,207,4,low,F,1,5035,0,No,42.9
10029,A,Ship,3,5,271,3,low,M,2,5229,1,No,43.7
10030,B,Ship,3,4,239,4,medium,F,10,5455,1,No,40.8
10031,C,Ship,4,4,186,3,low,F,8,4969,1,No,43.5
10032,F,Ship,4,1,139,3,medium,F,7,4275,0,No,44.8
10033,D,Ship,3,3,224,6,medium,M,10,4221,0,No,38.0
10034,F,Ship,4,2,198,2,high,M,2,5662,0,No,42.9
10035,A,Ship,4,4,102,3,high,F,9,5644,1,No,43.4
10036,B,Ship,3,3,219,3,high,M,5,4321,0,No,45.1
10037,C,Ship,4,5,240,5,medium,M,8,4314,0,No,41.8
10038,F,Ship,3,2,222,2,medium,M,1,4021,1,Yes,56.3
10039,D,Ship,2,2,221,2,medium,F,3,4500,1,No,41.0
10040,F,Ship,5,3,229,2,medium,F,1,5294,1,No,46.0
10041,A,Ship,5,2,146,3,low,F,5,4725,0,No,45.2
10042,B,Ship,3,3,165,2,low,M,1,5661,0,No,43.9
10043,C,Ship,4,4,200,3,low,F,7,5807,1,No,44.9
10044,F,Ship,4,2,232,2,low,M,5,4907,0,No,42.5
10045,D,Ship,5,5,240,2,low,F,2,5655,0,No,44.3
10046,F,Ship,5,4,240,4,medium,M,7,4552,1,No,42.4
10047,A,Ship,3,2,187,3,medium,F,7,5334,0,No,43.5
10048,B,Ship,5,4,239,3,low,F,7,4960,0,No,45.4
10049,C,Ship,3,1,171,4,medium,F,6,5398,0,No,41.2
10050,F,Ship,4,2,239,4,medium,M,8,4039,0,Yes,50.6
10051,D,Ship,4,2,166,5,low,M,8,4493,0,No,41.7
10052,F,Ship,6,1,113,2,medium,F,7,5234,1,No,45.1
10053,A,Ship,4,3,104,5,low,F,6,4617,1,No,40.3
10054,B,Ship,3,4,270,3,medium,F,10,5417,0,No,43.2
10055,C,Ship,5,1,145,2,medium,M,8,4485,1,No,44.1
10056,F,Ship,3,5,171,3,medium,M,5,4075,1,Yes,50.8
10057,D,Ship,4,5,160,3,low,F,9,5799,1,No,44.2
10058,F,Ship,4,2,210,2,medium,F,1,5437,1,No,44.3
10059,A,Ship,4,1,256,4,medium,F,3,5324,0,No,41.1
10060,B,Ship,4,5,155,3,low,F,10,5315,1,No,43.2
10061,C,Ship,5,1,126,5,medium,F,2,5659,1,No,43.1
10062,F,Ship,3,1,189,3,low,M,1,4886,0,No,44.9
10063,D,Ship,4,1,206,3,high,M,2,5013,1,No,43.6
10064,F,Ship,4,3,242,2,medium,M,2,5879,0,No,43.7
10065,A,Ship,3,1,258,2,low,F,4,5262,0,No,42.9
10066,B,Ship,4,4,196,4,low,F,10,4871,1,No,40.6
10067,C,Ship,3,3,209,3,low,M,1,5186,0,No,44.8
10068,F,Ship,4,4,259,2,low,M,6,4308,1,No,43.4
10069,D,Ship,2,1,140,2,medium,F,8,4965,0,No,41.0
10070,F,Ship,5,3,141,2,medium,F,10,4651,0,No,43.7
10071,A,Ship,3,1,160,2,medium,M,5,4435,1,No,43.3
10072,B,Ship,5,4,208,4,medium,F,8,4116,0,No,49.0
10073,C,Ship,3,4,198,3,low,F,3,5322,0,No,43.3
10074,F,Ship,4,4,264,3,low,M,6,5959,1,No,43.1
10075,D,Ship,4,3,136,4,low,M,10,5911,0,No,39.3
10076,F,Ship,4,4,221,4,low,F,2,5595,1,No,41.4
10077,A,Ship,5,3,242,3,low,F,10,4889,1,No,44.4
10078,B,Ship,4,2,162,3,low,M,7,5614,0,No,43.5
10079,C,Ship,4,5,258,3,low,F,3,5422,1,No,43.2
10080,F,Ship,5,3,172,3,medium,F,3,4056,0,Yes,53.3
10081,D,Ship,4,4,222,4,medium,M,6,4733,0,No,41.1
10082,F,Ship,3,2,215,2,low,F,7,4305,0,No,43.7
10083,A,Ship,3,4,164,2,low,M,1,4067,1,Yes,52.9
10084,B,Ship,5,1,233,3,low,F,6,5560,0,No,44.9
10085,C,Ship,4,4,249,3,medium,F,1,5743,0,No,46.3
10086,F,Ship,4,5,217,3,low,F,3,5380,1,No,43.2
10087,D,Ship,4,3,260,3,low,M,1,4796,0,No,44.6
10088,F,Ship,4,1,219,2,medium,M,6,5314,0,No,42.4
10089,A,Ship,4,1,267,4,medium,M,2,4024,0,Yes,53.6
10090,B,Ship,5,3,137,4,low,F,9,4754,0,No,42.0
10091,C,Ship,4,5,141,2,low,M,1,4395,1,No,44.3
10092,F,Ship,4,2,201,2,medium,M,6,5729,0,No,43.7
10093,D,Ship,5,1,125,4,medium,M,3,5595,0,No,41.9
10094,F,Ship,3,1,173,2,medium,F,1,5927,1,No,47.0
10095,A,Ship,3,5,271,2,medium,F,6,4020,1,Yes,57.5
10096,B,Ship,4,5,243,3,low,M,9,5263,0,No,43.4
10097,C,Ship,5,1,151,3,low,F,9,4895,0,No,44.7
10098,F,Ship,4,4,224,4,medium,F,2,4503,1,No,41.9
10099,D,Ship,3,2,141,3,low,M,7,4682,0,No,43.6
10100,F,Ship,3,2,133,3,medium,M,10,5803,0,No,43.7
10101,A,Ship,3,2,239,3,low,M,4,5628,1,No,43.1
10102,B,Ship,4,3,203,2,low,M,8,5597,0,No,42.7
10103,C,Ship,4,2,220,3,low,F,9,5896,0,No,43.0
10104,F,Ship,4,3,212,2,low,M,8,5513,0,No,42.7
10105,D,Ship,2,4,252,4,medium,M,4,4787,0,No,39.7
10106,F,Ship,5,5,265,3,low,M,3,5637,0,No,44.9
10107,A,Ship,4,2,199,3,low,M,7,5342,0,No,43.5
10108,B,Ship,3,5,209,3,high,F,4,5413,0,No,43.3
10109,C,Ship,4,5,254,3,low,F,7,4363,0,No,44.2
10110,F,Ship,2,3,216,3,high,M,9,4032,1,Yes,57.8
10111,D,Ship,5,4,196,2,medium,M,2,5515,0,No,44.5
10112,F,Road,4,4,258,3,high,M,2,5420,0,No,43.3
10113,A,Road,3,3,137,3,high,M,7,5794,1,No,44.6
10114,B,Road,6,5,282,4,low,M,10,4901,0,No,41.0
10115,C,Road,3,2,156,2,medium,M,10,4276,0,No,42.3
10116,F,Road,4,5,237,5,medium,M,4,4917,0,No,41.4
10117,D,Road,4,5,170,3,medium,M,3,4695,1,No,43.5
10118,F,Road,4,1,243,3,high,F,9,4277,0,No,43.9
10119,A,Road,4,5,163,3,medium,F,2,4887,0,No,43.6
10120,B,Road,3,4,257,3,low,F,4,4883,0,No,43.6
10121,C,Road,5,4,179,6,medium,M,1,5433,0,No,42.1
10122,F,Road,3,3,274,4,medium,F,7,4828,0,No,42.3
10123,D,Road,3,4,174,2,low,F,4,4295,1,No,43.4
10124,F,Road,4,2,162,6,low,F,4,4094,0,No,49.5
10125,A,Road,6,2,269,6,medium,M,4,4423,0,No,42.3
10126,B,Road,4,1,147,2,low,M,8,4600,1,No,42.1
10127,C,Road,6,4,286,4,medium,F,5,4262,0,No,42.1
10128,F,Road,2,5,271,3,low,F,6,5471,1,No,41.6
10129,D,Road,5,2,130,4,high,M,4,4371,0,No,42.3
10130,F,Road,4,5,258,2,medium,F,2,4303,1,No,43.7
10131,A,Road,5,1,151,3,medium,F,1,4981,0,No,46.2
10132,B,Road,5,4,208,8,medium,F,4,5155,1,No,43.7
10133,C,Road,6,2,137,10,low,F,5,4510,0,No,42.7
10134,F,Flight,3,1,250,3,medium,F,8,5509,0,No,43.6
10135,D,Flight,4,5,211,2,low,F,4,4106,1,Yes,51.1
10136,F,Flight,4,1,196,3,medium,F,9,5216,1,No,43.4
10137,A,Flight,3,4,174,3,low,F,3,5366,1,No,43.3
10138,B,Flight,6,5,277,4,medium,F,5,1845,1,No,46.4
10139,C,Flight,6,2,284,4,low,F,7,1181,1,No,46.5
10140,F,Flight,4,5,258,5,low,M,3,1162,0,No,48.3
10141,D,Flight,7,1,254,4,low,M,9,1876,0,No,45.6
10142,F,Flight,5,5,263,5,medium,M,10,1789,1,No,45.9
10143,A,Flight,6,5,267,4,low,M,3,1550,0,No,48.0
10144,B,Flight,6,4,247,4,medium,M,2,1858,1,No,48.2
10145,C,Flight,5,1,233,5,medium,M,4,1622,0,No,46.4
10146,F,Flight,7,5,254,4,medium,F,6,1014,0,No,44.9
10147,D,Flight,6,3,289,5,medium,F,1,1949,1,No,48.1
10148,F,Flight,6,2,282,4,medium,F,9,1385,0,No,45.4
10149,A,Flight,5,3,243,6,medium,F,10,1189,1,No,46.9
10150,B,Flight,5,1,243,5,medium,M,8,1732,0,No,46.2
10151,C,Flight,4,5,228,5,low,M,2,1996,0,Yes,57.1
10152,F,Flight,5,4,235,5,low,F,8,1549,0,No,46.1
10153,D,Flight,4,1,274,6,low,M,8,1141,1,No,47.7
10154,F,Flight,6,3,254,5,medium,F,7,1615,1,No,46.4
10155,A,Flight,4,4,237,5,medium,F,6,4586,0,No,40.7
10156,B,Ship,4,4,170,3,medium,M,4,4062,0,Yes,52.2
10157,C,Ship,4,4,243,3,high,F,4,5082,1,No,43.4
10158,F,Ship,4,5,163,3,medium,M,1,4049,1,Yes,52.6
10159,D,Ship,3,3,257,3,low,M,5,4937,1,No,43.8
10160,F,Ship,5,3,179,6,medium,M,1,4930,1,No,42.2
10161,A,Ship,3,1,274,4,medium,M,4,4057,0,No,46.1
10162,B,Ship,3,4,174,2,low,M,7,4596,0,No,42.1
10163,C,Ship,4,1,162,6,low,M,1,5525,1,No,41.4
10164,F,Ship,6,1,269,6,medium,F,2,5363,0,No,41.8
10165,D,Ship,4,3,147,2,low,M,2,5431,0,No,43.0
10166,F,Ship,6,5,286,4,medium,F,4,4889,0,No,42.1
10167,A,Ship,2,5,271,3,low,M,9,4185,0,No,43.6
10168,B,Ship,5,1,130,4,high,F,9,4946,1,No,41.6
10169,C,Ship,4,4,258,2,medium,F,5,4562,0,No,42.2
10170,F,Ship,5,5,151,3,medium,M,2,5506,0,No,45.1
10171,D,Ship,5,2,208,8,medium,M,5,4751,0,No,44.3
10172,F,Ship,6,2,137,10,low,F,4,4490,0,No,42.7
10173,A,Ship,3,2,250,3,medium,M,6,4636,0,No,43.4
10174,B,Ship,4,3,211,2,low,F,6,5473,1,No,42.4
10175,C,Ship,4,4,196,3,medium,F,2,4320,1,No,44.4
10176,F,Ship,3,2,174,3,low,F,3,5207,1,No,43.3
10177,D,Ship,6,3,277,4,medium,F,6,1433,0,No,45.6
10178,F,Ship,6,3,284,4,low,F,3,1291,0,No,47.9
10179,A,Ship,4,4,258,5,low,M,9,1947,1,No,46.5
10180,B,Ship,7,2,254,4,low,M,6,1006,0,No,44.9
10181,C,Ship,5,5,263,5,medium,M,2,1417,0,No,48.3
10182,F,Ship,6,1,267,4,low,M,9,1146,1,No,45.8
10183,D,Ship,6,2,247,4,medium,M,3,1118,0,No,47.9
10184,F,Ship,5,3,233,5,medium,F,3,1398,0,No,47.8
10185,A,Ship,7,5,254,4,medium,F,1,1347,0,No,48.9
10186,B,Ship,6,2,289,5,medium,F,10,1607,1,No,45.9
10187,C,Ship,6,3,282,4,medium,F,8,1375,0,No,46.2
10188,F,Ship,5,2,243,6,medium,M,7,1752,0,No,46.7
10189,D,Ship,5,4,243,5,medium,F,4,1813,0,No,46.3
10190,F,Ship,4,1,228,5,low,F,6,1874,0,No,45.8
10191,A,Ship,5,5,235,5,low,M,8,1332,1,No,46.1
10192,B,Ship,7,3,306,4,low,F,4,1630,0,No,47.1
10193,C,Ship,6,1,189,2,low,F,6,1269,0,Yes,75.2
10194,F,Ship,6,4,280,4,low,M,4,1831,1,No,46.4
10195,D,Ship,6,4,310,4,medium,M,1,1494,1,No,48.3
10196,F,Ship,4,3,264,6,medium,F,10,1962,1,No,47.8
10197,A,Ship,5,5,243,6,low,M,9,1348,0,No,46.0
10198,B,Ship,5,5,245,5,low,M,5,1252,0,No,46.3
10199,C,Ship,5,5,239,6,low,M,1,1384,0,No,47.9
10200,F,Ship,4,3,248,5,low,F,7,1789,1,No,47.1
10201,D,Ship,6,1,268,4,low,F,1,1654,1,No,48.3
10202,F,Ship,6,4,271,4,low,F,6,1503,0,No,45.6
10203,A,Ship,4,5,233,5,low,F,8,1040,1,No,47.4
10204,B,Ship,5,1,245,5,low,M,9,1694,1,No,45.6
10205,C,Ship,5,2,248,5,medium,F,1,1845,1,No,48.1
10206,F,Ship,5,2,234,5,medium,M,6,1703,0,No,45.6
10207,D,Ship,4,2,259,5,medium,F,2,1054,0,No,48.5
10208,F,Ship,5,1,259,6,low,F,2,1876,0,No,48.2
10209,A,Ship,5,2,263,6,low,M,2,1851,0,No,48.4
10210,B,Ship,3,1,158,5,low,M,4,1171,1,Yes,53.9
10211,C,Ship,5,5,270,5,low,M,5,1852,1,No,46.1
10212,F,Ship,4,3,271,5,low,M,6,1555,1,No,46.2
10213,D,Ship,5,5,237,5,medium,F,9,1709,0,No,45.6
10214,F,Ship,6,1,250,4,medium,M,5,1747,0,No,46.5
10215,A,Ship,4,2,270,5,low,F,10,1340,0,No,47.3
10216,B,Ship,4,5,242,6,low,F,9,1858,0,No,47.0
10217,C,Ship,5,1,271,5,low,F,4,1557,1,No,46.2
10218,F,Ship,4,3,254,5,low,F,8,1851,0,No,46.9
10219,D,Ship,5,3,274,5,medium,M,7,1696,1,No,46.4
10220,F,Ship,4,3,249,5,low,F,10,1067,1,No,48.4
10221,A,Ship,4,3,245,5,low,M,7,1182,0,No,47.2
10222,B,Ship,4,5,237,5,low,F,9,1978,1,No,45.6
10223,C,Ship,4,3,238,6,low,M,2,1898,0,No,48.6
10224,F,Ship,5,3,242,5,low,F,6,1681,0,No,45.6
10225,D,Ship,5,5,217,6,medium,M,1,1761,0,No,47.9
10226,F,Ship,4,2,242,6,low,F,10,1531,1,No,48.0
10227,A,Ship,6,1,265,4,low,F,1,1345,1,No,48.1
10228,B,Ship,3,4,267,3,low,F,3,4566,0,No,43.2
10229,C,Ship,3,1,238,2,low,M,9,5158,0,No,42.3
10230,F,Ship,5,3,284,5,medium,F,4,5343,1,No,41.8
10231,D,Ship,4,3,137,3,medium,M,5,4854,1,No,43.3
10232,F,Ship,2,1,232,6,low,F,2,5281,1,No,40.3
10233,A,Ship,3,3,262,2,low,F,10,5951,1,No,41.8
10234,B,Ship,5,1,158,2,medium,M,6,4873,0,No,44.4
10235,C,Ship,5,5,226,4,low,F,10,5676,1,No,41.7
10236,F,Ship,4,3,199,2,low,M,4,5855,0,No,41.9
10237,D,Ship,4,4,175,2,medium,F,10,4927,0,No,42.3
10238,F,Ship,5,1,233,3,low,F,9,5039,0,No,44.4
10239,A,Ship,2,5,111,2,low,F,5,4038,1,Yes,58.4
10240,B,Ship,5,2,218,3,low,M,4,5363,1,No,44.9
10241,C,Ship,5,1,189,4,low,F,10,4166,1,No,41.3
10242,F,Ship,4,3,257,3,low,M,8,5944,0,No,43.2
10243,D,Ship,4,2,160,3,low,M,5,4492,0,No,43.1
10244,F,Ship,3,3,197,3,low,F,4,4858,1,No,43.6
10245,A,Ship,3,5,283,2,low,M,2,4207,0,No,44.5
10246,B,Ship,5,5,197,4,low,F,7,4141,1,No,42.2
10247,C,Ship,3,1,259,4,low,F,9,4084,1,No,45.8
10248,F,Ship,4,3,195,3,medium,M,5,5863,0,No,41.6
10249,D,Road,3,1,159,2,medium,M,5,4906,1,No,43.0
10250,F,Road,3,1,267,3,medium,F,8,5415,1,No,43.6
10251,A,Road,5,2,155,3,low,F,10,4485,1,No,44.9
10252,B,Road,3,1,267,2,low,F,9,5744,0,No,43.3
10253,C,Road,4,1,239,3,medium,F,9,4930,1,No,43.2
10254,F,Road,3,1,263,3,high,M,10,4911,0,No,43.0
10255,D,Road,3,5,217,3,medium,M,3,5433,0,No,43.3
10256,F,Road,4,3,173,3,low,M,4,4793,1,No,43.4
10257,A,Road,2,2,163,3,low,M,5,5887,0,No,41.1
10258,B,Road,5,5,232,5,low,F,2,5561,0,No,42.3
10259,C,Road,3,3,155,3,medium,M,5,4957,1,No,43.8
10260,F,Road,3,4,160,4,low,M,1,5341,0,No,42.3
10261,D,Road,5,4,200,3,medium,M,3,4225,0,No,46.0
10262,F,Road,4,1,160,2,medium,M,1,5741,1,No,46.4
10263,A,Road,3,3,220,3,low,M,7,5323,1,No,43.5
10264,B,Road,3,3,160,2,medium,F,3,4665,0,No,43.0
10265,C,Road,3,4,136,3,low,F,4,5368,0,No,43.3
10266,F,Road,5,1,252,3,high,F,2,5032,0,No,45.4
10267,D,Road,3,4,138,5,medium,F,5,5690,0,No,41.1
10268,F,Road,4,4,173,3,low,M,10,4616,0,No,42.7
10269,A,Road,4,5,198,3,low,M,2,4272,0,No,43.6
10270,B,Road,4,1,194,2,medium,F,3,5503,0,No,42.7
10271,C,Flight,4,5,157,3,medium,M,10,5898,1,No,41.9
10272,F,Flight,3,3,220,3,low,F,2,5065,1,No,43.8
10273,D,Flight,4,4,160,3,medium,M,5,4440,0,No,43.7
10274,F,Flight,3,4,214,2,low,M,7,5256,1,No,42.6
10275,A,Flight,5,5,213,3,medium,M,5,5247,0,No,45.0
10276,B,Flight,3,5,146,3,medium,M,8,5637,1,No,43.7
10277,C,Flight,4,3,176,5,low,M,2,5751,1,No,44.6
10278,F,Flight,3,2,219,4,low,F,6,4314,1,No,40.8
10279,D,Flight,4,3,164,3,medium,F,4,4495,0,No,43.2
10280,F,Flight,3,4,168,2,medium,F,7,4699,1,No,42.8
10281,A,Flight,5,3,167,3,low,M,9,5026,0,No,44.4
10282,B,Flight,3,2,152,3,medium,F,7,4244,0,No,44.7
10283,C,Flight,5,4,248,3,low,M,7,5335,1,No,45.4
10284,F,Flight,3,5,177,2,low,F,2,4906,1,No,43.4
10285,D,Flight,4,4,148,3,low,M,4,5716,1,No,43.7
10286,F,Flight,4,2,107,2,low,F,8,4460,0,No,42.7
10287,A,Flight,6,2,196,2,low,M,10,5180,1,No,43.8
10288,B,Flight,3,3,215,2,low,F,2,5661,0,No,43.0
10289,C,Flight,4,5,260,3,low,M,10,4331,0,No,43.3
10290,F,Flight,5,5,156,2,low,F,8,4817,0,No,44.2
10291,D,Flight,4,1,266,2,high,M,4,5116,0,No,42.8
10292,F,Flight,4,1,146,3,low,F,1,4831,1,No,44.6
10293,A,Ship,4,2,210,3,medium,F,10,5354,0,No,43.2
10294,B,Ship,2,4,144,2,medium,M,5,5867,0,No,39.3
10295,C,Ship,3,5,181,4,low,F,1,5812,0,No,44.8
10296,F,Ship,5,5,132,4,low,F,8,4339,1,No,42.5
10297,D,Ship,5,3,243,6,medium,F,9,5640,0,No,42.9
10298,F,Ship,4,3,166,4,medium,F,1,4536,0,No,41.9
10299,A,Ship,5,5,148,4,medium,F,4,5909,0,No,46.5
10300,B,Ship,6,4,221,5,low,M,9,4360,0,No,41.9
10301,C,Ship,4,2,207,3,medium,F,5,4702,1,No,43.3
10302,F,Ship,4,1,228,3,medium,M,4,5347,1,No,43.1
10303,D,Ship,3,2,161,3,medium,M,2,4174,1,No,44.9
10304,F,Ship,4,2,259,2,high,F,10,5265,0,No,42.3
10305,A,Ship,4,5,272,2,low,F,10,4962,0,No,42.3
10306,B,Ship,4,4,154,3,low,M,4,5393,1,No,43.1
10307,C,Ship,4,2,174,3,low,M,4,5625,0,No,43.0
10308,F,Ship,4,2,225,2,medium,F,5,5943,0,No,42.5
10309,D,Ship,3,5,209,3,medium,M,8,5591,0,No,43.6
10310,F,Ship,6,1,208,5,low,M,6,4537,0,No,41.4
10311,A,Ship,4,4,163,3,low,M,8,4921,1,No,43.5
10312,B,Ship,3,5,174,3,low,M,7,5672,1,No,43.6
10313,C,Ship,3,5,236,3,medium,F,1,5220,0,No,45.0
10314,F,Ship,3,2,229,6,medium,F,3,5689,1,No,41.5
10315,D,Ship,3,4,195,2,low,F,5,4660,1,No,43.1
10316,F,Ship,4,2,146,3,low,F,9,5871,1,No,41.7
10317,A,Ship,3,2,211,2,low,M,4,4978,1,No,42.9
10318,B,Ship,2,2,161,3,low,F,5,5999,1,No,48.7
10319,C,Ship,2,5,243,3,medium,F,9,4182,0,No,43.6
10320,F,Ship,3,3,169,2,medium,F,8,4281,1,No,43.4
10321,D,Ship,3,4,273,3,high,F,8,4530,1,No,43.1
10322,F,Ship,4,2,137,2,medium,M,3,4622,1,No,42.6
10323,A,Ship,2,1,96,2,high,F,9,4449,1,No,43.3
10324,B,Ship,5,5,177,4,medium,F,2,4873,0,No,42.4
10325,C,Ship,4,1,269,3,low,F,7,5211,1,No,43.2
10326,F,Ship,3,2,188,5,medium,M,7,5673,0,No,43.0
10327,D,Ship,4,1,238,3,low,F,10,4172,0,No,42.7
10328,F,Ship,5,2,172,5,medium,F,5,4805,0,No,42.0
10329,A,Ship,4,4,134,5,medium,M,2,5865,1,No,42.4
10330,B,Ship,4,2,191,2,medium,F,8,4806,1,No,42.8
10331,C,Ship,5,3,210,6,low,M,6,4203,1,No,40.7
10332,F,Ship,4,5,161,3,medium,F,2,5378,0,No,43.3
10333,D,Ship,5,4,161,5,medium,M,1,5779,1,No,46.8
10334,F,Ship,4,1,166,5,low,F,9,4472,0,No,41.2
10335,A,Ship,4,3,170,4,medium,F,9,4375,0,No,41.3
10336,B,Ship,3,1,251,3,medium,F,4,5291,0,No,43.4
10337,C,Ship,3,3,214,3,medium,M,3,4056,1,Yes,52.3
10338,F,Ship,4,3,197,3,medium,F,6,5395,0,No,43.1
10339,D,Ship,3,3,227,2,high,M,5,4269,1,No,43.8
10340,F,Ship,4,5,265,2,low,F,6,4660,1,No,42.7
10341,A,Ship,6,5,287,5,low,M,2,5611,1,No,42.6
10342,B,Ship,3,5,206,2,low,M,3,5113,1,No,43.0
10343,C,Ship,4,2,192,3,low,F,4,5578,1,No,43.1
10344,F,Ship,2,1,109,4,low,F,3,5264,1,No,40.1
10345,D,Ship,4,3,180,2,medium,M,7,5546,1,No,42.7
10346,F,Ship,3,2,224,3,medium,M,2,4015,0,Yes,54.4
10347,A,Ship,3,2,259,6,medium,M,1,5873,0,No,42.0
10348,B,Ship,3,4,269,3,medium,M,8,5364,1,No,43.6
10349,C,Ship,5,4,187,4,medium,F,1,4147,0,No,42.8
10350,F,Ship,4,4,185,3,low,F,2,5288,1,No,43.4
10351,D,Ship,5,2,241,2,medium,F,2,5448,0,No,44.5
10352,F,Ship,2,5,228,3,low,M,8,5643,1,No,42.2
10353,A,Ship,3,2,214,2,medium,F,9,4512,0,No,42.0
10354,B,Ship,3,2,196,6,low,M,6,5414,0,No,41.9
10355,C,Ship,3,1,175,3,low,M,6,4695,0,No,43.4
10356,F,Ship,3,5,171,3,medium,F,7,5318,1,No,43.5
10357,D,Ship,4,2,185,2,medium,M,5,4066,0,Yes,52.4
10358,F,Ship,2,4,226,3,low,M,9,4098,1,Yes,52.3
10359,A,Ship,4,1,265,3,low,F,4,4249,0,No,43.6
10360,B,Ship,4,4,205,4,medium,F,2,4690,1,No,41.3
10361,C,Ship,4,3,189,3,medium,F,9,4825,0,No,43.3
10362,F,Ship,3,4,141,3,medium,M,2,5512,0,No,43.6
10363,D,Ship,3,3,217,3,low,F,6,4887,0,No,43.4
10364,F,Ship,4,2,198,3,low,F,4,5863,0,No,41.8
10365,A,Ship,4,4,246,3,medium,F,2,4150,0,No,43.4
10366,B,Ship,3,4,261,4,medium,F,7,5731,0,No,43.3
10367,C,Ship,4,3,160,2,low,M,9,5940,0,No,42.4
10368,F,Ship,5,5,135,3,low,F,4,5734,0,No,46.0
10369,D,Ship,5,2,213,3,low,M,9,5526,0,No,44.3
10370,F,Ship,3,4,189,6,low,F,9,4668,1,No,41.9
10371,A,Ship,4,1,259,3,low,M,9,5148,1,No,43.3
10372,B,Ship,4,5,170,3,low,M,2,5671,0,No,43.2
10373,C,Ship,3,3,257,2,medium,M,5,4681,1,No,43.1
10374,F,Ship,3,5,143,2,low,M,8,4754,1,No,42.7
10375,D,Ship,4,1,258,3,low,F,10,4906,0,No,43.1
10376,F,Ship,4,3,216,2,low,M,4,5997,0,No,41.2
10377,A,Ship,4,3,169,3,low,F,8,4613,0,No,42.9
10378,B,Ship,4,3,165,2,low,M,2,5210,0,No,43.0
10379,C,Ship,4,4,245,3,medium,F,7,4480,1,No,43.6
10380,F,Ship,4,1,171,2,low,F,6,5719,1,No,43.7
10381,D,Ship,2,5,238,4,medium,M,9,4086,0,No,44.1
10382,F,Ship,4,2,265,3,medium,F,1,5385,0,No,44.4
10383,A,Ship,4,3,207,2,medium,M,5,4286,0,No,43.4
10384,B,Ship,3,4,257,3,medium,M,10,4670,1,No,43.1
10385,C,Ship,3,4,252,2,high,M,9,4278,0,No,42.4
10386,F,Road,5,5,272,2,low,F,4,5342,0,No,44.1
10387,D,Road,3,2,180,6,medium,M,3,5780,1,No,44.7
10388,F,Road,5,1,217,2,low,F,9,4345,0,No,43.9
10389,A,Road,3,1,149,3,medium,F,9,5952,1,No,43.0
10390,B,Road,4,5,185,2,low,M,6,4610,0,No,42.0
10391,C,Road,5,2,222,3,medium,M,10,5644,1,No,44.1
10392,F,Road,4,3,180,3,medium,M,4,5471,0,No,43.1
10393,D,Road,4,2,156,3,medium,M,1,4097,1,Yes,51.9
10394,F,Road,3,5,241,3,medium,M,10,5099,1,No,43.2
10395,A,Road,4,1,170,10,medium,F,3,5211,1,No,42.4
10396,B,Road,3,2,286,6,high,F,1,5035,1,No,42.0
10397,C,Road,3,4,232,5,medium,M,7,5653,1,No,43.3
10398,F,Road,5,2,171,3,low,M,6,4656,1,No,45.5
10399,D,Road,4,4,146,10,low,F,3,4152,1,No,43.7
10400,F,Road,4,2,189,10,medium,F,5,5470,0,No,43.6
10401,A,Road,2,1,235,3,high,M,8,4522,1,No,41.4
10402,B,Road,4,2,187,3,high,F,5,4897,1,No,43.3
10403,C,Road,3,5,166,3,high,F,5,5206,0,No,43.1
10404,F,Road,4,4,264,6,medium,F,6,1748,1,No,46.9
10405,D,Road,5,3,243,6,low,F,1,1856,0,No,47.7
10406,F,Road,5,2,245,5,low,F,9,1466,0,No,45.4
10407,A,Road,5,5,239,6,low,F,1,1984,0,No,47.8
10408,B,Flight,4,3,248,5,low,M,3,1093,0,No,48.3
10409,C,Flight,6,4,268,4,low,M,9,1793,0,No,45.5
10410,F,Flight,6,2,271,4,low,F,2,1893,1,No,48.1
10411,D,Flight,4,3,233,5,low,M,2,1079,0,No,48.5
10412,F,Flight,5,1,245,5,low,F,7,1092,0,No,46.4
10413,A,Flight,5,5,248,5,medium,M,8,1881,1,No,45.8
10414,B,Flight,5,1,234,5,medium,M,2,1030,1,No,48.2
10415,C,Flight,4,5,259,5,medium,M,2,1066,1,No,48.5
10416,F,Flight,5,4,259,6,low,M,1,1206,1,No,47.8
10417,D,Flight,5,2,263,6,low,F,6,1511,1,No,45.9
10418,F,Flight,3,1,158,5,low,M,9,1537,1,Yes,53.0
10419,A,Flight,5,3,270,5,low,F,1,1568,1,No,48.1
10420,B,Flight,2,1,238,4,medium,F,4,4780,0,No,39.7
10421,C,Flight,4,1,265,3,medium,M,3,5177,0,No,43.2
10422,F,Flight,4,3,207,2,medium,M,4,5227,1,No,42.8
10423,D,Flight,3,2,257,3,medium,M,9,5236,0,No,43.4
10424,F,Flight,3,3,252,2,high,M,1,5707,1,No,45.7
10425,A,Flight,5,5,272,2,low,M,1,4883,1,No,46.1
10426,B,Flight,3,4,180,6,medium,F,3,5605,0,No,42.1
10427,C,Flight,5,4,217,2,low,M,2,5469,1,No,44.5
10428,F,Flight,3,4,149,3,medium,F,3,4540,0,No,43.2
10429,D,Flight,4,5,185,2,low,F,4,5428,0,No,42.6
10430,F,Ship,5,4,222,3,medium,M,8,5559,1,No,45.1
10431,A,Ship,4,2,180,3,medium,M,6,4417,0,No,43.8
10432,B,Ship,4,2,156,3,medium,M,5,4946,1,No,43.3
10433,C,Ship,3,3,241,3,medium,F,10,5275,1,No,43.2
10434,F,Ship,4,2,170,10,medium,F,4,4696,1,No,42.9
10435,D,Ship,3,5,286,6,high,M,8,4777,0,No,42.8
10436,F,Ship,3,3,232,5,medium,M,10,5580,0,No,40.8
10437,A,Ship,5,4,171,3,low,F,1,5011,0,No,46.4
10438,B,Ship,4,4,146,10,low,M,1,4351,0,No,38.6
10439,C,Ship,4,1,189,10,medium,F,2,4505,1,No,40.7
10440,F,Ship,2,5,235,3,high,F,10,5775,1,No,43.8
10441,D,Ship,4,4,187,3,high,M,6,4567,0,No,42.9
10442,F,Ship,3,4,166,3,high,M,6,4247,0,No,44.0
10443,A,Ship,4,3,264,6,medium,F,7,1178,1,No,47.7
10444,B,Ship,5,3,243,6,low,F,10,1078,1,No,47.2
10445,C,Ship,5,2,245,5,low,M,8,1528,0,No,46.1
10446,F,Ship,5,5,239,6,low,M,9,1417,1,No,46.0
10447,D,Ship,4,5,248,5,low,F,6,1754,0,No,46.3
10448,F,Ship,6,5,268,4,low,M,7,1600,1,No,46.5
10449,A,Ship,6,4,271,4,low,F,6,1091,0,No,45.7
10450,B,Ship,4,3,233,5,low,M,5,1799,1,No,46.8
10451,C,Ship,5,1,245,5,low,M,7,1038,0,No,46.1
10452,F,Ship,5,5,248,5,medium,F,1,1945,1,No,48.1
10453,D,Ship,5,5,234,5,medium,M,9,1812,0,No,45.4
10454,F,Ship,4,3,259,5,medium,M,2,1574,0,No,48.7
10455,A,Ship,5,5,259,6,low,M,5,1382,1,No,46.8
10456,B,Ship,5,1,263,6,low,F,3,1665,1,No,48.4
10457,C,Ship,5,4,217,6,medium,M,6,1483,1,No,45.9
10458,F,Ship,4,3,242,6,low,M,5,1411,0,No,47.6
10459,D,Ship,4,4,255,6,low,F,2,1430,1,No,49.2
10460,F,Ship,2,3,277,3,medium,F,1,1738,0,Yes,83.4
10461,A,Ship,4,2,267,5,low,M,3,1933,1,No,48.3
10462,B,Ship,5,4,260,5,low,M,5,1370,0,No,46.2
10463,C,Ship,4,5,259,5,low,F,9,1951,1,No,46.5
10464,F,Ship,5,5,257,5,medium,F,6,1101,0,No,45.5
10465,D,Ship,5,1,228,5,low,F,2,1950,1,No,48.2
10466,F,Ship,5,1,255,6,low,F,3,1014,0,No,45.1
10467,A,Ship,5,5,262,6,low,M,10,1816,1,No,46.5
10468,B,Ship,5,1,262,5,medium,M,4,1196,0,No,46.3
10469,C,Ship,5,1,241,5,low,M,4,1348,1,No,46.2
10470,F,Ship,4,2,262,6,medium,F,4,1644,1,No,47.7
10471,D,Ship,4,2,263,6,medium,F,4,1644,0,No,47.7
10472,F,Ship,4,3,233,5,low,M,4,1668,0,No,47.1
10473,A,Ship,5,3,221,5,low,F,8,1109,0,No,46.3
10474,B,Ship,5,5,254,5,low,M,7,1967,0,No,45.1
10475,C,Ship,3,4,236,4,medium,M,2,1016,0,Yes,51.1
10476,F,Ship,5,1,258,5,high,F,9,1856,1,No,45.3
10477,D,Ship,4,2,223,5,medium,F,8,1559,1,No,47.0
10478,F,Ship,5,1,248,5,low,M,3,1642,1,No,48.0
10479,A,Ship,4,1,204,4,low,F,3,1667,0,No,49.3
10480,B,Ship,4,1,276,5,low,F,2,1246,0,No,48.5
10481,C,Ship,5,4,241,5,medium,M,1,1924,1,No,47.8
10482,F,Ship,5,4,263,5,low,M,5,1181,0,No,46.3
10483,D,Ship,5,2,265,5,medium,F,5,1864,0,No,46.1
10484,F,Ship,4,2,253,5,medium,F,3,1092,0,No,48.3
10485,A,Ship,5,1,257,5,high,F,2,1323,0,No,48.1
10486,B,Ship,4,2,259,6,medium,M,8,1096,1,No,47.7
10487,C,Ship,6,4,206,5,medium,F,10,1680,0,No,45.9
10488,F,Ship,5,2,254,5,medium,F,4,1030,0,No,46.3
10489,D,Ship,5,1,143,3,medium,F,3,4907,1,No,45.3
10490,F,Ship,3,2,169,2,low,M,6,4033,0,Yes,57.3
10491,A,Ship,3,1,194,4,low,F,8,4308,0,No,41.7
10492,B,Ship,4,5,248,3,low,M,7,5853,0,No,42.1
10493,C,Ship,4,1,153,3,medium,M,5,5952,0,No,43.0
10494,F,Ship,3,3,151,3,low,M,9,5082,0,No,43.9
10495,D,Ship,3,4,148,3,medium,M,7,4531,0,No,43.3
10496,F,Ship,4,2,214,6,medium,M,9,4736,1,No,42.2
10497,A,Ship,4,1,251,2,low,F,2,4839,1,No,43.3
10498,B,Ship,2,3,136,3,low,M,10,4933,0,No,42.5
10499,C,Ship,3,4,247,3,medium,M,8,5792,0,No,44.7
10500,F,Ship,3,4,239,2,low,F,10,5674,1,No,42.3
10501,D,Ship,4,1,247,3,low,M,5,5636,1,No,43.1
10502,F,Ship,2,1,184,2,high,F,3,4331,0,No,42.3
10503,A,Ship,3,1,248,3,medium,M,7,5588,0,No,43.5
10504,B,Ship,5,5,244,3,medium,M,7,4078,1,Yes,54.2
10505,C,Ship,5,2,252,3,low,M,7,5058,0,No,45.4
10506,F,Ship,4,2,136,4,low,F,3,4190,0,No,40.9
10507,D,Ship,4,5,200,4,low,F,1,4885,0,No,42.1
10508,F,Ship,3,1,187,2,low,M,6,5448,0,No,42.4
10509,A,Ship,4,2,222,2,medium,M,10,5115,1,No,42.4
10510,B,Ship,3,4,247,2,low,M,2,4975,1,No,43.4
10511,C,Ship,3,2,195,2,high,M,2,4669,1,No,43.5
10512,F,Ship,4,3,190,2,low,F,7,5834,1,No,41.9
10513,D,Ship,4,5,226,2,low,M,10,4706,1,No,42.4
10514,F,Ship,3,4,205,3,low,F,7,4490,0,No,43.5
10515,A,Ship,4,1,225,3,medium,M,9,4242,1,No,43.7
10516,B,Ship,2,3,275,3,medium,M,10,4183,1,No,43.2
10517,C,Ship,3,4,154,2,high,F,2,4998,0,No,43.4
10518,F,Ship,5,5,141,3,low,M,4,4534,0,No,45.3
10519,D,Ship,3,2,198,2,medium,M,8,5889,0,No,42.0
10520,F,Ship,4,3,263,2,low,M,9,4210,0,No,42.2
10521,A,Ship,4,4,184,3,medium,F,9,4500,0,No,43.0
10522,B,Ship,3,2,221,2,medium,M,9,4466,0,No,42.3
10523,C,Road,3,5,259,3,medium,M,7,4480,1,No,43.7
10524,F,Road,4,4,238,4,high,M,1,5702,1,No,43.8
10525,D,Road,3,5,188,3,high,F,6,4234,1,No,44.5
10526,F,Road,3,2,164,2,medium,F,3,4666,0,No,43.0
10527,A,Road,4,1,204,6,low,M,1,4943,0,No,41.6
10528,B,Road,5,5,237,3,medium,M,5,4285,1,No,46.1
10529,C,Road,6,1,235,6,medium,M,3,5591,0,No,42.3
10530,F,Road,3,2,235,2,medium,F,9,5116,0,No,42.3
10531,D,Road,3,5,263,3,medium,M,4,4081,1,Yes,50.0
10532,F,Road,5,4,236,4,medium,M,6,4457,0,No,41.4
10533,A,Road,5,2,146,2,low,M,2,4075,0,Yes,50.8
10534,B,Road,3,2,188,3,medium,M,8,5709,0,No,44.0
10535,C,Road,5,1,152,3,medium,F,3,5981,0,No,44.9
10536,F,Road,4,1,211,3,medium,F,7,4083,1,Yes,51.8
10537,D,Road,4,3,195,3,low,M,1,4236,1,No,45.4
10538,F,Road,4,4,180,4,medium,F,7,5609,1,No,41.9
10539,A,Road,3,2,213,6,medium,M,9,5418,1,No,42.5
10540,B,Road,4,1,171,3,medium,M,10,5971,0,No,40.4
10541,C,Road,3,5,253,4,medium,F,5,4761,1,No,42.2
10542,F,Road,5,4,228,4,low,F,8,4831,1,No,42.5
10543,D,Road,3,4,158,2,low,M,8,4086,0,Yes,50.7
10544,F,Road,3,5,158,3,low,M,10,4861,0,No,43.1
10545,A,Flight,4,1,195,2,low,F,3,4165,0,No,42.9
10546,B,Flight,5,1,202,4,low,F,2,5748,0,No,44.0
10547,C,Flight,4,4,209,3,medium,M,7,4717,1,No,43.5
10548,F,Flight,2,5,156,5,medium,M,7,5780,0,No,42.4
10549,D,Flight,3,4,199,3,medium,M,10,4925,1,No,43.0
10550,F,Flight,6,2,205,5,high,M,6,4756,0,No,42.1
10551,A,Flight,6,3,165,4,low,F,10,5965,0,No,37.1
10552,B,Flight,5,3,119,2,low,M,8,5290,1,No,44.0
10553,C,Flight,3,1,185,2,medium,F,9,4316,0,No,42.9
10554,F,Flight,6,3,178,5,low,F,5,4567,0,No,42.0
10555,D,Flight,4,3,248,3,medium,F,5,4667,0,No,43.3
10556,F,Flight,3,5,190,3,medium,M,4,5069,0,No,43.5
10557,A,Flight,4,1,227,3,high,M,8,4795,0,No,43.6
10558,B,Flight,4,2,255,5,low,F,6,4053,0,No,46.7
10559,C,Flight,3,5,214,2,medium,F,4,4077,1,No,49.4
10560,F,Flight,4,5,134,3,medium,M,3,5000,1,No,43.5
10561,D,Flight,3,4,216,3,low,F,3,5817,0,No,43.2
10562,F,Flight,2,4,183,2,low,M,5,5335,1,No,41.0
10563,A,Flight,3,5,190,5,high,F,7,4457,0,No,42.5
10564,B,Flight,4,5,219,2,low,M,4,4197,1,No,43.5
10565,C,Flight,3,2,207,2,medium,F,10,4070,1,Yes,50.1
10566,F,Flight,5,4,135,4,medium,M,4,4541,0,No,41.6
10567,D,Ship,3,4,254,2,medium,M,2,5957,0,No,44.6
10568,F,Ship,3,5,233,4,low,F,9,4541,0,No,41.1
10569,A,Ship,4,4,233,3,low,F,5,5421,0,No,43.0
10570,B,Ship,4,4,156,2,low,F,5,5216,0,No,42.5
10571,C,Ship,5,1,262,2,medium,M,4,5761,0,No,46.4
10572,F,Ship,3,1,201,3,medium,F,8,4315,0,No,44.3
10573,D,Ship,5,1,208,2,low,F,9,4887,0,No,43.5
10574,F,Ship,3,1,174,3,low,F,9,4380,1,No,43.6
10575,A,Ship,3,2,144,4,medium,M,8,4867,1,No,42.3
10576,B,Ship,4,3,184,3,low,F,5,4712,1,No,43.3
10577,C,Ship,3,5,196,3,low,F,5,4891,0,No,43.8
10578,F,Ship,6,3,251,4,low,M,10,4889,1,No,41.0
10579,D,Ship,4,4,160,3,low,M,1,4770,0,No,44.6
10580,F,Ship,5,2,176,4,low,M,10,5532,0,No,41.0
10581,A,Ship,3,1,235,3,low,F,9,5735,0,No,44.1
10582,B,Ship,4,2,152,4,medium,F,3,4006,0,Yes,61.2
10583,C,Ship,4,3,184,4,low,M,4,4030,1,Yes,52.6
10584,F,Ship,3,2,209,2,low,M,5,5713,0,No,43.1
10585,D,Ship,5,5,187,3,medium,F,5,4613,0,No,44.6
10586,F,Ship,4,4,160,5,low,M,6,4055,0,No,46.7
10587,A,Ship,4,2,258,3,low,F,5,5393,1,No,43.0
10588,B,Ship,3,5,166,3,medium,F,9,5275,1,No,43.4
10589,C,Ship,4,1,193,3,low,F,3,5919,0,No,43.6
10590,F,Ship,3,2,167,2,low,M,3,4722,1,No,43.0
10591,D,Ship,4,5,272,2,medium,M,9,5055,1,No,42.3
10592,F,Ship,4,2,222,2,low,M,1,5028,1,No,44.6
10593,A,Ship,5,5,189,3,low,F,10,5554,1,No,43.9
10594,B,Ship,2,5,188,2,medium,F,9,4610,0,No,40.5
10595,C,Ship,3,2,183,2,medium,F,6,4313,1,No,43.3
10596,F,Ship,4,5,183,2,low,F,1,4741,0,No,44.5
10597,D,Ship,3,1,167,3,low,F,4,5943,1,No,43.5
10598,F,Ship,2,2,258,3,medium,F,3,5365,1,No,41.8
10599,A,Ship,4,2,177,3,medium,M,5,5757,0,No,45.1
10600,B,Ship,3,1,226,3,medium,F,8,5000,0,No,43.5
10601,C,Ship,5,1,240,5,medium,F,5,4144,0,No,41.4
10602,F,Ship,3,3,158,3,low,F,6,5261,1,No,43.3
10603,D,Ship,5,2,176,4,low,M,1,5810,0,No,45.6
10604,F,Ship,6,4,230,4,low,M,3,4736,1,No,42.7
10605,A,Ship,4,2,238,3,low,F,3,5265,1,No,43.4
10606,B,Ship,5,2,254,3,low,F,9,5714,1,No,44.6
10607,C,Ship,4,4,209,3,high,F,5,5979,0,No,42.5
10608,F,Ship,4,3,245,4,medium,F,5,4660,0,No,41.1
10609,D,Ship,3,1,133,3,low,F,10,5640,0,No,43.2
10610,F,Ship,4,4,233,2,high,F,1,5320,0,No,44.3
10611,A,Ship,3,1,257,4,low,M,8,4692,1,No,41.9
10612,B,Ship,5,3,262,5,low,M,7,4157,0,No,41.8
10613,C,Ship,5,2,252,3,low,M,6,4013,1,Yes,66.1
10614,F,Ship,3,3,231,3,low,F,3,4649,1,No,43.6
10615,D,Ship,3,5,228,4,low,F,7,4068,1,No,49.5
10616,F,Ship,3,2,100,4,low,F,10,5163,0,No,40.8
10617,A,Ship,4,2,253,3,medium,F,7,5813,1,No,43.6
10618,B,Ship,3,4,160,3,medium,M,3,5662,0,No,43.2
10619,C,Ship,6,3,153,6,medium,F,7,4975,1,No,43.0
10620,F,Ship,4,1,270,2,low,M,4,4369,0,No,43.0
10621,D,Ship,4,3,156,3,medium,F,8,4701,1,No,43.6
10622,F,Ship,4,1,132,2,medium,M,1,5025,1,No,44.6
10623,A,Ship,5,5,98,2,medium,M,2,4125,1,No,48.7
10624,B,Ship,5,5,161,3,high,F,7,5338,1,No,45.4
10625,C,Ship,4,1,258,3,medium,M,10,5916,0,No,41.6
10626,F,Ship,3,2,228,2,medium,M,2,5640,0,No,43.0
10627,D,Ship,5,4,180,2,low,F,9,5208,0,No,43.0
10628,F,Ship,3,5,136,3,medium,F,7,4147,0,No,44.0
10629,A,Ship,3,3,228,2,low,M,5,4470,0,No,43.1
10630,B,Ship,4,5,274,4,low,M,3,5145,0,No,41.3
10631,C,Ship,3,2,208,2,low,F,6,5344,0,No,42.4
10632,F,Ship,4,2,230,3,high,F,5,5888,0,No,42.4
10633,D,Ship,2,3,273,4,low,M,3,5079,0,No,40.1
10634,F,Ship,5,1,253,2,medium,M,3,5159,1,No,44.4
10635,A,Ship,3,1,241,3,low,F,10,4120,0,Yes,50.1
10636,B,Ship,4,2,205,2,medium,M,10,4641,1,No,42.4
10637,C,Ship,5,5,132,3,low,F,2,5552,0,No,45.1
10638,F,Ship,5,4,151,3,low,F,10,4611,0,No,44.2
10639,D,Ship,4,3,163,4,medium,M,5,5593,0,No,41.1
10640,F,Ship,3,3,176,8,medium,F,1,4895,1,No,42.3
10641,A,Ship,3,5,169,3,low,M,1,4636,1,No,44.9
10642,B,Ship,3,4,133,4,low,F,10,4571,0,No,40.7
10643,C,Ship,5,3,184,5,low,M,3,5219,1,No,42.2
10644,F,Ship,2,4,258,3,medium,M,3,4811,0,No,41.7
10645,D,Ship,2,2,237,5,low,F,6,4622,1,No,40.0
10646,F,Ship,4,3,260,3,medium,F,4,5770,1,No,45.0
10647,A,Ship,3,2,159,2,medium,M,8,4326,0,No,42.5
10648,B,Ship,3,3,223,10,low,F,7,4273,1,No,42.7
10649,C,Ship,3,3,207,10,low,F,7,4423,0,No,42.6
10650,F,Ship,4,5,261,10,low,M,7,5208,0,No,44.0
10651,D,Ship,4,4,239,3,medium,F,7,5297,1,No,43.5
10652,F,Ship,3,4,222,3,low,M,6,5819,0,No,42.4
10653,A,Ship,3,2,143,4,low,F,3,5845,0,No,41.8
10654,B,Ship,2,2,157,3,medium,F,9,4547,1,No,42.2
10655,C,Ship,5,1,251,4,low,M,1,5011,1,No,42.9
10656,F,Ship,4,4,255,6,low,M,5,1708,1,No,47.7
10657,D,Ship,2,5,277,3,medium,M,6,1032,0,Yes,81.5
10658,F,Ship,4,5,267,5,low,M,7,1983,0,No,46.5
10659,A,Ship,5,4,260,5,low,F,2,1178,1,No,48.2
10660,B,Road,4,4,259,5,low,F,5,1065,1,No,47.0
10661,C,Road,5,1,257,5,medium,F,8,1128,1,No,46.3
10662,F,Road,5,1,228,5,low,F,4,1316,0,No,46.3
10663,D,Road,5,2,255,6,low,M,6,1610,0,No,46.0
10664,F,Road,5,4,262,6,low,M,3,1700,0,No,48.4
10665,A,Road,5,2,262,5,medium,M,1,1483,0,No,48.1
10666,B,Road,5,1,241,5,low,F,1,1146,0,No,48.1
10667,C,Road,4,5,262,6,medium,M,1,1249,0,No,48.2
10668,F,Road,4,3,263,6,medium,M,8,1123,1,No,47.7
10669,D,Road,4,4,233,5,low,F,10,1173,1,No,47.6
10670,F,Road,5,2,221,5,low,F,2,1855,0,No,48.1
10671,A,Road,5,3,254,5,low,M,10,1501,1,No,45.8
10672,B,Road,3,1,236,4,medium,F,10,1551,0,Yes,54.2
10673,C,Road,5,2,258,5,high,M,6,1059,0,No,45.5
10674,F,Road,4,2,223,5,medium,M,3,1395,1,No,48.4
10675,D,Road,3,4,208,2,low,F,3,5811,1,No,44.4
10676,F,Road,4,3,230,3,high,F,1,5114,1,No,44.7
10677,A,Road,2,4,273,4,low,F,7,4743,1,No,40.4
10678,B,Road,5,2,253,2,medium,F,9,5530,0,No,43.0
10679,C,Road,3,3,241,3,low,F,6,5261,0,No,43.3
10680,F,Road,4,4,205,2,medium,F,8,5876,0,No,41.7
10681,D,Road,5,3,132,3,low,M,7,4462,1,No,46.6
10682,F,Flight,5,4,151,3,low,F,4,5522,0,No,44.9
10683,A,Flight,4,2,163,4,medium,F,5,5751,0,No,42.7
10684,B,Flight,3,3,176,8,medium,M,10,4376,1,No,40.6
10685,C,Flight,3,5,169,3,low,F,4,5659,0,No,43.1
10686,F,Flight,3,5,133,4,low,M,10,4151,0,No,37.9
10687,D,Flight,5,4,184,5,low,F,5,4782,0,No,42.1
10688,F,Flight,2,4,258,3,medium,M,7,5736,0,No,42.7
10689,A,Flight,2,2,237,5,low,M,8,4461,0,No,41.4
10690,B,Flight,4,1,260,3,medium,M,6,4816,0,No,43.4
10691,C,Flight,3,3,159,2,medium,F,6,5269,0,No,42.6
10692,F,Flight,3,4,223,10,low,F,9,4337,0,No,40.8
10693,D,Flight,3,4,207,10,low,F,6,5856,0,No,43.2
10694,F,Flight,4,3,261,10,low,F,6,4347,1,No,42.7
10695,A,Flight,4,3,239,3,medium,M,7,5511,1,No,43.5
10696,B,Flight,3,5,222,3,low,F,10,5185,1,No,43.0
10697,C,Flight,3,1,143,4,low,M,6,5474,0,No,41.2
10698,F,Flight,2,5,157,3,medium,F,4,4888,0,No,41.7
10699,D,Flight,5,4,251,4,low,M,8,4190,1,No,41.3
10700,F,Flight,4,4,255,6,low,F,9,1322,0,No,47.1
10701,A,Flight,2,5,277,3,medium,F,6,1057,0,Yes,81.8
10702,B,Flight,4,2,267,5,low,F,2,1876,0,No,48.2
10703,C,Flight,5,5,260,5,low,F,2,1128,0,No,48.2
10704,F,Ship,4,3,259,5,low,M,6,1867,1,No,45.9
10705,D,Ship,5,1,257,5,medium,M,1,1619,0,No,48.2
10706,F,Ship,5,4,228,5,low,M,9,1044,0,No,46.9
10707,A,Ship,5,4,255,6,low,M,4,1255,1,No,46.8
10708,B,Ship,5,2,262,6,low,F,7,1774,0,No,46.7
10709,C,Ship,5,1,262,5,medium,F,9,1893,0,No,45.2
10710,F,Ship,5,1,241,5,low,F,5,1116,1,No,46.3
10711,D,Ship,4,2,262,6,medium,F,2,1069,0,No,49.0
10712,F,Ship,4,3,263,6,medium,M,10,1345,1,No,48.0
10713,A,Ship,4,2,233,5,low,F,8,1097,0,No,47.1
10714,B,Ship,5,5,221,5,low,F,8,1123,1,No,46.3
10715,C,Ship,5,4,254,5,low,M,10,1350,0,No,45.8
10716,F,Ship,5,2,254,5,medium,F,4,1926,0,No,46.0
10717,D,Ship,5,2,224,5,low,F,2,1022,0,No,46.6
10718,F,Ship,4,3,225,5,low,F,10,1310,0,No,47.3
10719,A,Ship,5,2,246,5,low,F,4,1072,1,No,46.3
10720,B,Ship,5,5,221,6,medium,M,6,1429,0,No,45.9
10721,C,Ship,4,3,257,5,medium,F,9,1080,0,No,47.6
10722,F,Ship,5,1,234,5,medium,M,8,1837,0,No,46.1
10723,D,Ship,4,1,216,6,low,M,9,1678,1,No,47.4
10724,F,Ship,5,5,221,5,low,M,7,1958,1,No,45.6
10725,A,Ship,4,2,249,5,low,M,2,1195,0,No,48.5
10726,B,Ship,5,5,240,5,low,M,8,1750,1,No,46.2
10727,C,Ship,5,1,219,5,low,M,8,1419,1,No,46.1
10728,F,Ship,5,4,219,5,low,M,10,1363,1,No,45.8
10729,D,Ship,3,2,278,4,medium,M,7,1879,0,Yes,54.0
10730,F,Ship,5,4,232,5,medium,M,5,1861,0,No,46.1
10731,A,Ship,4,1,253,5,low,F,1,1235,0,No,48.4
10732,B,Ship,4,3,253,5,low,F,10,1464,0,No,47.3
10733,C,Ship,4,1,261,5,low,F,6,1129,0,No,46.2
10734,F,Ship,5,1,251,6,low,F,5,1827,0,No,46.8
10735,D,Ship,5,5,275,5,low,M,4,1646,0,No,46.4
10736,F,Ship,4,4,229,6,medium,F,8,1175,0,No,47.7
10737,A,Ship,5,3,257,5,medium,F,10,1812,0,No,45.8
10738,B,Ship,5,3,229,5,low,F,1,1424,0,No,48.1
10739,C,Ship,4,1,255,5,medium,F,1,1918,1,No,48.0
10740,F,Ship,5,3,242,5,low,F,9,1716,0,No,45.6
10741,D,Ship,4,3,192,4,low,F,3,1406,1,No,49.2
10742,F,Ship,5,3,218,5,medium,F,4,1433,0,No,46.2
10743,A,Ship,5,3,219,6,low,F,9,1019,0,No,41.2
10744,B,Ship,5,1,261,5,medium,M,3,1644,1,No,48.0
10745,C,Ship,5,4,236,5,medium,F,7,1017,0,No,42.6
10746,F,Ship,5,1,257,6,low,M,2,1258,1,No,48.5
10747,D,Ship,4,4,252,5,medium,M,1,1539,1,No,48.5
10748,F,Ship,4,2,232,5,medium,F,3,1500,0,No,48.4
10749,A,Ship,5,4,229,5,low,M,9,1069,1,No,46.7
10750,B,Ship,3,1,202,3,medium,M,5,1556,1,Yes,85.7
10751,C,Ship,4,5,228,5,medium,F,4,1618,0,No,47.1
10752,F,Ship,5,5,244,6,low,F,1,1222,0,No,47.8
10753,D,Ship,5,1,260,5,low,M,4,1257,0,No,46.3
10754,F,Ship,4,5,245,5,low,M,8,1841,0,No,47.0
10755,A,Ship,5,5,227,5,medium,M,5,1186,0,No,46.3
10756,B,Ship,4,1,300,5,medium,M,6,1027,0,No,45.3
10757,C,Ship,2,4,160,5,low,F,3,1645,0,Yes,55.3
10758,F,Ship,5,4,274,5,low,M,6,1969,0,No,44.3
10759,D,Ship,4,4,260,5,low,F,5,1952,1,No,46.6
10760,F,Ship,4,3,253,5,low,M,6,1367,1,No,46.2
10761,A,Ship,4,5,218,5,low,M,8,1574,1,No,47.2
10762,B,Ship,5,1,220,5,low,F,4,1156,1,No,46.3
10763,C,Ship,5,2,253,5,medium,M,6,1326,0,No,45.4
10764,F,Ship,5,1,259,5,low,F,7,1871,1,No,46.1
10765,D,Ship,5,1,235,5,low,M,4,1259,1,No,46.3
10766,F,Ship,5,1,274,5,low,F,2,1558,1,No,48.3
10767,A,Ship,5,2,264,5,medium,M,4,1318,0,No,46.2
10768,B,Ship,4,2,258,5,medium,F,1,1010,0,No,46.3
10769,C,Ship,4,1,237,5,medium,M,5,1154,1,No,47.0
10770,F,Ship,4,1,273,6,medium,M,1,1826,0,No,48.1
10771,D,Ship,4,1,249,6,medium,M,7,1415,1,No,47.5
10772,F,Ship,4,1,250,6,medium,F,7,1292,0,No,47.5
10773,A,Ship,4,4,229,5,medium,F,7,1716,1,No,47.2
10774,B,Ship,5,4,223,5,low,F,2,1713,0,No,48.3
10775,C,Ship,4,1,272,5,medium,F,1,1149,0,No,48.4
10776,F,Ship,5,3,230,5,low,M,7,1996,0,Yes,55.8
10777,D,Ship,5,2,226,6,low,F,5,1981,1,No,46.3
10778,F,Ship,5,5,263,5,medium,F,1,1114,1,No,48.1
10779,A,Ship,4,5,243,5,low,M,7,1243,1,No,47.0
10780,B,Ship,5,2,269,5,medium,F,9,1165,0,No,45.8
10781,C,Ship,4,4,234,5,low,M,7,1871,0,No,46.7
10782,F,Ship,4,2,267,5,medium,F,2,1307,1,No,48.5
10783,D,Ship,2,1,240,2,low,M,8,1144,1,Yes,81.8
10784,F,Ship,5,1,247,5,medium,F,8,1842,1,No,46.1
10785,A,Ship,5,3,137,4,low,F,2,1034,0,No,48.3
10786,B,Ship,5,1,248,5,medium,F,5,1861,0,No,46.1
10787,C,Ship,5,5,222,6,low,F,3,1861,0,No,48.2
10788,F,Ship,4,2,169,3,medium,F,7,1897,0,Yes,83.3
10789,D,Ship,4,3,241,5,low,M,6,1324,0,No,46.2
10790,F,Ship,6,3,136,3,low,F,10,1826,0,Yes,78.2
10791,A,Ship,4,4,224,5,medium,F,5,1184,0,No,47.0
10792,B,Ship,4,2,259,5,medium,M,7,1042,1,No,47.4
10793,C,Ship,6,1,260,3,low,F,4,1338,1,Yes,76.7
10794,F,Ship,4,2,217,5,medium,M,10,1744,0,No,47.7
10795,D,Ship,5,5,224,5,low,F,7,1505,0,No,46.2
10796,F,Ship,4,3,232,5,medium,F,8,1265,0,No,47.0
10797,A,Road,3,5,156,4,low,F,6,1015,0,No,47.7
10798,B,Road,4,2,251,6,low,F,3,1297,0,No,48.9
10799,C,Road,4,2,253,5,medium,F,9,1438,0,No,46.4
10800,F,Road,4,3,245,6,medium,M,2,1727,1,No,49.2
10801,D,Road,5,5,253,6,low,F,1,1300,0,No,47.8
10802,F,Road,5,3,234,5,low,M,7,1691,1,No,46.4
10803,A,Road,4,5,229,5,low,F,3,1954,0,No,48.1
10804,B,Road,5,2,250,5,low,F,9,1897,0,No,45.2
10805,C,Road,4,3,268,5,medium,M,7,1932,1,No,46.9
10806,F,Road,5,5,269,5,medium,F,3,1120,0,No,47.8
10807,D,Road,5,3,242,5,low,M,3,1276,1,No,47.8
10808,F,Road,5,5,223,6,medium,F,10,1711,0,No,46.6
10809,A,Road,2,4,155,5,low,M,9,1740,1,Yes,54.5
10810,B,Road,4,2,220,6,medium,M,10,1878,1,No,47.8
10811,C,Road,4,3,256,3,medium,M,3,4480,0,No,43.2
10812,F,Road,5,1,162,3,low,F,4,5869,1,No,43.7
10813,D,Road,3,3,139,3,low,F,7,5199,1,No,43.2
10814,F,Road,4,3,207,3,medium,F,5,4847,1,No,43.3
10815,A,Road,5,1,174,5,medium,F,6,4677,0,No,41.4
10816,B,Road,3,2,216,2,low,F,1,4350,1,No,44.3
10817,C,Road,3,3,176,3,medium,M,9,5575,0,No,43.1
10818,F,Road,4,3,223,2,low,F,3,5765,1,No,45.5
10819,D,Flight,4,1,135,4,low,F,5,5934,0,No,46.5
10820,F,Flight,4,4,249,3,medium,F,4,5809,1,No,44.3
10821,A,Flight,4,1,157,5,low,M,10,4871,0,No,40.8
10822,B,Flight,3,1,102,3,medium,M,9,4459,1,No,43.6
10823,C,Flight,3,3,197,3,medium,M,8,4568,0,No,43.1
10824,F,Flight,5,5,203,2,low,M,10,4790,1,No,43.7
10825,D,Flight,5,1,244,2,medium,M,6,5217,0,No,44.1
10826,F,Flight,4,4,258,3,medium,M,8,5324,1,No,43.6
10827,A,Flight,4,5,167,2,low,F,10,5067,0,No,42.3
10828,B,Flight,6,5,225,3,medium,M,10,4972,0,No,44.1
10829,C,Flight,3,3,192,3,high,F,4,4339,1,No,43.5
10830,F,Flight,4,4,199,4,high,M,1,4163,1,No,42.6
10831,D,Flight,5,5,142,4,low,M,5,5749,0,No,42.6
10832,F,Flight,5,4,145,2,low,M,2,4753,0,No,44.9
10833,A,Flight,3,1,148,4,low,M,9,5536,0,No,41.5
10834,B,Flight,6,5,258,5,low,F,1,5376,0,No,43.8
10835,C,Flight,2,4,114,5,high,M,3,4423,0,No,41.4
10836,F,Flight,5,4,143,2,low,F,8,5291,0,No,44.0
10837,D,Flight,6,4,186,2,low,M,5,4851,1,No,44.9
10838,F,Flight,3,4,212,2,low,M,7,4742,0,No,42.8
10839,A,Flight,4,2,145,3,medium,M,1,5400,0,No,44.4
10840,B,Flight,4,3,148,3,medium,M,8,4240,1,No,44.4
10841,C,Ship,3,1,139,2,medium,M,2,4534,0,No,43.2
10842,F,Ship,3,5,169,2,medium,F,4,4466,1,No,43.0
10843,D,Ship,5,5,251,2,medium,F,5,5178,1,No,43.8
10844,F,Ship,4,1,154,2,low,M,1,5578,0,No,43.8
10845,A,Ship,5,2,150,3,medium,F,7,5980,0,No,45.1
10846,B,Ship,4,5,272,4,medium,F,9,5034,1,No,41.2
10847,C,Ship,4,4,197,2,low,F,7,4684,0,No,42.8
10848,F,Ship,4,1,169,2,low,M,2,5702,1,No,43.9
10849,D,Ship,3,2,201,4,medium,M,10,5565,0,No,40.6
10850,F,Ship,3,4,168,3,medium,F,3,5303,1,No,43.3
10851,A,Ship,4,1,202,3,low,M,7,4788,0,No,43.5
10852,B,Ship,5,1,241,4,medium,M,7,5519,1,No,42.6
10853,C,Ship,5,5,152,4,low,F,10,5913,1,No,40.0
10854,F,Ship,5,3,139,2,medium,F,3,5261,0,No,44.4
10855,D,Ship,5,5,204,5,medium,F,10,4251,0,No,40.0
10856,F,Ship,3,3,198,2,low,M,7,4996,1,No,42.7
10857,A,Ship,6,5,206,2,low,F,6,5646,1,No,44.8
10858,B,Ship,3,4,231,6,medium,F,3,5910,1,No,47.3
10859,C,Ship,3,1,166,3,medium,M,4,4716,0,No,43.6
10860,F,Ship,3,1,125,3,medium,M,9,5489,0,No,43.8
10861,D,Ship,5,3,237,3,high,M,7,4208,1,No,47.4
10862,F,Ship,4,1,145,3,medium,F,7,4386,1,No,44.2
10863,A,Ship,6,4,242,3,medium,M,9,5920,0,No,42.8
10864,B,Ship,4,2,261,3,low,M,4,5345,1,No,43.1
10865,C,Ship,5,3,148,3,low,M,7,4714,0,No,45.8
10866,F,Ship,3,3,148,4,low,F,2,5557,0,No,41.8
10867,D,Ship,4,3,185,2,low,M,3,5914,1,No,43.3
10868,F,Ship,4,3,195,3,low,M,7,4915,1,No,43.4
10869,A,Ship,4,4,219,3,medium,M,10,4947,0,No,43.1
10870,B,Ship,4,2,146,3,medium,M,7,4381,1,No,44.2
10871,C,Ship,4,3,125,4,medium,M,7,4203,1,No,41.7
10872,F,Ship,3,5,205,4,low,F,9,4819,1,No,41.5
10873,D,Ship,3,4,177,2,medium,M,3,4240,1,No,43.4
10874,F,Ship,5,1,190,2,low,M,9,5226,0,No,43.2
10875,A,Ship,3,3,137,4,low,M,6,4803,1,No,41.2
10876,B,Ship,3,2,255,3,medium,F,8,4471,0,No,43.6
10877,C,Ship,3,3,141,2,low,M,2,5923,0,No,45.1
10878,F,Ship,4,4,151,2,low,M,8,5724,0,No,43.7
10879,D,Ship,3,5,272,2,medium,M,6,4652,0,No,42.6
10880,F,Ship,5,3,265,2,low,F,4,4641,1,No,44.5
10881,A,Ship,3,4,148,3,low,M,1,4387,0,No,44.8
10882,B,Ship,3,2,123,4,low,F,10,5891,0,No,39.2
10883,C,Ship,5,2,244,2,medium,F,4,4992,1,No,44.3
10884,F,Ship,3,4,181,4,medium,F,3,5163,1,No,41.7
10885,D,Ship,4,4,221,3,medium,M,5,4024,0,Yes,56.1
10886,F,Ship,4,4,177,5,medium,M,7,4070,1,Yes,50.1
10887,A,Ship,4,2,226,2,low,F,2,4332,0,No,43.0
10888,B,Ship,4,1,275,3,medium,F,7,5382,1,No,43.5
10889,C,Ship,4,4,192,2,low,M,1,4429,0,No,44.3
10890,F,Ship,5,5,243,2,medium,F,5,4709,0,No,44.3
10891,D,Ship,4,3,188,4,medium,M,7,4024,1,Yes,53.8
10892,F,Ship,3,3,149,2,medium,F,2,5311,0,No,43.2
10893,A,Ship,4,5,167,2,low,F,7,5800,0,No,43.8
10894,B,Ship,4,2,211,3,low,M,4,5989,0,No,48.0
10895,C,Ship,3,2,248,3,medium,M,8,5171,0,No,43.5
10896,F,Ship,6,3,244,3,medium,M,4,5277,1,No,45.3
10897,D,Ship,4,1,133,4,low,F,10,5258,0,No,40.7
10898,F,Ship,4,3,242,2,low,M,9,4876,0,No,42.4
10899,A,Ship,4,1,222,2,high,M,3,5665,1,No,42.5
10900,B,Ship,2,1,229,3,medium,M,9,5075,0,No,42.6
10901,C,Ship,5,5,196,4,medium,M,8,4604,1,No,41.6
10902,F,Ship,4,4,201,2,medium,M,7,4320,0,No,44.1
10903,D,Ship,5,3,210,3,medium,M,9,5912,0,No,44.1
10904,F,Ship,3,5,241,4,low,F,9,5526,1,No,41.5
10905,A,Ship,4,2,218,2,low,M,4,4299,1,No,43.4
10906,B,Ship,2,2,210,3,medium,F,10,4324,1,No,43.4
10907,C,Ship,4,1,261,3,low,F,3,4673,1,No,43.5
10908,F,Ship,2,1,125,4,low,M,1,4097,1,No,48.6
10909,D,Ship,4,1,192,4,high,M,10,4570,1,No,40.7
10910,F,Ship,4,2,229,4,low,M,8,5385,0,No,42.0
10911,A,Ship,5,5,264,8,high,F,10,5759,1,No,42.9
10912,B,Ship,4,5,227,10,low,M,7,4403,0,No,43.8
10913,C,Ship,4,2,258,3,medium,F,9,4977,1,No,43.2
10914,F,Ship,3,2,164,4,medium,F,10,4560,1,No,40.7
10915,D,Ship,4,1,261,4,medium,F,6,4888,0,No,40.9
10916,F,Ship,4,4,220,10,medium,F,7,4598,0,No,42.5
10917,A,Ship,5,1,224,5,low,M,1,1600,0,No,48.2
10918,B,Ship,4,1,225,5,low,M,3,1488,0,No,48.4
10919,C,Ship,5,3,246,5,low,M,2,1185,0,No,48.2
10920,F,Ship,5,1,221,6,medium,F,7,1841,1,No,46.7
10921,D,Ship,4,4,257,5,medium,F,9,1869,1,No,46.4
10922,F,Ship,5,1,234,5,medium,F,9,1932,1,No,45.5
10923,A,Ship,4,4,216,6,low,M,10,1255,0,No,48.0
10924,B,Ship,5,5,221,5,low,F,3,1220,0,No,47.8
10925,C,Ship,4,2,249,5,low,M,1,1200,0,No,48.4
10926,F,Ship,5,1,240,5,low,M,10,1373,1,No,45.8
10927,D,Ship,5,3,219,5,low,F,6,1553,0,No,45.4
10928,F,Ship,5,3,219,5,low,M,7,1993,1,Yes,54.0
10929,A,Ship,3,5,278,4,medium,F,8,1785,0,Yes,54.3
10930,B,Ship,5,4,232,5,medium,M,5,1337,0,No,46.2
10931,C,Ship,4,4,253,5,low,F,2,1709,0,No,48.8
10932,F,Ship,4,3,253,5,low,M,6,1366,1,No,46.2
10933,D,Ship,4,2,261,5,low,F,8,1235,1,No,47.1
10934,F,Road,5,1,251,6,low,F,3,1562,0,No,48.3
10935,A,Road,5,4,275,5,low,M,4,1522,1,No,46.2
10936,B,Road,4,2,229,6,medium,F,5,1689,0,No,47.7
10937,C,Road,5,3,257,5,medium,M,8,1981,1,No,45.7
10938,F,Road,5,3,229,5,low,F,10,1951,0,No,45.8
10939,D,Road,4,2,255,5,medium,M,2,1186,1,No,48.5
10940,F,Road,5,4,242,5,low,F,10,1365,0,No,45.8
10941,A,Road,4,1,192,4,low,M,3,1689,0,No,49.3
10942,B,Road,5,1,218,5,medium,M,8,1651,1,No,46.2
10943,C,Road,5,1,219,6,low,F,2,1650,1,No,48.6
10944,F,Road,5,3,261,5,medium,M,10,1434,1,No,45.8
10945,D,Road,5,4,236,5,medium,F,4,1948,0,No,46.3
10946,F,Road,5,2,257,6,low,M,3,1379,1,No,48.3
10947,A,Road,4,2,252,5,medium,M,7,1134,1,No,47.2
10948,B,Road,4,1,232,5,medium,M,9,1145,0,No,46.8
10949,C,Road,5,4,229,5,low,F,3,1861,1,No,47.8
10950,F,Road,3,4,202,3,medium,M,7,1946,0,Yes,86.3
10951,D,Road,4,3,228,5,medium,M,8,1753,1,No,47.3
10952,F,Road,5,2,244,6,low,M,1,1199,0,No,47.8
10953,A,Road,5,1,260,5,low,F,3,1705,0,No,48.0
10954,B,Road,4,1,245,5,low,M,3,1496,1,No,48.4
10955,C,Road,4,1,261,3,low,F,8,5206,1,No,43.3
10956,F,Flight,2,5,125,4,low,M,5,5866,0,No,38.1
10957,D,Flight,4,3,192,4,high,M,7,4949,0,No,41.9
10958,F,Flight,4,3,229,4,low,F,7,4829,0,No,41.9
10959,A,Flight,5,2,264,8,high,M,2,5252,1,No,43.4
10960,B,Flight,4,2,227,10,low,F,10,4619,0,No,41.1
10961,C,Flight,4,4,258,3,medium,M,4,4578,0,No,43.0
10962,F,Flight,3,2,164,4,medium,M,6,5761,0,No,43.0
10963,D,Flight,4,1,261,4,medium,F,7,5600,1,No,41.9
10964,F,Flight,4,5,220,10,medium,M,8,4100,1,Yes,55.6
10965,A,Flight,5,3,224,5,low,M,5,1842,0,No,46.3
10966,B,Flight,4,3,225,5,low,M,1,1755,0,No,48.5
10967,C,Flight,5,5,246,5,low,F,6,1300,0,No,45.5
10968,F,Flight,5,4,221,6,medium,M,5,1944,0,No,46.8
10969,D,Flight,4,4,257,5,medium,F,4,1668,0,No,47.1
10970,F,Flight,5,2,234,5,medium,M,7,1524,0,No,46.2
10971,A,Flight,4,4,216,6,low,M,5,1272,0,No,47.6
10972,B,Flight,5,5,221,5,low,M,8,1718,0,No,46.2
10973,C,Flight,4,1,249,5,low,F,10,1762,1,No,47.6
10974,F,Flight,5,2,240,5,low,F,7,1923,0,No,46.0
10975,D,Flight,5,2,219,5,low,F,9,1505,0,No,45.4
10976,F,Flight,5,2,219,5,low,M,10,1276,0,No,45.9
10977,A,Flight,3,2,278,4,medium,M,9,1631,0,Yes,54.0
10978,B,Ship,5,4,232,5,medium,F,4,1561,0,No,46.2
10979,C,Ship,4,1,253,5,low,F,2,1362,0,No,48.7
10980,F,Ship,4,2,253,5,low,F,3,1086,1,No,48.3
10981,D,Ship,4,4,261,5,low,F,4,1649,1,No,47.1
10982,F,Ship,5,2,251,6,low,M,10,1196,0,No,46.9
10983,A,Ship,5,1,275,5,low,M,7,1623,1,No,46.4
10984,B,Ship,4,3,229,6,medium,M,1,1235,1,No,48.2
10985,C,Ship,5,1,257,5,medium,M,1,1102,1,No,48.1
10986,F,Ship,5,1,229,5,low,F,10,1040,1,No,47.3
10987,D,Ship,4,5,255,5,medium,M,5,1458,1,No,47.0
10988,F,Ship,5,3,242,5,low,F,10,1846,1,No,45.8
10989,A,Ship,4,3,192,4,low,F,2,1830,0,No,49.2
10990,B,Ship,5,1,218,5,medium,F,9,1603,0,No,45.6
10991,C,Ship,5,4,219,6,low,M,3,1098,0,No,48.2
10992,F,Ship,5,2,261,5,medium,M,9,1227,1,No,45.8
10993,D,Ship,5,1,236,5,medium,M,3,1906,0,No,47.6
10994,F,Ship,5,1,257,6,low,F,1,1150,0,No,47.8
10995,A,Ship,4,1,252,5,medium,F,1,1538,1,No,48.5
10996,B,Ship,4,1,232,5,medium,F,6,1247,0,No,46.2
10997,C,Ship,5,4,242,5,low,F,4,1155,0,No,46.3
10998,F,Ship,5,2,223,6,medium,M,2,1210,0,No,48.5
10999,D,Ship,2,5,155,5,low,F,6,1639,0,Yes,53.4
